[
    {
        "href": "https://imgflip.com/i/79gdkb",
        "imgsrc": "https://i.imgflip.com/79gdkb.jpg",
        "noisy": false,
        "tags": [
            "they are the same picture",
            "youtube",
            "funny memes",
            "removing dislikes",
            "why",
            "embarrassing"
        ],
        "Meme Title": "They are the same picture",
        "filename": "79gdkb.jpg"
    },
    {
        "href": "https://imgflip.com/i/795s1z",
        "imgsrc": "https://i.imgflip.com/795s1z.jpg",
        "noisy": false,
        "tags": [
            "they are the same picture"
        ],
        "Meme Title": "why must you hurt me in this way..",
        "filename": "795s1z.jpg"
    },
    {
        "href": "https://imgflip.com/i/76iavh",
        "imgsrc": "https://i.imgflip.com/76iavh.jpg",
        "noisy": false,
        "tags": [
            "they are the same picture"
        ],
        "Meme Title": "They are the same picture",
        "filename": "76iavh.jpg"
    },
    {
        "href": "https://imgflip.com/i/76rflj",
        "imgsrc": "https://i.imgflip.com/76rflj.jpg",
        "noisy": false,
        "tags": [
            "they are the same picture"
        ],
        "Meme Title": "Ohio",
        "filename": "76rflj.jpg"
    },
    {
        "href": "https://imgflip.com/i/76bq7t",
        "imgsrc": "https://i.imgflip.com/76bq7t.jpg",
        "noisy": false,
        "tags": [
            "they are the same picture",
            "funny"
        ],
        "Meme Title": "They are the same picture",
        "filename": "76bq7t.jpg"
    },
    {
        "href": "https://imgflip.com/i/78e1hx",
        "imgsrc": "https://i.imgflip.com/78e1hx.jpg",
        "noisy": false,
        "tags": [
            "they are the same picture",
            "seagull"
        ],
        "Meme Title": "They are the same picture",
        "filename": "78e1hx.jpg"
    },
    {
        "href": "https://imgflip.com/i/76vwke",
        "imgsrc": "https://i.imgflip.com/76vwke.jpg",
        "noisy": false,
        "tags": [
            "they are the same picture"
        ],
        "Meme Title": "They are the same picture",
        "filename": "76vwke.jpg"
    },
    {
        "href": "https://imgflip.com/i/6vukk8",
        "imgsrc": "https://i.imgflip.com/6vukk8.jpg",
        "noisy": false,
        "tags": [
            "they are the same picture",
            "marvel",
            "spiderman",
            "no way home",
            "memes",
            "blues clues"
        ],
        "Meme Title": "3 and 3",
        "filename": "6vukk8.jpg"
    },
    {
        "href": "https://imgflip.com/i/72hdbu",
        "imgsrc": "https://i.imgflip.com/72hdbu.jpg",
        "noisy": false,
        "tags": [
            "they are the same picture"
        ],
        "Meme Title": "They are the same picture",
        "filename": "72hdbu.jpg"
    },
    {
        "href": "https://imgflip.com/i/75xsbc",
        "imgsrc": "https://i.imgflip.com/75xsbc.jpg",
        "noisy": false,
        "tags": [
            "they are the same picture",
            "high school"
        ],
        "Meme Title": "Early Decisions vs Regular Decisions",
        "filename": "75xsbc.jpg"
    },
    {
        "href": "https://imgflip.com/i/6zhbkr",
        "imgsrc": "https://i.imgflip.com/6zhbkr.jpg",
        "noisy": false,
        "tags": [
            "they are the same picture"
        ],
        "Meme Title": "They are practically the same in spelling and pronunciation",
        "filename": "6zhbkr.jpg"
    },
    {
        "href": "https://imgflip.com/i/6c8rf8",
        "imgsrc": "https://i.imgflip.com/6c8rf8.jpg",
        "noisy": false,
        "tags": [
            "they are the same picture"
        ],
        "Meme Title": "meme",
        "filename": "6c8rf8.jpg"
    },
    {
        "href": "https://imgflip.com/i/6xa737",
        "imgsrc": "https://i.imgflip.com/6xa737.jpg",
        "noisy": false,
        "tags": [
            "they are the same picture",
            "memes",
            "funny",
            "lol so funny",
            "facts",
            "fun"
        ],
        "Meme Title": "They are the same picture",
        "filename": "6xa737.jpg"
    },
    {
        "href": "https://imgflip.com/i/72gbng",
        "imgsrc": "https://i.imgflip.com/72gbng.jpg",
        "noisy": false,
        "tags": [
            "they are the same picture"
        ],
        "Meme Title": "Foodcourt",
        "filename": "72gbng.jpg"
    },
    {
        "href": "https://imgflip.com/i/6yvllk",
        "imgsrc": "https://i.imgflip.com/6yvllk.jpg",
        "noisy": false,
        "tags": [
            "they are the same picture",
            "spirit halloween",
            "halloween is coming",
            "spooky month"
        ],
        "Meme Title": "30th or 31st?",
        "filename": "6yvllk.jpg"
    },
    {
        "href": "https://imgflip.com/i/6stiyk",
        "imgsrc": "https://i.imgflip.com/6stiyk.jpg",
        "noisy": false,
        "tags": [
            "they are the same picture",
            "mha",
            "sasuke",
            "naruto shippuden",
            "tamaki"
        ],
        "Meme Title": "They are the same picture",
        "filename": "6stiyk.jpg"
    },
    {
        "href": "https://imgflip.com/i/6vx1th",
        "imgsrc": "https://i.imgflip.com/6vx1th.jpg",
        "noisy": false,
        "tags": [
            "they are the same picture"
        ],
        "Meme Title": "They are the same picture",
        "filename": "6vx1th.jpg"
    },
    {
        "href": "https://imgflip.com/i/6y3af7",
        "imgsrc": "https://i.imgflip.com/6y3af7.jpg",
        "noisy": false,
        "tags": [
            "they are the same picture"
        ],
        "Meme Title": "My teacher said this during class",
        "filename": "6y3af7.jpg"
    },
    {
        "href": "https://imgflip.com/i/5ja8wq",
        "imgsrc": "https://i.imgflip.com/5ja8wq.jpg",
        "noisy": false,
        "tags": [
            "they are the same picture",
            "mom",
            "dad"
        ],
        "Meme Title": "Haha I don't have to deal with this now that I'm grown",
        "filename": "5ja8wq.jpg"
    },
    {
        "href": "https://imgflip.com/i/6d9yby",
        "imgsrc": "https://i.imgflip.com/6d9yby.jpg",
        "noisy": false,
        "tags": [
            "they are the same picture",
            "anti anime",
            "anime"
        ],
        "Meme Title": "anime is garbage",
        "filename": "6d9yby.jpg"
    },
    {
        "href": "https://imgflip.com/i/6se4hw",
        "imgsrc": "https://i.imgflip.com/6se4hw.jpg",
        "noisy": false,
        "tags": [
            "they are the same picture"
        ],
        "Meme Title": "They are the same picture",
        "filename": "6se4hw.jpg"
    },
    {
        "href": "https://imgflip.com/i/5z5bk1",
        "imgsrc": "https://i.imgflip.com/5z5bk1.jpg",
        "noisy": false,
        "tags": [
            "they are the same picture",
            "anime",
            "demon slayer"
        ],
        "Meme Title": "I see no difference",
        "filename": "5z5bk1.jpg"
    },
    {
        "href": "https://imgflip.com/i/67dzt6",
        "imgsrc": "https://i.imgflip.com/67dzt6.jpg",
        "noisy": false,
        "tags": [
            "they are the same picture"
        ],
        "Meme Title": "They are the same picture",
        "filename": "67dzt6.jpg"
    },
    {
        "href": "https://imgflip.com/i/6o1xw1",
        "imgsrc": "https://i.imgflip.com/6o1xw1.jpg",
        "noisy": false,
        "tags": [
            "they are the same picture"
        ],
        "Meme Title": "mr beast has 100million subscribers according to the world",
        "filename": "6o1xw1.jpg"
    },
    {
        "href": "https://imgflip.com/i/68opls",
        "imgsrc": "https://i.imgflip.com/68opls.jpg",
        "noisy": false,
        "tags": [
            "they are the same picture"
        ],
        "Meme Title": "can u relate?",
        "filename": "68opls.jpg"
    },
    {
        "href": "https://imgflip.com/i/4t8lrd",
        "imgsrc": "https://i.imgflip.com/4t8lrd.jpg",
        "noisy": false,
        "tags": [
            "memes",
            "they are the same picture"
        ],
        "Meme Title": "They are the same picture",
        "filename": "4t8lrd.jpg"
    },
    {
        "href": "https://imgflip.com/i/50mpu9",
        "imgsrc": "https://i.imgflip.com/50mpu9.jpg",
        "noisy": false,
        "tags": [
            "they are the same picture",
            "wandavision",
            "captain america",
            "memes",
            "funny memes",
            "funny"
        ],
        "Meme Title": "I see no difference",
        "filename": "50mpu9.jpg"
    },
    {
        "href": "https://imgflip.com/i/6tch5r",
        "imgsrc": "https://i.imgflip.com/6tch5r.jpg",
        "noisy": false,
        "tags": [
            "they are the same picture"
        ],
        "Meme Title": "They are the same picture",
        "filename": "6tch5r.jpg"
    },
    {
        "href": "https://imgflip.com/i/5yg3qg",
        "imgsrc": "https://i.imgflip.com/5yg3qg.jpg",
        "noisy": false,
        "tags": [
            "they are the same picture"
        ],
        "Meme Title": "They are the same picture",
        "filename": "5yg3qg.jpg"
    },
    {
        "href": "https://imgflip.com/i/6ftj6t",
        "imgsrc": "https://i.imgflip.com/6ftj6t.jpg",
        "noisy": false,
        "tags": [
            "they are the same picture",
            "spiderman"
        ],
        "Meme Title": "is so similar lol",
        "filename": "6ftj6t.jpg"
    },
    {
        "href": "https://imgflip.com/i/6f028m",
        "imgsrc": "https://i.imgflip.com/6f028m.jpg",
        "noisy": false,
        "tags": [
            "they are the same picture",
            "romania",
            "chad"
        ],
        "Meme Title": "european african",
        "filename": "6f028m.jpg"
    },
    {
        "href": "https://imgflip.com/i/5qlf2k",
        "imgsrc": "https://i.imgflip.com/5qlf2k.jpg",
        "noisy": false,
        "tags": [
            "they are the same picture",
            "peta",
            "meme",
            "memes"
        ],
        "Meme Title": "Why does Peta have to be so mean when it comes to meat eaters?",
        "filename": "5qlf2k.jpg"
    },
    {
        "href": "https://imgflip.com/i/681yc5",
        "imgsrc": "https://i.imgflip.com/681yc5.jpg",
        "noisy": false,
        "tags": [
            "they are the same picture",
            "amogus",
            "teletubbies"
        ],
        "Meme Title": "wait what???",
        "filename": "681yc5.jpg"
    },
    {
        "href": "https://imgflip.com/i/51ud56",
        "imgsrc": "https://i.imgflip.com/51ud56.jpg",
        "noisy": false,
        "tags": [
            "memes",
            "they are the same picture",
            "they're the same picture",
            "minecraft",
            "nether",
            "netherlands"
        ],
        "Meme Title": "They are the same picture",
        "filename": "51ud56.jpg"
    },
    {
        "href": "https://imgflip.com/i/4vgefw",
        "imgsrc": "https://i.imgflip.com/4vgefw.jpg",
        "noisy": false,
        "tags": [
            "they are the same picture",
            "undertale",
            "mlp",
            "dreamtale"
        ],
        "Meme Title": "Its true, change my mind",
        "filename": "4vgefw.jpg"
    },
    {
        "href": "https://imgflip.com/i/6bpxdz",
        "imgsrc": "https://i.imgflip.com/6bpxdz.jpg",
        "noisy": false,
        "tags": [
            "they are the same picture"
        ],
        "Meme Title": "I am not a trader!",
        "filename": "6bpxdz.jpg"
    },
    {
        "href": "https://imgflip.com/i/5rd8vd",
        "imgsrc": "https://i.imgflip.com/5rd8vd.jpg",
        "noisy": false,
        "tags": [
            "they are the same picture"
        ],
        "Meme Title": "They are the same picture",
        "filename": "5rd8vd.jpg"
    },
    {
        "href": "https://imgflip.com/i/6hkpka",
        "imgsrc": "https://i.imgflip.com/6hkpka.jpg",
        "noisy": false,
        "tags": [
            "they are the same picture"
        ],
        "Meme Title": "They are the same",
        "filename": "6hkpka.jpg"
    },
    {
        "href": "https://imgflip.com/i/56acm1",
        "imgsrc": "https://i.imgflip.com/56acm1.jpg",
        "noisy": false,
        "tags": [
            "they are the same picture",
            "danganronpa",
            "your turn to die"
        ],
        "Meme Title": "I'm gonna get attacked-",
        "filename": "56acm1.jpg"
    },
    {
        "href": "https://imgflip.com/i/69per9",
        "imgsrc": "https://i.imgflip.com/69per9.jpg",
        "noisy": false,
        "tags": [
            "they are the same picture",
            "time4learning",
            "abc mouse",
            "homeschool",
            "memes",
            "funny"
        ],
        "Meme Title": "The one on the right looks cursed",
        "filename": "69per9.jpg"
    },
    {
        "href": "https://imgflip.com/i/638u1z",
        "imgsrc": "https://i.imgflip.com/638u1z.jpg",
        "noisy": false,
        "tags": [
            "they are the same picture",
            "bed",
            "trampoline",
            "memes",
            "funny memes"
        ],
        "Meme Title": "9y/o me",
        "filename": "638u1z.jpg"
    },
    {
        "href": "https://imgflip.com/i/4q1wnt",
        "imgsrc": "https://i.imgflip.com/4q1wnt.jpg",
        "noisy": false,
        "tags": [
            "they are the same picture",
            "avatar the last airbender",
            "percy jackson"
        ],
        "Meme Title": "They are the same picture",
        "filename": "4q1wnt.jpg"
    },
    {
        "href": "https://imgflip.com/i/5w271p",
        "imgsrc": "https://i.imgflip.com/5w271p.jpg",
        "noisy": false,
        "tags": [
            "they are the same picture",
            "tiky",
            "fnf"
        ],
        "Meme Title": "T I K Y T H E C L O W N",
        "filename": "5w271p.jpg"
    },
    {
        "href": "https://imgflip.com/i/5sw5bw",
        "imgsrc": "https://i.imgflip.com/5sw5bw.jpg",
        "noisy": false,
        "tags": [
            "they are the same picture",
            "economics"
        ],
        "Meme Title": "Opportunity cost meme",
        "filename": "5sw5bw.jpg"
    },
    {
        "href": "https://imgflip.com/i/5qp7wb",
        "imgsrc": "https://i.imgflip.com/5qp7wb.jpg",
        "noisy": false,
        "tags": [
            "they are the same picture"
        ],
        "Meme Title": "What you see in the ads and what you get",
        "filename": "5qp7wb.jpg"
    },
    {
        "href": "https://imgflip.com/i/67i1o3",
        "imgsrc": "https://i.imgflip.com/67i1o3.jpg",
        "noisy": false,
        "tags": [
            "they are the same picture",
            "snk",
            "aot",
            "eren jaeger",
            "manga",
            "literature"
        ],
        "Meme Title": "Snk\u2019s ending was classic",
        "filename": "67i1o3.jpg"
    },
    {
        "href": "https://imgflip.com/i/5tkfn5",
        "imgsrc": "https://i.imgflip.com/5tkfn5.jpg",
        "noisy": false,
        "tags": [
            "they are the same picture",
            "buzz lightyear",
            "winnie the pooh",
            "memes"
        ],
        "Meme Title": "They are the same picture",
        "filename": "5tkfn5.jpg"
    },
    {
        "href": "https://imgflip.com/i/6dj2ke",
        "imgsrc": "https://i.imgflip.com/6dj2ke.jpg",
        "noisy": false,
        "tags": [
            "they are the same picture"
        ],
        "Meme Title": "They are the same picture",
        "filename": "6dj2ke.jpg"
    },
    {
        "href": "https://imgflip.com/i/59f8zh",
        "imgsrc": "https://i.imgflip.com/59f8zh.jpg",
        "noisy": false,
        "tags": [
            "they are the same picture",
            "or is it"
        ],
        "Meme Title": "An up vote OR IS IT?",
        "filename": "59f8zh.jpg"
    },
    {
        "href": "https://imgflip.com/i/4ykebl",
        "imgsrc": "https://i.imgflip.com/4ykebl.jpg",
        "noisy": false,
        "tags": [
            "they are the same picture",
            "among us",
            "online dating",
            "online gaming",
            "tinder"
        ],
        "Meme Title": "They are the same picture",
        "filename": "4ykebl.jpg"
    },
    {
        "href": "https://imgflip.com/i/63hahv",
        "imgsrc": "https://i.imgflip.com/63hahv.jpg",
        "noisy": false,
        "tags": [
            "they are the same picture"
        ],
        "Meme Title": "dont stop posting about amogus!",
        "filename": "63hahv.jpg"
    },
    {
        "href": "https://imgflip.com/i/5q5hcw",
        "imgsrc": "https://i.imgflip.com/5q5hcw.jpg",
        "noisy": false,
        "tags": [
            "they are the same picture"
        ],
        "Meme Title": "Roblox moderation sucks",
        "filename": "5q5hcw.jpg"
    },
    {
        "href": "https://imgflip.com/i/5o3ouw",
        "imgsrc": "https://i.imgflip.com/5o3ouw.jpg",
        "noisy": false,
        "tags": [
            "they are the same picture",
            "social media",
            "meanwhile on imgflip",
            "translation fail",
            "socially awkward",
            "cia"
        ],
        "Meme Title": "My www: our www",
        "filename": "5o3ouw.jpg"
    },
    {
        "href": "https://imgflip.com/i/69vlq6",
        "imgsrc": "https://i.imgflip.com/69vlq6.jpg",
        "noisy": false,
        "tags": [
            "they are the same picture"
        ],
        "Meme Title": "They are the same picture",
        "filename": "69vlq6.jpg"
    },
    {
        "href": "https://imgflip.com/i/67dawd",
        "imgsrc": "https://i.imgflip.com/67dawd.jpg",
        "noisy": false,
        "tags": [
            "they are the same picture"
        ],
        "Meme Title": "They are the same picture",
        "filename": "67dawd.jpg"
    },
    {
        "href": "https://imgflip.com/i/5tt4zn",
        "imgsrc": "https://i.imgflip.com/5tt4zn.jpg",
        "noisy": false,
        "tags": [
            "they are the same picture",
            "non-binary"
        ],
        "Meme Title": "This Is so True",
        "filename": "5tt4zn.jpg"
    },
    {
        "href": "https://imgflip.com/i/4mhs8e",
        "imgsrc": "https://i.imgflip.com/4mhs8e.jpg",
        "noisy": false,
        "tags": [
            "they are the same picture",
            "memes",
            "small parts",
            "food",
            "baby crying"
        ],
        "Meme Title": "They're the same picture",
        "filename": "4mhs8e.jpg"
    },
    {
        "href": "https://imgflip.com/i/5mwvok",
        "imgsrc": "https://i.imgflip.com/5mwvok.jpg",
        "noisy": false,
        "tags": [
            "they are the same picture",
            "united nations",
            "third world",
            "philosophy",
            "europe",
            "misunderstanding"
        ],
        "Meme Title": "The round table & mass printing",
        "filename": "5mwvok.jpg"
    },
    {
        "href": "https://imgflip.com/i/4tea9e",
        "imgsrc": "https://i.imgflip.com/4tea9e.jpg",
        "noisy": false,
        "tags": [
            "they are the same picture"
        ],
        "Meme Title": "SCHOOL IS THE WORST",
        "filename": "4tea9e.jpg"
    },
    {
        "href": "https://imgflip.com/i/5qkeft",
        "imgsrc": "https://i.imgflip.com/5qkeft.jpg",
        "noisy": false,
        "tags": [
            "they are the same picture"
        ],
        "Meme Title": "Sprite",
        "filename": "5qkeft.jpg"
    },
    {
        "href": "https://imgflip.com/i/3wdrqi",
        "imgsrc": "https://i.imgflip.com/3wdrqi.jpg",
        "noisy": false,
        "tags": [
            "they are the same picture",
            "grenade",
            "water",
            "i too like to live dangerously"
        ],
        "Meme Title": "They are the same picture",
        "filename": "3wdrqi.jpg"
    },
    {
        "href": "https://imgflip.com/i/5a7zzc",
        "imgsrc": "https://i.imgflip.com/5a7zzc.jpg",
        "noisy": false,
        "tags": [
            "they are the same picture",
            "invisible",
            "the invisible man",
            "john cena",
            "drax",
            "you can't see me"
        ],
        "Meme Title": "They are the same picture",
        "filename": "5a7zzc.jpg"
    },
    {
        "href": "https://imgflip.com/i/4ww7ve",
        "imgsrc": "https://i.imgflip.com/4ww7ve.jpg",
        "noisy": false,
        "tags": [
            "they are the same picture",
            "gaming",
            "online dating"
        ],
        "Meme Title": "They are the same picture",
        "filename": "4ww7ve.jpg"
    },
    {
        "href": "https://imgflip.com/i/672mvq",
        "imgsrc": "https://i.imgflip.com/672mvq.jpg",
        "noisy": false,
        "tags": [
            "they are the same picture",
            "school"
        ],
        "Meme Title": "Runing VS speed walking",
        "filename": "672mvq.jpg"
    },
    {
        "href": "https://imgflip.com/i/5xvz9s",
        "imgsrc": "https://i.imgflip.com/5xvz9s.jpg",
        "noisy": false,
        "tags": [
            "they are the same picture",
            "language"
        ],
        "Meme Title": "It feels like when it comes time for language in films, they aren't much different",
        "filename": "5xvz9s.jpg"
    },
    {
        "href": "https://imgflip.com/i/6645kc",
        "imgsrc": "https://i.imgflip.com/6645kc.jpg",
        "noisy": false,
        "tags": [
            "they are the same picture"
        ],
        "Meme Title": "they are the same pic",
        "filename": "6645kc.jpg"
    },
    {
        "href": "https://imgflip.com/i/5mrr1f",
        "imgsrc": "https://i.imgflip.com/5mrr1f.jpg",
        "noisy": false,
        "tags": [
            "they are the same picture",
            "coronavirus",
            "home",
            "lockdown",
            "memes"
        ],
        "Meme Title": "Honestly, it feels like the same day over and over again to TT^TT",
        "filename": "5mrr1f.jpg"
    },
    {
        "href": "https://imgflip.com/i/631wu4",
        "imgsrc": "https://i.imgflip.com/631wu4.jpg",
        "noisy": false,
        "tags": [
            "they are the same picture"
        ],
        "Meme Title": "They are the same picture",
        "filename": "631wu4.jpg"
    },
    {
        "href": "https://imgflip.com/i/5w7ox1",
        "imgsrc": "https://i.imgflip.com/5w7ox1.jpg",
        "noisy": false,
        "tags": [
            "they are the same picture"
        ],
        "Meme Title": "They are the same picture",
        "filename": "5w7ox1.jpg"
    },
    {
        "href": "https://imgflip.com/i/5w1n50",
        "imgsrc": "https://i.imgflip.com/5w1n50.jpg",
        "noisy": false,
        "tags": [
            "they are the same picture"
        ],
        "Meme Title": "the what",
        "filename": "5w1n50.jpg"
    },
    {
        "href": "https://imgflip.com/i/4yamw6",
        "imgsrc": "https://i.imgflip.com/4yamw6.jpg",
        "noisy": false,
        "tags": [
            "they are the same picture"
        ],
        "Meme Title": "They are the same picture",
        "filename": "4yamw6.jpg"
    },
    {
        "href": "https://imgflip.com/i/5uyrea",
        "imgsrc": "https://i.imgflip.com/5uyrea.jpg",
        "noisy": false,
        "tags": [
            "they are the same picture"
        ],
        "Meme Title": "Jojo",
        "filename": "5uyrea.jpg"
    },
    {
        "href": "https://imgflip.com/i/50fuim",
        "imgsrc": "https://i.imgflip.com/50fuim.jpg",
        "noisy": false,
        "tags": [
            "they are the same picture"
        ],
        "Meme Title": "Real.",
        "filename": "50fuim.jpg"
    },
    {
        "href": "https://imgflip.com/i/6dwd9g",
        "imgsrc": "https://i.imgflip.com/6dwd9g.jpg",
        "noisy": false,
        "tags": [
            "they are the same picture"
        ],
        "Meme Title": "They are the same picture",
        "filename": "6dwd9g.jpg"
    },
    {
        "href": "https://imgflip.com/i/62zshf",
        "imgsrc": "https://i.imgflip.com/62zshf.jpg",
        "noisy": false,
        "tags": [
            "they are the same picture"
        ],
        "Meme Title": "you can't tell me otherwise these people are the same person",
        "filename": "62zshf.jpg"
    },
    {
        "href": "https://imgflip.com/i/5a817q",
        "imgsrc": "https://i.imgflip.com/5a817q.jpg",
        "noisy": false,
        "tags": [
            "they are the same picture",
            "birds",
            "poop",
            "toilet",
            "car",
            "bench"
        ],
        "Meme Title": "bird poops everywhere",
        "filename": "5a817q.jpg"
    },
    {
        "href": "https://imgflip.com/i/6f976u",
        "imgsrc": "https://i.imgflip.com/6f976u.jpg",
        "noisy": false,
        "tags": [
            "they are the same picture"
        ],
        "Meme Title": "They are the same picture",
        "filename": "6f976u.jpg"
    },
    {
        "href": "https://imgflip.com/i/5a9225",
        "imgsrc": "https://i.imgflip.com/5a9225.jpg",
        "noisy": false,
        "tags": [
            "they are the same picture"
        ],
        "Meme Title": "They are the same picture",
        "filename": "5a9225.jpg"
    },
    {
        "href": "https://imgflip.com/i/5fj31o",
        "imgsrc": "https://i.imgflip.com/5fj31o.jpg",
        "noisy": false,
        "tags": [
            "they are the same picture",
            "homework"
        ],
        "Meme Title": "They are the same picture!!!",
        "filename": "5fj31o.jpg"
    },
    {
        "href": "https://imgflip.com/i/6texr1",
        "imgsrc": "https://i.imgflip.com/6texr1.jpg",
        "noisy": false,
        "tags": [
            "they are the same picture"
        ],
        "Meme Title": "lol it is true my friend has a niece",
        "filename": "6texr1.jpg"
    },
    {
        "href": "https://imgflip.com/i/4hy1g9",
        "imgsrc": "https://i.imgflip.com/4hy1g9.jpg",
        "noisy": false,
        "tags": [
            "they are the same picture"
        ],
        "Meme Title": "They are the same picture",
        "filename": "4hy1g9.jpg"
    },
    {
        "href": "https://imgflip.com/i/4y296l",
        "imgsrc": "https://i.imgflip.com/4y296l.jpg",
        "noisy": false,
        "tags": [
            "they are the same picture"
        ],
        "Meme Title": "this is the same pic?",
        "filename": "4y296l.jpg"
    },
    {
        "href": "https://imgflip.com/i/69o9ei",
        "imgsrc": "https://i.imgflip.com/69o9ei.jpg",
        "noisy": false,
        "tags": [
            "they are the same picture",
            "sonic movie",
            "knuckles",
            "meme",
            "winter soldier",
            "marvel"
        ],
        "Meme Title": "Oh Great The Winter Soldier",
        "filename": "69o9ei.jpg"
    },
    {
        "href": "https://imgflip.com/i/4mbdsv",
        "imgsrc": "https://i.imgflip.com/4mbdsv.jpg",
        "noisy": false,
        "tags": [
            "they are the same picture"
        ],
        "Meme Title": "Little red riding hood",
        "filename": "4mbdsv.jpg"
    },
    {
        "href": "https://imgflip.com/i/4nukrz",
        "imgsrc": "https://i.imgflip.com/4nukrz.jpg",
        "noisy": false,
        "tags": [
            "they are the same picture",
            "among us",
            "pink",
            "gru"
        ],
        "Meme Title": "gru vs pink sus",
        "filename": "4nukrz.jpg"
    },
    {
        "href": "https://imgflip.com/i/50ypz3",
        "imgsrc": "https://i.imgflip.com/50ypz3.jpg",
        "noisy": false,
        "tags": [
            "they are the same picture",
            "cringe",
            "grubhub"
        ],
        "Meme Title": "They are the same picture",
        "filename": "50ypz3.jpg"
    },
    {
        "href": "https://imgflip.com/i/4jiot8",
        "imgsrc": "https://i.imgflip.com/4jiot8.jpg",
        "noisy": false,
        "tags": [
            "they are the same picture"
        ],
        "Meme Title": "They are the same picture",
        "filename": "4jiot8.jpg"
    },
    {
        "href": "https://imgflip.com/i/4toqt7",
        "imgsrc": "https://i.imgflip.com/4toqt7.jpg",
        "noisy": false,
        "tags": [
            "they are the same picture"
        ],
        "Meme Title": "They are the same picture",
        "filename": "4toqt7.jpg"
    },
    {
        "href": "https://imgflip.com/i/4v2ip3",
        "imgsrc": "https://i.imgflip.com/4v2ip3.jpg",
        "noisy": false,
        "tags": [
            "they are the same picture"
        ],
        "Meme Title": "Dani's vr helmet",
        "filename": "4v2ip3.jpg"
    },
    {
        "href": "https://imgflip.com/i/6am951",
        "imgsrc": "https://i.imgflip.com/6am951.jpg",
        "noisy": false,
        "tags": [
            "they are the same picture",
            "batman slaps robin",
            "will slaps chris",
            "meme",
            "funny",
            "template"
        ],
        "Meme Title": "Hmm...",
        "filename": "6am951.jpg"
    },
    {
        "href": "https://imgflip.com/i/6afxe2",
        "imgsrc": "https://i.imgflip.com/6afxe2.jpg",
        "noisy": false,
        "tags": [
            "they are the same picture"
        ],
        "Meme Title": "when billy says videogames suck",
        "filename": "6afxe2.jpg"
    },
    {
        "href": "https://imgflip.com/i/6698re",
        "imgsrc": "https://i.imgflip.com/6698re.jpg",
        "noisy": false,
        "tags": [
            "they are the same picture",
            "eren jaeger",
            "snk",
            "anime",
            "simp",
            "chad"
        ],
        "Meme Title": "Eren is a man of many layers",
        "filename": "6698re.jpg"
    },
    {
        "href": "https://imgflip.com/i/5grsh9",
        "imgsrc": "https://i.imgflip.com/5grsh9.jpg",
        "noisy": false,
        "tags": [
            "they are the same picture",
            "memes"
        ],
        "Meme Title": "Lol boss hog is probably ethnically greek",
        "filename": "5grsh9.jpg"
    },
    {
        "href": "https://imgflip.com/i/4mnd3n",
        "imgsrc": "https://i.imgflip.com/4mnd3n.jpg",
        "noisy": false,
        "tags": [
            "they are the same picture"
        ],
        "Meme Title": "Every. Damn. Time.",
        "filename": "4mnd3n.jpg"
    },
    {
        "href": "https://imgflip.com/i/42rplg",
        "imgsrc": "https://i.imgflip.com/42rplg.jpg",
        "noisy": false,
        "tags": [
            "they are the same picture",
            "tik tok",
            "die"
        ],
        "Meme Title": "Die Tik Tok",
        "filename": "42rplg.jpg"
    },
    {
        "href": "https://imgflip.com/i/5r6clm",
        "imgsrc": "https://i.imgflip.com/5r6clm.jpg",
        "noisy": false,
        "tags": [
            "they are the same picture"
        ],
        "Meme Title": "They are the same picture",
        "filename": "5r6clm.jpg"
    },
    {
        "href": "https://imgflip.com/i/67onuq",
        "imgsrc": "https://i.imgflip.com/67onuq.jpg",
        "noisy": false,
        "tags": [
            "they are the same picture"
        ],
        "Meme Title": "I have no idea why I have 2 teachers named Dina.",
        "filename": "67onuq.jpg"
    },
    {
        "href": "https://imgflip.com/i/4kqhqz",
        "imgsrc": "https://i.imgflip.com/4kqhqz.jpg",
        "noisy": false,
        "tags": [
            "they are the same picture"
        ],
        "Meme Title": "Beans",
        "filename": "4kqhqz.jpg"
    },
    {
        "href": "https://imgflip.com/i/4zlglu",
        "imgsrc": "https://i.imgflip.com/4zlglu.jpg",
        "noisy": false,
        "tags": [
            "they are the same picture",
            "memes",
            "funny"
        ],
        "Meme Title": "THEY ARE BOTH THE SAME",
        "filename": "4zlglu.jpg"
    },
    {
        "href": "https://imgflip.com/i/4kijj2",
        "imgsrc": "https://i.imgflip.com/4kijj2.jpg",
        "noisy": false,
        "tags": [
            "they are the same picture"
        ],
        "Meme Title": "Day R players will get it",
        "filename": "4kijj2.jpg"
    },
    {
        "href": "https://imgflip.com/i/675o9h",
        "imgsrc": "https://i.imgflip.com/675o9h.jpg",
        "noisy": false,
        "tags": [
            "they are the same picture",
            "good omens",
            "daredevil"
        ],
        "Meme Title": "But am I wrong",
        "filename": "675o9h.jpg"
    },
    {
        "href": "https://imgflip.com/i/5pqjii",
        "imgsrc": "https://i.imgflip.com/5pqjii.jpg",
        "noisy": false,
        "tags": [
            "they are the same picture"
        ],
        "Meme Title": "F1",
        "filename": "5pqjii.jpg"
    },
    {
        "href": "https://imgflip.com/i/5ce45v",
        "imgsrc": "https://i.imgflip.com/5ce45v.jpg",
        "noisy": false,
        "tags": [
            "they are the same picture"
        ],
        "Meme Title": "They are the same picture",
        "filename": "5ce45v.jpg"
    },
    {
        "href": "https://imgflip.com/i/4toqij",
        "imgsrc": "https://i.imgflip.com/4toqij.jpg",
        "noisy": false,
        "tags": [
            "they are the same picture"
        ],
        "Meme Title": "Aren't these the same thing?",
        "filename": "4toqij.jpg"
    },
    {
        "href": "https://imgflip.com/i/656yx8",
        "imgsrc": "https://i.imgflip.com/656yx8.jpg",
        "noisy": false,
        "tags": [
            "they are the same picture",
            "snoop dogg",
            "doge"
        ],
        "Meme Title": "snoop doge vs snoop dogg",
        "filename": "656yx8.jpg"
    },
    {
        "href": "https://imgflip.com/i/653x2p",
        "imgsrc": "https://i.imgflip.com/653x2p.jpg",
        "noisy": false,
        "tags": [
            "they are the same picture"
        ],
        "Meme Title": "NFTs have the value of dirt",
        "filename": "653x2p.jpg"
    },
    {
        "href": "https://imgflip.com/i/64ud0w",
        "imgsrc": "https://i.imgflip.com/64ud0w.jpg",
        "noisy": false,
        "tags": [
            "they are the same picture"
        ],
        "Meme Title": "They are the same picture",
        "filename": "64ud0w.jpg"
    },
    {
        "href": "https://imgflip.com/i/6pa2de",
        "imgsrc": "https://i.imgflip.com/6pa2de.jpg",
        "noisy": false,
        "tags": [
            "they are the same picture",
            "parrot",
            "conure",
            "caquie"
        ],
        "Meme Title": "conures and caquies are the same bro-",
        "filename": "6pa2de.jpg"
    },
    {
        "href": "https://imgflip.com/i/4mdxvc",
        "imgsrc": "https://i.imgflip.com/4mdxvc.jpg",
        "noisy": false,
        "tags": [
            "they are the same picture"
        ],
        "Meme Title": "i cant find a title",
        "filename": "4mdxvc.jpg"
    },
    {
        "href": "https://imgflip.com/i/62sfjv",
        "imgsrc": "https://i.imgflip.com/62sfjv.jpg",
        "noisy": false,
        "tags": [
            "they are the same picture"
        ],
        "Meme Title": "da bomb",
        "filename": "62sfjv.jpg"
    },
    {
        "href": "https://imgflip.com/i/4qrb7t",
        "imgsrc": "https://i.imgflip.com/4qrb7t.jpg",
        "noisy": false,
        "tags": [
            "they are the same picture"
        ],
        "Meme Title": "They are the same picture",
        "filename": "4qrb7t.jpg"
    },
    {
        "href": "https://imgflip.com/i/4cdaww",
        "imgsrc": "https://i.imgflip.com/4cdaww.jpg",
        "noisy": false,
        "tags": [
            "they are the same picture"
        ],
        "Meme Title": "They are the same picture",
        "filename": "4cdaww.jpg"
    },
    {
        "href": "https://imgflip.com/i/4wocf7",
        "imgsrc": "https://i.imgflip.com/4wocf7.jpg",
        "noisy": false,
        "tags": [
            "they are the same picture"
        ],
        "Meme Title": "They are the same picture",
        "filename": "4wocf7.jpg"
    },
    {
        "href": "https://imgflip.com/i/4b2w8d",
        "imgsrc": "https://i.imgflip.com/4b2w8d.jpg",
        "noisy": false,
        "tags": [
            "they are the same picture"
        ],
        "Meme Title": "They are the same picture",
        "filename": "4b2w8d.jpg"
    },
    {
        "href": "https://imgflip.com/i/4lqur3",
        "imgsrc": "https://i.imgflip.com/4lqur3.jpg",
        "noisy": false,
        "tags": [
            "they are the same picture"
        ],
        "Meme Title": "Wait, are they the same",
        "filename": "4lqur3.jpg"
    },
    {
        "href": "https://imgflip.com/i/5du79g",
        "imgsrc": "https://i.imgflip.com/5du79g.jpg",
        "noisy": false,
        "tags": [
            "they are the same picture",
            "funny",
            "minecraft",
            "memes"
        ],
        "Meme Title": "hmmmm",
        "filename": "5du79g.jpg"
    },
    {
        "href": "https://imgflip.com/i/4vjg4j",
        "imgsrc": "https://i.imgflip.com/4vjg4j.jpg",
        "noisy": false,
        "tags": [
            "they are the same picture"
        ],
        "Meme Title": "They are the same picture",
        "filename": "4vjg4j.jpg"
    },
    {
        "href": "https://imgflip.com/i/56vthf",
        "imgsrc": "https://i.imgflip.com/56vthf.jpg",
        "noisy": false,
        "tags": [
            "they are the same picture",
            "xi jinping",
            "winnie the pooh",
            "president",
            "chinese"
        ],
        "Meme Title": "They are the same picture",
        "filename": "56vthf.jpg"
    },
    {
        "href": "https://imgflip.com/i/5vkiln",
        "imgsrc": "https://i.imgflip.com/5vkiln.jpg",
        "noisy": false,
        "tags": [
            "they are the same picture",
            "funny memes",
            "school meme"
        ],
        "Meme Title": "Projects and Deforestation",
        "filename": "5vkiln.jpg"
    },
    {
        "href": "https://imgflip.com/i/59diop",
        "imgsrc": "https://i.imgflip.com/59diop.jpg",
        "noisy": false,
        "tags": [
            "they are the same picture"
        ],
        "Meme Title": "Tones are important!",
        "filename": "59diop.jpg"
    },
    {
        "href": "https://imgflip.com/i/410oq3",
        "imgsrc": "https://i.imgflip.com/410oq3.jpg",
        "noisy": false,
        "tags": [
            "they are the same picture"
        ],
        "Meme Title": "Bepis",
        "filename": "410oq3.jpg"
    },
    {
        "href": "https://imgflip.com/i/5tj88b",
        "imgsrc": "https://i.imgflip.com/5tj88b.jpg",
        "noisy": false,
        "tags": [
            "they are the same picture"
        ],
        "Meme Title": "Same Same",
        "filename": "5tj88b.jpg"
    },
    {
        "href": "https://imgflip.com/i/475ze2",
        "imgsrc": "https://i.imgflip.com/475ze2.jpg",
        "noisy": false,
        "tags": [
            "they are the same picture",
            "dbz",
            "dbz meme",
            "anime",
            "animeme",
            "animememe"
        ],
        "Meme Title": "Hage",
        "filename": "475ze2.jpg"
    },
    {
        "href": "https://imgflip.com/i/3e0nk0",
        "imgsrc": "https://i.imgflip.com/3e0nk0.jpg",
        "noisy": false,
        "tags": [
            "they are the same picture"
        ],
        "Meme Title": "They are the same picture",
        "filename": "3e0nk0.jpg"
    },
    {
        "href": "https://imgflip.com/i/4pa901",
        "imgsrc": "https://i.imgflip.com/4pa901.jpg",
        "noisy": false,
        "tags": [
            "they are the same picture"
        ],
        "Meme Title": "They are the same picture",
        "filename": "4pa901.jpg"
    },
    {
        "href": "https://imgflip.com/i/462t3i",
        "imgsrc": "https://i.imgflip.com/462t3i.jpg",
        "noisy": false,
        "tags": [
            "they are the same picture"
        ],
        "Meme Title": "Corporate needs you to find the differences of these two pics",
        "filename": "462t3i.jpg"
    },
    {
        "href": "https://imgflip.com/i/5avaaf",
        "imgsrc": "https://i.imgflip.com/5avaaf.jpg",
        "noisy": false,
        "tags": [
            "they are the same picture"
        ],
        "Meme Title": "They are the same picture",
        "filename": "5avaaf.jpg"
    },
    {
        "href": "https://imgflip.com/i/54yull",
        "imgsrc": "https://i.imgflip.com/54yull.jpg",
        "noisy": false,
        "tags": [
            "they are the same picture"
        ],
        "Meme Title": "They are the same picture",
        "filename": "54yull.jpg"
    },
    {
        "href": "https://imgflip.com/i/59x2ny",
        "imgsrc": "https://i.imgflip.com/59x2ny.jpg",
        "noisy": false,
        "tags": [
            "they are the same picture"
        ],
        "Meme Title": "I ready bad",
        "filename": "59x2ny.jpg"
    },
    {
        "href": "https://imgflip.com/i/538o7p",
        "imgsrc": "https://i.imgflip.com/538o7p.jpg",
        "noisy": false,
        "tags": [
            "they are the same picture",
            "sonic the hedgehog",
            "lol so funny"
        ],
        "Meme Title": "Sonic // They are the same picture",
        "filename": "538o7p.jpg"
    },
    {
        "href": "https://imgflip.com/i/4daj9w",
        "imgsrc": "https://i.imgflip.com/4daj9w.jpg",
        "noisy": false,
        "tags": [
            "they are the same picture"
        ],
        "Meme Title": "They are the same picture",
        "filename": "4daj9w.jpg"
    },
    {
        "href": "https://imgflip.com/i/4uds93",
        "imgsrc": "https://i.imgflip.com/4uds93.jpg",
        "noisy": false,
        "tags": [
            "they are the same picture"
        ],
        "Meme Title": "Persona 5 warriors age of calamity",
        "filename": "4uds93.jpg"
    },
    {
        "href": "https://imgflip.com/i/4zmz2w",
        "imgsrc": "https://i.imgflip.com/4zmz2w.jpg",
        "noisy": false,
        "tags": [
            "they are the same picture",
            "elvira",
            "aging"
        ],
        "Meme Title": "Getting old sucks. What other childhood memories will disappear?",
        "filename": "4zmz2w.jpg"
    },
    {
        "href": "https://imgflip.com/i/5wvalp",
        "imgsrc": "https://i.imgflip.com/5wvalp.jpg",
        "noisy": false,
        "tags": [
            "they are the same picture",
            "ateez",
            "kpop",
            "lol"
        ],
        "Meme Title": "They are the same picture",
        "filename": "5wvalp.jpg"
    },
    {
        "href": "https://imgflip.com/i/4flcyt",
        "imgsrc": "https://i.imgflip.com/4flcyt.jpg",
        "noisy": false,
        "tags": [
            "they are the same picture"
        ],
        "Meme Title": "They are the same picture",
        "filename": "4flcyt.jpg"
    },
    {
        "href": "https://imgflip.com/i/64r17b",
        "imgsrc": "https://i.imgflip.com/64r17b.jpg",
        "noisy": false,
        "tags": [
            "they are the same picture"
        ],
        "Meme Title": "They are the same picture",
        "filename": "64r17b.jpg"
    },
    {
        "href": "https://imgflip.com/i/4sy5xx",
        "imgsrc": "https://i.imgflip.com/4sy5xx.jpg",
        "noisy": false,
        "tags": [
            "they are the same picture"
        ],
        "Meme Title": "They are the same picture",
        "filename": "4sy5xx.jpg"
    },
    {
        "href": "https://imgflip.com/i/3wzdgp",
        "imgsrc": "https://i.imgflip.com/3wzdgp.jpg",
        "noisy": false,
        "tags": [
            "they are the same picture"
        ],
        "Meme Title": "They are the same picture",
        "filename": "3wzdgp.jpg"
    },
    {
        "href": "https://imgflip.com/i/49kllk",
        "imgsrc": "https://i.imgflip.com/49kllk.jpg",
        "noisy": false,
        "tags": [
            "they are the same picture",
            "memes",
            "funny",
            "commodore"
        ],
        "Meme Title": "vic 20 and commodore 64",
        "filename": "49kllk.jpg"
    },
    {
        "href": "https://imgflip.com/i/4ixqtr",
        "imgsrc": "https://i.imgflip.com/4ixqtr.jpg",
        "noisy": false,
        "tags": [
            "they are the same picture"
        ],
        "Meme Title": "They are the same picture",
        "filename": "4ixqtr.jpg"
    },
    {
        "href": "https://imgflip.com/i/44j7u5",
        "imgsrc": "https://i.imgflip.com/44j7u5.jpg",
        "noisy": false,
        "tags": [
            "they are the same picture",
            "memes",
            "amalgamates"
        ],
        "Meme Title": "They are the same picture",
        "filename": "44j7u5.jpg"
    },
    {
        "href": "https://imgflip.com/i/449ahb",
        "imgsrc": "https://i.imgflip.com/449ahb.jpg",
        "noisy": false,
        "tags": [
            "they are the same picture"
        ],
        "Meme Title": "She's not lying",
        "filename": "449ahb.jpg"
    },
    {
        "href": "https://imgflip.com/i/4nyl4w",
        "imgsrc": "https://i.imgflip.com/4nyl4w.jpg",
        "noisy": false,
        "tags": [
            "they are the same picture"
        ],
        "Meme Title": "do u no da wae",
        "filename": "4nyl4w.jpg"
    },
    {
        "href": "https://imgflip.com/i/380qlq",
        "imgsrc": "https://i.imgflip.com/380qlq.jpg",
        "noisy": false,
        "tags": [
            "they are the same picture"
        ],
        "Meme Title": "They are the same picture",
        "filename": "380qlq.jpg"
    },
    {
        "href": "https://imgflip.com/i/42rvtw",
        "imgsrc": "https://i.imgflip.com/42rvtw.jpg",
        "noisy": false,
        "tags": [
            "they are the same picture"
        ],
        "Meme Title": "They are the same picture",
        "filename": "42rvtw.jpg"
    },
    {
        "href": "https://imgflip.com/i/5e5l0e",
        "imgsrc": "https://i.imgflip.com/5e5l0e.jpg",
        "noisy": false,
        "tags": [
            "they are the same picture"
        ],
        "Meme Title": "FUNNY UP TILT",
        "filename": "5e5l0e.jpg"
    },
    {
        "href": "https://imgflip.com/i/4ig7bo",
        "imgsrc": "https://i.imgflip.com/4ig7bo.jpg",
        "noisy": false,
        "tags": [
            "they are the same picture"
        ],
        "Meme Title": "They are the same picture",
        "filename": "4ig7bo.jpg"
    },
    {
        "href": "https://imgflip.com/i/3e2oak",
        "imgsrc": "https://i.imgflip.com/3e2oak.jpg",
        "noisy": false,
        "tags": [
            "they are the same picture"
        ],
        "Meme Title": "They are the same picture",
        "filename": "3e2oak.jpg"
    },
    {
        "href": "https://imgflip.com/i/4g02ui",
        "imgsrc": "https://i.imgflip.com/4g02ui.jpg",
        "noisy": false,
        "tags": [
            "they are the same picture"
        ],
        "Meme Title": "Danny Devito",
        "filename": "4g02ui.jpg"
    },
    {
        "href": "https://imgflip.com/i/5ub1pl",
        "imgsrc": "https://i.imgflip.com/5ub1pl.jpg",
        "noisy": false,
        "tags": [
            "they are the same picture"
        ],
        "Meme Title": "They are the same picture",
        "filename": "5ub1pl.jpg"
    },
    {
        "href": "https://imgflip.com/i/593kf9",
        "imgsrc": "https://i.imgflip.com/593kf9.jpg",
        "noisy": false,
        "tags": [
            "they are the same picture"
        ],
        "Meme Title": "two down vote's?",
        "filename": "593kf9.jpg"
    },
    {
        "href": "https://imgflip.com/i/58bw97",
        "imgsrc": "https://i.imgflip.com/58bw97.jpg",
        "noisy": false,
        "tags": [
            "they are the same picture"
        ],
        "Meme Title": "haha monkey",
        "filename": "58bw97.jpg"
    },
    {
        "href": "https://imgflip.com/i/547lfq",
        "imgsrc": "https://i.imgflip.com/547lfq.jpg",
        "noisy": false,
        "tags": [
            "they are the same picture"
        ],
        "Meme Title": "They are the same picture",
        "filename": "547lfq.jpg"
    },
    {
        "href": "https://imgflip.com/i/5770u9",
        "imgsrc": "https://i.imgflip.com/5770u9.jpg",
        "noisy": false,
        "tags": [
            "they are the same picture"
        ],
        "Meme Title": "derp cats",
        "filename": "5770u9.jpg"
    },
    {
        "href": "https://imgflip.com/i/569wx1",
        "imgsrc": "https://i.imgflip.com/569wx1.jpg",
        "noisy": false,
        "tags": [
            "they are the same picture"
        ],
        "Meme Title": "They are the same picture",
        "filename": "569wx1.jpg"
    },
    {
        "href": "https://imgflip.com/i/43juoj",
        "imgsrc": "https://i.imgflip.com/43juoj.jpg",
        "noisy": false,
        "tags": [
            "they are the same picture"
        ],
        "Meme Title": "They are the same picture",
        "filename": "43juoj.jpg"
    },
    {
        "href": "https://imgflip.com/i/668mvf",
        "imgsrc": "https://i.imgflip.com/668mvf.jpg",
        "noisy": false,
        "tags": [
            "they are the same picture"
        ],
        "Meme Title": "They are the same picture",
        "filename": "668mvf.jpg"
    },
    {
        "href": "https://imgflip.com/i/40j3ya",
        "imgsrc": "https://i.imgflip.com/40j3ya.jpg",
        "noisy": false,
        "tags": [
            "they're the same picture",
            "woman",
            "fruit",
            "food"
        ],
        "Meme Title": "all fig bars are the same",
        "filename": "40j3ya.jpg"
    },
    {
        "href": "https://imgflip.com/i/4n10zn",
        "imgsrc": "https://i.imgflip.com/4n10zn.jpg",
        "noisy": false,
        "tags": [
            "they are the same picture"
        ],
        "Meme Title": "They are the same picture",
        "filename": "4n10zn.jpg"
    },
    {
        "href": "https://imgflip.com/i/3v030y",
        "imgsrc": "https://i.imgflip.com/3v030y.jpg",
        "noisy": false,
        "tags": [
            "they are the same picture"
        ],
        "Meme Title": "They are the same picture",
        "filename": "3v030y.jpg"
    },
    {
        "href": "https://imgflip.com/i/4tmu9v",
        "imgsrc": "https://i.imgflip.com/4tmu9v.jpg",
        "noisy": false,
        "tags": [
            "they are the same picture"
        ],
        "Meme Title": "They are the same picture",
        "filename": "4tmu9v.jpg"
    },
    {
        "href": "https://imgflip.com/i/4s7z7y",
        "imgsrc": "https://i.imgflip.com/4s7z7y.jpg",
        "noisy": false,
        "tags": [
            "they are the same picture",
            "memes",
            "funny",
            "lol",
            "pog"
        ],
        "Meme Title": "i mean they look the same!",
        "filename": "4s7z7y.jpg"
    },
    {
        "href": "https://imgflip.com/i/4mllrc",
        "imgsrc": "https://i.imgflip.com/4mllrc.jpg",
        "noisy": false,
        "tags": [
            "they are the same picture"
        ],
        "Meme Title": "They are the same picture",
        "filename": "4mllrc.jpg"
    },
    {
        "href": "https://imgflip.com/i/3yu9kr",
        "imgsrc": "https://i.imgflip.com/3yu9kr.jpg",
        "noisy": false,
        "tags": [
            "they are the same picture"
        ],
        "Meme Title": "They are the same picture",
        "filename": "3yu9kr.jpg"
    },
    {
        "href": "https://imgflip.com/i/4keoig",
        "imgsrc": "https://i.imgflip.com/4keoig.jpg",
        "noisy": false,
        "tags": [
            "they are the same picture"
        ],
        "Meme Title": "A Lannister always pays his debts.",
        "filename": "4keoig.jpg"
    },
    {
        "href": "https://imgflip.com/i/4ixqw2",
        "imgsrc": "https://i.imgflip.com/4ixqw2.jpg",
        "noisy": false,
        "tags": [
            "they are the same picture"
        ],
        "Meme Title": "They are the same picture",
        "filename": "4ixqw2.jpg"
    },
    {
        "href": "https://imgflip.com/i/44pbou",
        "imgsrc": "https://i.imgflip.com/44pbou.jpg",
        "noisy": false,
        "tags": [
            "they are the same picture",
            "scrat",
            "ice age",
            "dogs",
            "photo booth edited"
        ],
        "Meme Title": "They are the same picture",
        "filename": "44pbou.jpg"
    },
    {
        "href": "https://imgflip.com/i/4dgsnu",
        "imgsrc": "https://i.imgflip.com/4dgsnu.jpg",
        "noisy": false,
        "tags": [
            "they are the same picture"
        ],
        "Meme Title": "They are the same picture",
        "filename": "4dgsnu.jpg"
    },
    {
        "href": "https://imgflip.com/i/4f7dnn",
        "imgsrc": "https://i.imgflip.com/4f7dnn.jpg",
        "noisy": false,
        "tags": [
            "they are the same picture"
        ],
        "Meme Title": "They are the same picture",
        "filename": "4f7dnn.jpg"
    },
    {
        "href": "https://imgflip.com/i/4dpjic",
        "imgsrc": "https://i.imgflip.com/4dpjic.jpg",
        "noisy": false,
        "tags": [
            "they are the same picture",
            "suicide squad",
            "batman",
            "arkham",
            "meme"
        ],
        "Meme Title": "They are the same picture",
        "filename": "4dpjic.jpg"
    },
    {
        "href": "https://imgflip.com/i/4dc2ag",
        "imgsrc": "https://i.imgflip.com/4dc2ag.jpg",
        "noisy": false,
        "tags": [
            "they are the same picture",
            "bible black",
            "anime",
            "memes",
            "funny"
        ],
        "Meme Title": "bible black is cringe",
        "filename": "4dc2ag.jpg"
    },
    {
        "href": "https://imgflip.com/i/4d7i1u",
        "imgsrc": "https://i.imgflip.com/4d7i1u.jpg",
        "noisy": false,
        "tags": [
            "they are the same picture"
        ],
        "Meme Title": "The Same Scene",
        "filename": "4d7i1u.jpg"
    },
    {
        "href": "https://imgflip.com/i/4bhm01",
        "imgsrc": "https://i.imgflip.com/4bhm01.jpg",
        "noisy": false,
        "tags": [
            "they are the same picture"
        ],
        "Meme Title": "Fish",
        "filename": "4bhm01.jpg"
    },
    {
        "href": "https://imgflip.com/i/49us9k",
        "imgsrc": "https://i.imgflip.com/49us9k.jpg",
        "noisy": false,
        "tags": [
            "they are the same picture"
        ],
        "Meme Title": "They are the same picture",
        "filename": "49us9k.jpg"
    },
    {
        "href": "https://imgflip.com/i/4784rh",
        "imgsrc": "https://i.imgflip.com/4784rh.jpg",
        "noisy": false,
        "tags": [
            "they are the same picture"
        ],
        "Meme Title": "They are the same picture",
        "filename": "4784rh.jpg"
    },
    {
        "href": "https://imgflip.com/i/4650re",
        "imgsrc": "https://i.imgflip.com/4650re.jpg",
        "noisy": false,
        "tags": [
            "they are the same picture"
        ],
        "Meme Title": "Milk",
        "filename": "4650re.jpg"
    },
    {
        "href": "https://imgflip.com/i/45e4p1",
        "imgsrc": "https://i.imgflip.com/45e4p1.jpg",
        "noisy": false,
        "tags": [
            "they are the same picture"
        ],
        "Meme Title": "Its true",
        "filename": "45e4p1.jpg"
    },
    {
        "href": "https://imgflip.com/i/43shiv",
        "imgsrc": "https://i.imgflip.com/43shiv.jpg",
        "noisy": false,
        "tags": [
            "they are the same picture"
        ],
        "Meme Title": "They are the same picture",
        "filename": "43shiv.jpg"
    },
    {
        "href": "https://imgflip.com/i/43q8yg",
        "imgsrc": "https://i.imgflip.com/43q8yg.jpg",
        "noisy": false,
        "tags": [
            "they are the same picture"
        ],
        "Meme Title": "They are the same picture",
        "filename": "43q8yg.jpg"
    },
    {
        "href": "https://imgflip.com/i/423112",
        "imgsrc": "https://i.imgflip.com/423112.jpg",
        "noisy": false,
        "tags": [
            "they are the same picture"
        ],
        "Meme Title": "They are the same picture",
        "filename": "423112.jpg"
    },
    {
        "href": "https://imgflip.com/i/41aa9g",
        "imgsrc": "https://i.imgflip.com/41aa9g.jpg",
        "noisy": false,
        "tags": [
            "they are the same picture"
        ],
        "Meme Title": "They are the same picture",
        "filename": "41aa9g.jpg"
    },
    {
        "href": "https://imgflip.com/i/484f03",
        "imgsrc": "https://i.imgflip.com/484f03.jpg",
        "noisy": false,
        "tags": [
            "they are the same picture"
        ],
        "Meme Title": "They are the same picture",
        "filename": "484f03.jpg"
    },
    {
        "href": "https://imgflip.com/i/5ijj7i",
        "imgsrc": "https://i.imgflip.com/5ijj7i.jpg",
        "noisy": false,
        "tags": [
            "they are the same picture"
        ],
        "Meme Title": "They are the same picture",
        "filename": "5ijj7i.jpg"
    },
    {
        "href": "https://imgflip.com/i/676ans",
        "imgsrc": "https://i.imgflip.com/676ans.jpg",
        "noisy": false,
        "tags": [
            "they are the same picture"
        ],
        "Meme Title": "my friend shocked",
        "filename": "676ans.jpg"
    },
    {
        "href": "https://imgflip.com/i/6689zb",
        "imgsrc": "https://i.imgflip.com/6689zb.jpg",
        "noisy": false,
        "tags": [
            "they are the same picture"
        ],
        "Meme Title": "They are the same picture",
        "filename": "6689zb.jpg"
    },
    {
        "href": "https://imgflip.com/i/5z6ssn",
        "imgsrc": "https://i.imgflip.com/5z6ssn.jpg",
        "noisy": false,
        "tags": [
            "they are the same picture",
            "bakugo",
            "chef gordon ramsay"
        ],
        "Meme Title": "i still see no difference",
        "filename": "5z6ssn.jpg"
    },
    {
        "href": "https://imgflip.com/i/58e8w0",
        "imgsrc": "https://i.imgflip.com/58e8w0.jpg",
        "noisy": false,
        "tags": [
            "they are the same picture"
        ],
        "Meme Title": "5 yo me",
        "filename": "58e8w0.jpg"
    },
    {
        "href": "https://imgflip.com/i/41htn8",
        "imgsrc": "https://i.imgflip.com/41htn8.jpg",
        "noisy": false,
        "tags": [
            "they are the same picture"
        ],
        "Meme Title": "They are the same picture",
        "filename": "41htn8.jpg"
    },
    {
        "href": "https://imgflip.com/i/75x0en",
        "imgsrc": "https://i.imgflip.com/75x0en.jpg",
        "noisy": false,
        "tags": [
            "they are the same picture"
        ],
        "Meme Title": "dooo.ll",
        "filename": "75x0en.jpg"
    },
    {
        "href": "https://imgflip.com/i/75his0",
        "imgsrc": "https://i.imgflip.com/75his0.jpg",
        "noisy": false,
        "tags": [
            "they are the same picture"
        ],
        "Meme Title": "They are the same picture",
        "filename": "75his0.jpg"
    },
    {
        "href": "https://imgflip.com/i/72fjxw",
        "imgsrc": "https://i.imgflip.com/72fjxw.jpg",
        "noisy": false,
        "tags": [
            "they are the same picture",
            "memes"
        ],
        "Meme Title": "Lego",
        "filename": "72fjxw.jpg"
    },
    {
        "href": "https://imgflip.com/i/70nkno",
        "imgsrc": "https://i.imgflip.com/70nkno.jpg",
        "noisy": false,
        "tags": [
            "they are the same picture"
        ],
        "Meme Title": "They are the same picture",
        "filename": "70nkno.jpg"
    },
    {
        "href": "https://imgflip.com/i/6zpd5e",
        "imgsrc": "https://i.imgflip.com/6zpd5e.jpg",
        "noisy": false,
        "tags": [
            "they are the same picture",
            "demon slayer",
            "touhou",
            "animeme",
            "anime",
            "oh wow are you actually reading these tags"
        ],
        "Meme Title": "They look kinda similar though...",
        "filename": "6zpd5e.jpg"
    },
    {
        "href": "https://imgflip.com/i/6yf4y1",
        "imgsrc": "https://i.imgflip.com/6yf4y1.jpg",
        "noisy": false,
        "tags": [
            "they are the same picture"
        ],
        "Meme Title": "They are the same picture",
        "filename": "6yf4y1.jpg"
    },
    {
        "href": "https://imgflip.com/i/6xh24j",
        "imgsrc": "https://i.imgflip.com/6xh24j.jpg",
        "noisy": false,
        "tags": [
            "they are the same picture"
        ],
        "Meme Title": "he does look like him",
        "filename": "6xh24j.jpg"
    },
    {
        "href": "https://imgflip.com/i/6wl8cy",
        "imgsrc": "https://i.imgflip.com/6wl8cy.jpg",
        "noisy": false,
        "tags": [
            "they are the same picture"
        ],
        "Meme Title": "Chinese Infrastructure Be Like",
        "filename": "6wl8cy.jpg"
    },
    {
        "href": "https://imgflip.com/i/6tvw5k",
        "imgsrc": "https://i.imgflip.com/6tvw5k.jpg",
        "noisy": false,
        "tags": [
            "they are the same picture"
        ],
        "Meme Title": "goofy auugh haircut",
        "filename": "6tvw5k.jpg"
    },
    {
        "href": "https://imgflip.com/i/6t6nf5",
        "imgsrc": "https://i.imgflip.com/6t6nf5.jpg",
        "noisy": false,
        "tags": [
            "they are the same picture"
        ],
        "Meme Title": "They are the same picture",
        "filename": "6t6nf5.jpg"
    },
    {
        "href": "https://imgflip.com/i/6rttwr",
        "imgsrc": "https://i.imgflip.com/6rttwr.jpg",
        "noisy": false,
        "tags": [
            "they are the same picture"
        ],
        "Meme Title": "Wooden Train Joke",
        "filename": "6rttwr.jpg"
    },
    {
        "href": "https://imgflip.com/i/6rdf2l",
        "imgsrc": "https://i.imgflip.com/6rdf2l.jpg",
        "noisy": false,
        "tags": [
            "they are the same picture",
            "rock",
            "dwayne johnson",
            "statue"
        ],
        "Meme Title": "Rock vs Rock",
        "filename": "6rdf2l.jpg"
    },
    {
        "href": "https://imgflip.com/i/6pc1wj",
        "imgsrc": "https://i.imgflip.com/6pc1wj.jpg",
        "noisy": false,
        "tags": [
            "they are the same picture"
        ],
        "Meme Title": "They are the same picture",
        "filename": "6pc1wj.jpg"
    },
    {
        "href": "https://imgflip.com/i/6jpw5h",
        "imgsrc": "https://i.imgflip.com/6jpw5h.jpg",
        "noisy": false,
        "tags": [
            "they are the same picture"
        ],
        "Meme Title": "They are the same picture",
        "filename": "6jpw5h.jpg"
    },
    {
        "href": "https://imgflip.com/i/6jbd99",
        "imgsrc": "https://i.imgflip.com/6jbd99.jpg",
        "noisy": false,
        "tags": [
            "they are the same picture"
        ],
        "Meme Title": "Memes",
        "filename": "6jbd99.jpg"
    },
    {
        "href": "https://imgflip.com/i/66ub5j",
        "imgsrc": "https://i.imgflip.com/66ub5j.jpg",
        "noisy": false,
        "tags": [
            "they are the same picture"
        ],
        "Meme Title": "i like pie",
        "filename": "66ub5j.jpg"
    },
    {
        "href": "https://imgflip.com/i/66osci",
        "imgsrc": "https://i.imgflip.com/66osci.jpg",
        "noisy": false,
        "tags": [
            "they are the same picture"
        ],
        "Meme Title": "They are the same picture",
        "filename": "66osci.jpg"
    },
    {
        "href": "https://imgflip.com/i/66orwj",
        "imgsrc": "https://i.imgflip.com/66orwj.jpg",
        "noisy": false,
        "tags": [
            "they are the same picture"
        ],
        "Meme Title": "They are the same picture",
        "filename": "66orwj.jpg"
    },
    {
        "href": "https://imgflip.com/i/64w03v",
        "imgsrc": "https://i.imgflip.com/64w03v.jpg",
        "noisy": false,
        "tags": [
            "they are the same picture"
        ],
        "Meme Title": "They are the same picture",
        "filename": "64w03v.jpg"
    },
    {
        "href": "https://imgflip.com/i/649v2m",
        "imgsrc": "https://i.imgflip.com/649v2m.jpg",
        "noisy": false,
        "tags": [
            "they are the same picture"
        ],
        "Meme Title": "They are the same picture",
        "filename": "649v2m.jpg"
    },
    {
        "href": "https://imgflip.com/i/647q6h",
        "imgsrc": "https://i.imgflip.com/647q6h.jpg",
        "noisy": false,
        "tags": [
            "they are the same picture"
        ],
        "Meme Title": "polandball",
        "filename": "647q6h.jpg"
    },
    {
        "href": "https://imgflip.com/i/5uyniu",
        "imgsrc": "https://i.imgflip.com/5uyniu.jpg",
        "noisy": false,
        "tags": [
            "they are the same picture"
        ],
        "Meme Title": "i mean technically they are the same",
        "filename": "5uyniu.jpg"
    },
    {
        "href": "https://imgflip.com/i/5t7p53",
        "imgsrc": "https://i.imgflip.com/5t7p53.jpg",
        "noisy": false,
        "tags": [
            "they are the same picture"
        ],
        "Meme Title": "he's the whole circus",
        "filename": "5t7p53.jpg"
    },
    {
        "href": "https://imgflip.com/i/5r23vf",
        "imgsrc": "https://i.imgflip.com/5r23vf.jpg",
        "noisy": false,
        "tags": [
            "they are the same picture"
        ],
        "Meme Title": "That's not a teleporter",
        "filename": "5r23vf.jpg"
    },
    {
        "href": "https://imgflip.com/i/5n0nh3",
        "imgsrc": "https://i.imgflip.com/5n0nh3.jpg",
        "noisy": false,
        "tags": [
            "they are the same picture"
        ],
        "Meme Title": "Ak 74????",
        "filename": "5n0nh3.jpg"
    },
    {
        "href": "https://imgflip.com/i/5fzq7z",
        "imgsrc": "https://i.imgflip.com/5fzq7z.jpg",
        "noisy": false,
        "tags": [
            "they are the same picture"
        ],
        "Meme Title": "They are the same picture",
        "filename": "5fzq7z.jpg"
    },
    {
        "href": "https://imgflip.com/i/5d9k5i",
        "imgsrc": "https://i.imgflip.com/5d9k5i.jpg",
        "noisy": false,
        "tags": [
            "they are the same picture"
        ],
        "Meme Title": "yes they are the same, same in what they mean but not in writing.",
        "filename": "5d9k5i.jpg"
    },
    {
        "href": "https://imgflip.com/i/4zs6ms",
        "imgsrc": "https://i.imgflip.com/4zs6ms.jpg",
        "noisy": false,
        "tags": [
            "they are the same picture"
        ],
        "Meme Title": "At first I really thought that lol",
        "filename": "4zs6ms.jpg"
    },
    {
        "href": "https://imgflip.com/i/4wco1d",
        "imgsrc": "https://i.imgflip.com/4wco1d.jpg",
        "noisy": false,
        "tags": [
            "they are the same picture"
        ],
        "Meme Title": "Prevention of getting out",
        "filename": "4wco1d.jpg"
    },
    {
        "href": "https://imgflip.com/i/4t3u2c",
        "imgsrc": "https://i.imgflip.com/4t3u2c.jpg",
        "noisy": false,
        "tags": [
            "they are the same picture"
        ],
        "Meme Title": "They are the same picture",
        "filename": "4t3u2c.jpg"
    }
]