[
    {
        "href": "https://imgflip.com/i/777kx6",
        "imgsrc": "https://i.imgflip.com/777kx6.jpg",
        "noisy": false,
        "tags": [
            "tuxedo winnie the pooh grossed reverse"
        ],
        "Meme Title": "Tuxedo Winnie the Pooh grossed reverse",
        "filename": "777kx6.jpg"
    },
    {
        "href": "https://imgflip.com/i/77rw9h",
        "imgsrc": "https://i.imgflip.com/77rw9h.jpg",
        "noisy": false,
        "tags": [
            "tuxedo winnie the pooh grossed reverse"
        ],
        "Meme Title": "Tuxedo Winnie the Pooh grossed reverse",
        "filename": "77rw9h.jpg"
    },
    {
        "href": "https://imgflip.com/i/77lwnm",
        "imgsrc": "https://i.imgflip.com/77lwnm.jpg",
        "noisy": false,
        "tags": [
            "tuxedo winnie the pooh grossed reverse",
            "memes",
            "memes about memes",
            "memes about memeing"
        ],
        "Meme Title": "Tuxedo Winnie the Pooh grossed reverse",
        "filename": "77lwnm.jpg"
    },
    {
        "href": "https://imgflip.com/i/7862qe",
        "imgsrc": "https://i.imgflip.com/7862qe.jpg",
        "noisy": false,
        "tags": [
            "tuxedo winnie the pooh grossed reverse",
            "europe",
            "america"
        ],
        "Meme Title": "Europe and America",
        "filename": "7862qe.jpg"
    },
    {
        "href": "https://imgflip.com/i/772uqu",
        "imgsrc": "https://i.imgflip.com/772uqu.jpg",
        "noisy": false,
        "tags": [
            "tuxedo winnie the pooh grossed reverse"
        ],
        "Meme Title": "Tuxedo Winnie the Pooh grossed reverse",
        "filename": "772uqu.jpg"
    },
    {
        "href": "https://imgflip.com/i/74gxp6",
        "imgsrc": "https://i.imgflip.com/74gxp6.jpg",
        "noisy": false,
        "tags": [
            "tuxedo winnie the pooh grossed reverse",
            "tuxedo winnie the pooh",
            "winnie the pooh",
            "memes",
            "funny",
            "funny memes"
        ],
        "Meme Title": "So true lol",
        "filename": "74gxp6.jpg"
    },
    {
        "href": "https://imgflip.com/i/74p0s1",
        "imgsrc": "https://i.imgflip.com/74p0s1.jpg",
        "noisy": false,
        "tags": [
            "tuxedo winnie the pooh",
            "winnie the pooh",
            "funny",
            "online dating",
            "dating"
        ],
        "Meme Title": "Tuxedo Winnie the Pooh grossed reverse",
        "filename": "74p0s1.jpg"
    },
    {
        "href": "https://imgflip.com/i/76320d",
        "imgsrc": "https://i.imgflip.com/76320d.jpg",
        "noisy": false,
        "tags": [
            "tuxedo winnie the pooh grossed reverse"
        ],
        "Meme Title": "Tuxedo Winnie the Pooh grossed reverse",
        "filename": "76320d.jpg"
    },
    {
        "href": "https://imgflip.com/i/76yk7w",
        "imgsrc": "https://i.imgflip.com/76yk7w.jpg",
        "noisy": false,
        "tags": [
            "tuxedo winnie the pooh grossed reverse",
            "memes",
            "funny"
        ],
        "Meme Title": "Tuxedo Winnie the Pooh grossed reverse",
        "filename": "76yk7w.jpg"
    },
    {
        "href": "https://imgflip.com/i/759k4l",
        "imgsrc": "https://i.imgflip.com/759k4l.jpg",
        "noisy": false,
        "tags": [
            "tuxedo winnie the pooh grossed reverse",
            "memes",
            "tuxedo winnie the pooh",
            "best better blurst",
            "communism",
            "communist"
        ],
        "Meme Title": "Tuxedo Winnie the Pooh grossed reverse",
        "filename": "759k4l.jpg"
    },
    {
        "href": "https://imgflip.com/i/71bsh3",
        "imgsrc": "https://i.imgflip.com/71bsh3.jpg",
        "noisy": false,
        "tags": [
            "tuxedo winnie the pooh grossed reverse",
            "memes"
        ],
        "Meme Title": "The text matches with the whole meme!",
        "filename": "71bsh3.jpg"
    },
    {
        "href": "https://imgflip.com/i/6xpxum",
        "imgsrc": "https://i.imgflip.com/6xpxum.jpg",
        "noisy": false,
        "tags": [
            "tuxedo winnie the pooh grossed reverse",
            "scooby doo",
            "shaggy"
        ],
        "Meme Title": "What have they done to Shaggy!?",
        "filename": "6xpxum.jpg"
    },
    {
        "href": "https://imgflip.com/i/6zl4fw",
        "imgsrc": "https://i.imgflip.com/6zl4fw.jpg",
        "noisy": false,
        "tags": [
            "tuxedo winnie the pooh grossed reverse"
        ],
        "Meme Title": "Tuxedo Winnie the Pooh grossed reverse",
        "filename": "6zl4fw.jpg"
    },
    {
        "href": "https://imgflip.com/i/6zb3ys",
        "imgsrc": "https://i.imgflip.com/6zb3ys.jpg",
        "noisy": false,
        "tags": [
            "tuxedo winnie the pooh grossed reverse"
        ],
        "Meme Title": "The 80\u2019s summed up",
        "filename": "6zb3ys.jpg"
    },
    {
        "href": "https://imgflip.com/i/6wo3ls",
        "imgsrc": "https://i.imgflip.com/6wo3ls.jpg",
        "noisy": false,
        "tags": [
            "tuxedo winnie the pooh grossed reverse"
        ],
        "Meme Title": "Tuxedo Winnie the Pooh grossed reverse",
        "filename": "6wo3ls.jpg"
    },
    {
        "href": "https://imgflip.com/i/6x1j7g",
        "imgsrc": "https://i.imgflip.com/6x1j7g.jpg",
        "noisy": false,
        "tags": [
            "tuxedo winnie the pooh grossed reverse",
            "metric",
            "imperial"
        ],
        "Meme Title": "Imperial makes no damn sens",
        "filename": "6x1j7g.jpg"
    },
    {
        "href": "https://imgflip.com/i/6uu5ai",
        "imgsrc": "https://i.imgflip.com/6uu5ai.jpg",
        "noisy": false,
        "tags": [
            "tuxedo winnie the pooh grossed reverse"
        ],
        "Meme Title": ".",
        "filename": "6uu5ai.jpg"
    },
    {
        "href": "https://imgflip.com/i/6ky60j",
        "imgsrc": "https://i.imgflip.com/6ky60j.jpg",
        "noisy": false,
        "tags": [
            "tuxedo winnie the pooh grossed reverse",
            "percy jackson",
            "funny memes",
            "books",
            "movies",
            "comparison"
        ],
        "Meme Title": "Books are way better",
        "filename": "6ky60j.jpg"
    },
    {
        "href": "https://imgflip.com/i/6u741i",
        "imgsrc": "https://i.imgflip.com/6u741i.jpg",
        "noisy": false,
        "tags": [
            "tuxedo winnie the pooh grossed reverse"
        ],
        "Meme Title": "please stop",
        "filename": "6u741i.jpg"
    },
    {
        "href": "https://imgflip.com/i/71qyp1",
        "imgsrc": "https://i.imgflip.com/71qyp1.jpg",
        "noisy": false,
        "tags": [
            "tuxedo winnie the pooh grossed reverse"
        ],
        "Meme Title": "Tuxedo Winnie the Pooh grossed reverse",
        "filename": "71qyp1.jpg"
    },
    {
        "href": "https://imgflip.com/i/6fajtb",
        "imgsrc": "https://i.imgflip.com/6fajtb.jpg",
        "noisy": false,
        "tags": [
            "tuxedo winnie the pooh grossed reverse",
            "coffee addict"
        ],
        "Meme Title": "I love the smell of coffee but the taste is way too bitter.",
        "filename": "6fajtb.jpg"
    },
    {
        "href": "https://imgflip.com/i/6n3tux",
        "imgsrc": "https://i.imgflip.com/6n3tux.jpg",
        "noisy": false,
        "tags": [
            "tuxedo winnie the pooh grossed reverse",
            "memes",
            "tuxedo winnie the pooh",
            "winnie the pooh",
            "relatable",
            "420"
        ],
        "Meme Title": "*FORCED LAUGHTER INTENSIFIES*",
        "filename": "6n3tux.jpg"
    },
    {
        "href": "https://imgflip.com/i/6p6jif",
        "imgsrc": "https://i.imgflip.com/6p6jif.jpg",
        "noisy": false,
        "tags": [
            "tuxedo winnie the pooh grossed reverse"
        ],
        "Meme Title": "More accurate vote counts",
        "filename": "6p6jif.jpg"
    },
    {
        "href": "https://imgflip.com/i/6hehee",
        "imgsrc": "https://i.imgflip.com/6hehee.jpg",
        "noisy": false,
        "tags": [
            "tuxedo winnie the pooh grossed reverse",
            "school",
            "school blocked"
        ],
        "Meme Title": "Tuxedo Winnie the Pooh grossed reverse",
        "filename": "6hehee.jpg"
    },
    {
        "href": "https://imgflip.com/i/6ypauu",
        "imgsrc": "https://i.imgflip.com/6ypauu.jpg",
        "noisy": false,
        "tags": [
            "tuxedo winnie the pooh grossed reverse",
            "handwriting"
        ],
        "Meme Title": "bru",
        "filename": "6ypauu.jpg"
    },
    {
        "href": "https://imgflip.com/i/6y3veu",
        "imgsrc": "https://i.imgflip.com/6y3veu.jpg",
        "noisy": false,
        "tags": [
            "tuxedo winnie the pooh grossed reverse"
        ],
        "Meme Title": "Tuxedo Winnie the Pooh grossed reverse",
        "filename": "6y3veu.jpg"
    },
    {
        "href": "https://imgflip.com/i/5wmdls",
        "imgsrc": "https://i.imgflip.com/5wmdls.jpg",
        "noisy": false,
        "tags": [
            "tuxedo winnie the pooh grossed reverse"
        ],
        "Meme Title": "real life vs recordings",
        "filename": "5wmdls.jpg"
    },
    {
        "href": "https://imgflip.com/i/6scv3w",
        "imgsrc": "https://i.imgflip.com/6scv3w.jpg",
        "noisy": false,
        "tags": [
            "tuxedo winnie the pooh grossed reverse"
        ],
        "Meme Title": "Tuxedo Winnie the Pooh grossed reverse",
        "filename": "6scv3w.jpg"
    },
    {
        "href": "https://imgflip.com/i/6autyt",
        "imgsrc": "https://i.imgflip.com/6autyt.jpg",
        "noisy": false,
        "tags": [
            "tuxedo winnie the pooh grossed reverse"
        ],
        "Meme Title": "Title text",
        "filename": "6autyt.jpg"
    },
    {
        "href": "https://imgflip.com/i/5ceams",
        "imgsrc": "https://i.imgflip.com/5ceams.jpg",
        "noisy": false,
        "tags": [
            "tuxedo winnie the pooh grossed reverse"
        ],
        "Meme Title": "Tuxedo Winnie the Pooh grossed reverse",
        "filename": "5ceams.jpg"
    },
    {
        "href": "https://imgflip.com/i/6kjnat",
        "imgsrc": "https://i.imgflip.com/6kjnat.jpg",
        "noisy": false,
        "tags": [
            "tuxedo winnie the pooh grossed reverse",
            "kidz bop",
            "music"
        ],
        "Meme Title": "Tuxedo Winnie the Pooh grossed reverse",
        "filename": "6kjnat.jpg"
    },
    {
        "href": "https://imgflip.com/i/5zp88u",
        "imgsrc": "https://i.imgflip.com/5zp88u.jpg",
        "noisy": false,
        "tags": [
            "tuxedo winnie the pooh grossed reverse",
            "memes",
            "china"
        ],
        "Meme Title": "Tuxedo Winnie the Pooh grossed reverse",
        "filename": "5zp88u.jpg"
    },
    {
        "href": "https://imgflip.com/i/5dcwnk",
        "imgsrc": "https://i.imgflip.com/5dcwnk.jpg",
        "noisy": false,
        "tags": [
            "tuxedo winnie the pooh grossed reverse"
        ],
        "Meme Title": "say gg kids",
        "filename": "5dcwnk.jpg"
    },
    {
        "href": "https://imgflip.com/i/60oeae",
        "imgsrc": "https://i.imgflip.com/60oeae.jpg",
        "noisy": false,
        "tags": [
            "tuxedo winnie the pooh grossed reverse",
            "gaming",
            "memes",
            "fun",
            "rpg",
            "npc"
        ],
        "Meme Title": "5ft Ingmar, the bearded ironsmith from northlands",
        "filename": "60oeae.jpg"
    },
    {
        "href": "https://imgflip.com/i/5drowp",
        "imgsrc": "https://i.imgflip.com/5drowp.jpg",
        "noisy": false,
        "tags": [
            "tuxedo winnie the pooh grossed reverse"
        ],
        "Meme Title": "Tuxedo Winnie the Pooh grossed reverse",
        "filename": "5drowp.jpg"
    },
    {
        "href": "https://imgflip.com/i/5r2b5w",
        "imgsrc": "https://i.imgflip.com/5r2b5w.jpg",
        "noisy": false,
        "tags": [
            "tuxedo winnie the pooh grossed reverse",
            "never gonna give you up",
            "never gonna let you down",
            "never gonna run around",
            "and desert you"
        ],
        "Meme Title": "Tuxedo Winnie the Pooh grossed reverse",
        "filename": "5r2b5w.jpg"
    },
    {
        "href": "https://imgflip.com/i/6dn7x4",
        "imgsrc": "https://i.imgflip.com/6dn7x4.jpg",
        "noisy": false,
        "tags": [
            "tuxedo winnie the pooh grossed reverse"
        ],
        "Meme Title": "Tuxedo Winnie the Pooh grossed reverse",
        "filename": "6dn7x4.jpg"
    },
    {
        "href": "https://imgflip.com/i/5pinan",
        "imgsrc": "https://i.imgflip.com/5pinan.jpg",
        "noisy": false,
        "tags": [
            "tuxedo winnie the pooh grossed reverse"
        ],
        "Meme Title": "Tuxedo Winnie the Pooh grossed reverse",
        "filename": "5pinan.jpg"
    },
    {
        "href": "https://imgflip.com/i/5qg0md",
        "imgsrc": "https://i.imgflip.com/5qg0md.jpg",
        "noisy": false,
        "tags": [
            "tuxedo winnie the pooh grossed reverse"
        ],
        "Meme Title": "who can relate sometimes?",
        "filename": "5qg0md.jpg"
    },
    {
        "href": "https://imgflip.com/i/609srs",
        "imgsrc": "https://i.imgflip.com/609srs.jpg",
        "noisy": false,
        "tags": [
            "tuxedo winnie the pooh grossed reverse"
        ],
        "Meme Title": "Tuxedo Winnie the Pooh grossed reverse",
        "filename": "609srs.jpg"
    },
    {
        "href": "https://imgflip.com/i/6b39vl",
        "imgsrc": "https://i.imgflip.com/6b39vl.jpg",
        "noisy": false,
        "tags": [
            "tuxedo winnie the pooh grossed reverse"
        ],
        "Meme Title": "Very Relatable",
        "filename": "6b39vl.jpg"
    },
    {
        "href": "https://imgflip.com/i/6fw2ni",
        "imgsrc": "https://i.imgflip.com/6fw2ni.jpg",
        "noisy": false,
        "tags": [
            "tuxedo winnie the pooh grossed reverse",
            "tattoo",
            "tattoos",
            "tattoo week"
        ],
        "Meme Title": "Tuxedo Winnie the Pooh grossed reverse",
        "filename": "6fw2ni.jpg"
    },
    {
        "href": "https://imgflip.com/i/5yttta",
        "imgsrc": "https://i.imgflip.com/5yttta.jpg",
        "noisy": false,
        "tags": [
            "tuxedo winnie the pooh grossed reverse",
            "spelling"
        ],
        "Meme Title": "fjhdghsjgd",
        "filename": "5yttta.jpg"
    },
    {
        "href": "https://imgflip.com/i/5yciuh",
        "imgsrc": "https://i.imgflip.com/5yciuh.jpg",
        "noisy": false,
        "tags": [
            "tuxedo winnie the pooh grossed reverse",
            "winnie the pooh",
            "twitch",
            "happy face",
            "kaomoji",
            "emoji"
        ],
        "Meme Title": "Task failed successfully!",
        "filename": "5yciuh.jpg"
    },
    {
        "href": "https://imgflip.com/i/5y9rpj",
        "imgsrc": "https://i.imgflip.com/5y9rpj.jpg",
        "noisy": false,
        "tags": [
            "tuxedo winnie the pooh grossed reverse"
        ],
        "Meme Title": "Maybe we'll go back, to a better time...",
        "filename": "5y9rpj.jpg"
    },
    {
        "href": "https://imgflip.com/i/6o7bk1",
        "imgsrc": "https://i.imgflip.com/6o7bk1.jpg",
        "noisy": false,
        "tags": [
            "tuxedo winnie the pooh grossed reverse",
            "charger",
            "memes",
            "funny",
            "winnie the pooh"
        ],
        "Meme Title": "Rip my phone charger.",
        "filename": "6o7bk1.jpg"
    },
    {
        "href": "https://imgflip.com/i/5wnqxb",
        "imgsrc": "https://i.imgflip.com/5wnqxb.jpg",
        "noisy": false,
        "tags": [
            "tuxedo winnie the pooh grossed reverse"
        ],
        "Meme Title": "Tuxedo Winnie the Pooh grossed reverse",
        "filename": "5wnqxb.jpg"
    },
    {
        "href": "https://imgflip.com/i/68ja90",
        "imgsrc": "https://i.imgflip.com/68ja90.jpg",
        "noisy": false,
        "tags": [
            "tuxedo winnie the pooh grossed reverse"
        ],
        "Meme Title": "Starwars better than Star Trek",
        "filename": "68ja90.jpg"
    },
    {
        "href": "https://imgflip.com/i/5z4d68",
        "imgsrc": "https://i.imgflip.com/5z4d68.jpg",
        "noisy": false,
        "tags": [
            "tuxedo winnie the pooh grossed reverse"
        ],
        "Meme Title": "Lol",
        "filename": "5z4d68.jpg"
    },
    {
        "href": "https://imgflip.com/i/5atur5",
        "imgsrc": "https://i.imgflip.com/5atur5.jpg",
        "noisy": false,
        "tags": [
            "tuxedo winnie the pooh grossed reverse"
        ],
        "Meme Title": "Tuxedo Winnie the Pooh grossed reverse",
        "filename": "5atur5.jpg"
    },
    {
        "href": "https://imgflip.com/i/5tcmy9",
        "imgsrc": "https://i.imgflip.com/5tcmy9.jpg",
        "noisy": false,
        "tags": [
            "tuxedo winnie the pooh grossed reverse"
        ],
        "Meme Title": "Stop begging for upvotes",
        "filename": "5tcmy9.jpg"
    },
    {
        "href": "https://imgflip.com/i/613sv4",
        "imgsrc": "https://i.imgflip.com/613sv4.jpg",
        "noisy": false,
        "tags": [
            "tuxedo winnie the pooh grossed reverse"
        ],
        "Meme Title": "Tuxedo Winnie the Pooh grossed reverse",
        "filename": "613sv4.jpg"
    },
    {
        "href": "https://imgflip.com/i/5sy6h1",
        "imgsrc": "https://i.imgflip.com/5sy6h1.jpg",
        "noisy": false,
        "tags": [
            "tuxedo winnie the pooh grossed reverse",
            "tuxedo winnie the pooh",
            "memes",
            "funny",
            "so true memes"
        ],
        "Meme Title": "I hate people who do this",
        "filename": "5sy6h1.jpg"
    },
    {
        "href": "https://imgflip.com/i/534n8m",
        "imgsrc": "https://i.imgflip.com/534n8m.jpg",
        "noisy": false,
        "tags": [
            "tuxedo winnie the pooh grossed reverse"
        ],
        "Meme Title": "Tuxedo Winnie the Pooh grossed reverse",
        "filename": "534n8m.jpg"
    },
    {
        "href": "https://imgflip.com/i/5gsejr",
        "imgsrc": "https://i.imgflip.com/5gsejr.jpg",
        "noisy": false,
        "tags": [
            "tuxedo winnie the pooh grossed reverse"
        ],
        "Meme Title": "Tuxedo Winnie the Pooh grossed reverse",
        "filename": "5gsejr.jpg"
    },
    {
        "href": "https://imgflip.com/i/5rbgly",
        "imgsrc": "https://i.imgflip.com/5rbgly.jpg",
        "noisy": false,
        "tags": [
            "memes",
            "winnie the pooh",
            "stop reading the tags",
            "im warning you",
            "you have been eternally cursed for reading the tags"
        ],
        "Meme Title": "Tuxedo Winnie the Pooh grossed reverse",
        "filename": "5rbgly.jpg"
    },
    {
        "href": "https://imgflip.com/i/6a8s5n",
        "imgsrc": "https://i.imgflip.com/6a8s5n.jpg",
        "noisy": false,
        "tags": [
            "tuxedo winnie the pooh grossed reverse"
        ],
        "Meme Title": "Tuxedo Winnie the Pooh grossed reverse",
        "filename": "6a8s5n.jpg"
    },
    {
        "href": "https://imgflip.com/i/5pmrv0",
        "imgsrc": "https://i.imgflip.com/5pmrv0.jpg",
        "noisy": false,
        "tags": [
            "tuxedo winnie the pooh grossed reverse",
            "popular kid"
        ],
        "Meme Title": "cringe",
        "filename": "5pmrv0.jpg"
    },
    {
        "href": "https://imgflip.com/i/4jtcu7",
        "imgsrc": "https://i.imgflip.com/4jtcu7.jpg",
        "noisy": false,
        "tags": [
            "tuxedo winnie the pooh grossed reverse",
            "among us",
            "ytp"
        ],
        "Meme Title": "among vs ytp sus pooh version",
        "filename": "4jtcu7.jpg"
    },
    {
        "href": "https://imgflip.com/i/4ynxjq",
        "imgsrc": "https://i.imgflip.com/4ynxjq.jpg",
        "noisy": false,
        "tags": [
            "tuxedo winnie the pooh grossed reverse",
            "memes",
            "meme",
            "funny memes",
            "tuxedo winnie the pooh",
            "winnie the pooh"
        ],
        "Meme Title": "true",
        "filename": "4ynxjq.jpg"
    },
    {
        "href": "https://imgflip.com/i/55w2bc",
        "imgsrc": "https://i.imgflip.com/55w2bc.jpg",
        "noisy": false,
        "tags": [
            "tuxedo winnie the pooh grossed reverse"
        ],
        "Meme Title": "Tuxedo Winnie the Pooh grossed reverse",
        "filename": "55w2bc.jpg"
    },
    {
        "href": "https://imgflip.com/i/52sioq",
        "imgsrc": "https://i.imgflip.com/52sioq.jpg",
        "noisy": false,
        "tags": [
            "tuxedo winnie the pooh grossed reverse"
        ],
        "Meme Title": "Tuxedo Winnie the Pooh grossed reverse",
        "filename": "52sioq.jpg"
    },
    {
        "href": "https://imgflip.com/i/66u4li",
        "imgsrc": "https://i.imgflip.com/66u4li.jpg",
        "noisy": false,
        "tags": [
            "tuxedo winnie the pooh grossed reverse"
        ],
        "Meme Title": "I will not eat anything that says vegan in it",
        "filename": "66u4li.jpg"
    },
    {
        "href": "https://imgflip.com/i/529f3j",
        "imgsrc": "https://i.imgflip.com/529f3j.jpg",
        "noisy": false,
        "tags": [
            "tuxedo winnie the pooh grossed reverse"
        ],
        "Meme Title": "Tuxedo Winnie the Pooh grossed reverse",
        "filename": "529f3j.jpg"
    },
    {
        "href": "https://imgflip.com/i/57h6md",
        "imgsrc": "https://i.imgflip.com/57h6md.jpg",
        "noisy": false,
        "tags": [
            "tuxedo winnie the pooh grossed reverse"
        ],
        "Meme Title": "Tuxedo Winnie the Pooh grossed reverse",
        "filename": "57h6md.jpg"
    },
    {
        "href": "https://imgflip.com/i/4yxyn2",
        "imgsrc": "https://i.imgflip.com/4yxyn2.jpg",
        "noisy": false,
        "tags": [
            "tuxedo winnie the pooh grossed reverse",
            "school lunch"
        ],
        "Meme Title": "Tuxedo Winnie the Pooh grossed reverse",
        "filename": "4yxyn2.jpg"
    },
    {
        "href": "https://imgflip.com/i/5k6n76",
        "imgsrc": "https://i.imgflip.com/5k6n76.jpg",
        "noisy": false,
        "tags": [
            "tuxedo winnie the pooh grossed reverse"
        ],
        "Meme Title": "I bet you paused to comment",
        "filename": "5k6n76.jpg"
    },
    {
        "href": "https://imgflip.com/i/5b8121",
        "imgsrc": "https://i.imgflip.com/5b8121.jpg",
        "noisy": false,
        "tags": [
            "tuxedo winnie the pooh grossed reverse"
        ],
        "Meme Title": "TIKTOK SUCKS",
        "filename": "5b8121.jpg"
    },
    {
        "href": "https://imgflip.com/i/60petp",
        "imgsrc": "https://i.imgflip.com/60petp.jpg",
        "noisy": false,
        "tags": [
            "tuxedo winnie the pooh grossed reverse"
        ],
        "Meme Title": "Teen Vogue articles",
        "filename": "60petp.jpg"
    },
    {
        "href": "https://imgflip.com/i/5p7hav",
        "imgsrc": "https://i.imgflip.com/5p7hav.jpg",
        "noisy": false,
        "tags": [
            "tuxedo winnie the pooh grossed reverse"
        ],
        "Meme Title": "My images.",
        "filename": "5p7hav.jpg"
    },
    {
        "href": "https://imgflip.com/i/5p4f5j",
        "imgsrc": "https://i.imgflip.com/5p4f5j.jpg",
        "noisy": false,
        "tags": [
            "tuxedo winnie the pooh grossed reverse"
        ],
        "Meme Title": "Pain",
        "filename": "5p4f5j.jpg"
    },
    {
        "href": "https://imgflip.com/i/4vl3cp",
        "imgsrc": "https://i.imgflip.com/4vl3cp.jpg",
        "noisy": false,
        "tags": [
            "tuxedo winnie the pooh grossed reverse"
        ],
        "Meme Title": "ah",
        "filename": "4vl3cp.jpg"
    },
    {
        "href": "https://imgflip.com/i/5cwk1m",
        "imgsrc": "https://i.imgflip.com/5cwk1m.jpg",
        "noisy": false,
        "tags": [
            "tuxedo winnie the pooh grossed reverse"
        ],
        "Meme Title": "Tuxedo Winnie the Pooh grossed reverse",
        "filename": "5cwk1m.jpg"
    },
    {
        "href": "https://imgflip.com/i/6bh2fy",
        "imgsrc": "https://i.imgflip.com/6bh2fy.jpg",
        "noisy": false,
        "tags": [
            "tuxedo winnie the pooh grossed reverse",
            "popular",
            "trending",
            "meme",
            "imgflip"
        ],
        "Meme Title": "Tuxedo Winnie the Pooh grossed reverse",
        "filename": "6bh2fy.jpg"
    },
    {
        "href": "https://imgflip.com/i/4tcvxj",
        "imgsrc": "https://i.imgflip.com/4tcvxj.jpg",
        "noisy": false,
        "tags": [
            "tuxedo winnie the pooh grossed reverse"
        ],
        "Meme Title": "Duh_Hacking",
        "filename": "4tcvxj.jpg"
    },
    {
        "href": "https://imgflip.com/i/4skm30",
        "imgsrc": "https://i.imgflip.com/4skm30.jpg",
        "noisy": false,
        "tags": [
            "tuxedo winnie the pooh grossed reverse",
            "memes",
            "mental"
        ],
        "Meme Title": "Tuxedo Winnie the Pooh grossed reverse",
        "filename": "4skm30.jpg"
    },
    {
        "href": "https://imgflip.com/i/5ulikv",
        "imgsrc": "https://i.imgflip.com/5ulikv.jpg",
        "noisy": false,
        "tags": [
            "tuxedo winnie the pooh grossed reverse"
        ],
        "Meme Title": "nnn vs ddd",
        "filename": "5ulikv.jpg"
    },
    {
        "href": "https://imgflip.com/i/4cmb0k",
        "imgsrc": "https://i.imgflip.com/4cmb0k.jpg",
        "noisy": false,
        "tags": [
            "tuxedo winnie the pooh grossed reverse",
            "memes",
            "youtube",
            "comments",
            "stupidity",
            "edit"
        ],
        "Meme Title": "Tuxedo/grossed reverse",
        "filename": "4cmb0k.jpg"
    },
    {
        "href": "https://imgflip.com/i/4jft7g",
        "imgsrc": "https://i.imgflip.com/4jft7g.jpg",
        "noisy": false,
        "tags": [
            "tuxedo winnie the pooh grossed reverse"
        ],
        "Meme Title": "Quality Memes vs. Upvotes",
        "filename": "4jft7g.jpg"
    },
    {
        "href": "https://imgflip.com/i/6rd11k",
        "imgsrc": "https://i.imgflip.com/6rd11k.jpg",
        "noisy": false,
        "tags": [
            "tuxedo winnie the pooh grossed reverse"
        ],
        "Meme Title": "Tuxedo Winnie the Pooh grossed reverse",
        "filename": "6rd11k.jpg"
    },
    {
        "href": "https://imgflip.com/i/5hxbaf",
        "imgsrc": "https://i.imgflip.com/5hxbaf.jpg",
        "noisy": false,
        "tags": [
            "tuxedo winnie the pooh grossed reverse"
        ],
        "Meme Title": "cringe",
        "filename": "5hxbaf.jpg"
    },
    {
        "href": "https://imgflip.com/i/479n44",
        "imgsrc": "https://i.imgflip.com/479n44.jpg",
        "noisy": false,
        "tags": [
            "tuxedo winnie the pooh grossed reverse"
        ],
        "Meme Title": "it do be like that doe",
        "filename": "479n44.jpg"
    },
    {
        "href": "https://imgflip.com/i/57ho99",
        "imgsrc": "https://i.imgflip.com/57ho99.jpg",
        "noisy": false,
        "tags": [
            "tuxedo winnie the pooh grossed reverse"
        ],
        "Meme Title": "Tuxedo Winnie the Pooh grossed reverse",
        "filename": "57ho99.jpg"
    },
    {
        "href": "https://imgflip.com/i/686mzu",
        "imgsrc": "https://i.imgflip.com/686mzu.jpg",
        "noisy": false,
        "tags": [
            "tuxedo winnie the pooh grossed reverse"
        ],
        "Meme Title": "among us",
        "filename": "686mzu.jpg"
    },
    {
        "href": "https://imgflip.com/i/4srl2u",
        "imgsrc": "https://i.imgflip.com/4srl2u.jpg",
        "noisy": false,
        "tags": [
            "tuxedo winnie the pooh grossed reverse"
        ],
        "Meme Title": "who the hell types links",
        "filename": "4srl2u.jpg"
    },
    {
        "href": "https://imgflip.com/i/4xneoj",
        "imgsrc": "https://i.imgflip.com/4xneoj.jpg",
        "noisy": false,
        "tags": [
            "tuxedo winnie the pooh grossed reverse"
        ],
        "Meme Title": "Insults 101",
        "filename": "4xneoj.jpg"
    },
    {
        "href": "https://imgflip.com/i/474l7j",
        "imgsrc": "https://i.imgflip.com/474l7j.jpg",
        "noisy": false,
        "tags": [
            "tuxedo winnie the pooh grossed reverse"
        ],
        "Meme Title": "Epic movie",
        "filename": "474l7j.jpg"
    },
    {
        "href": "https://imgflip.com/i/5epjqe",
        "imgsrc": "https://i.imgflip.com/5epjqe.jpg",
        "noisy": false,
        "tags": [
            "tuxedo winnie the pooh grossed reverse"
        ],
        "Meme Title": "Tuxedo Winnie the Pooh grossed reverse",
        "filename": "5epjqe.jpg"
    },
    {
        "href": "https://imgflip.com/i/4zs6k4",
        "imgsrc": "https://i.imgflip.com/4zs6k4.jpg",
        "noisy": false,
        "tags": [
            "tuxedo winnie the pooh grossed reverse",
            "funny",
            "funny memes",
            "choccy milk",
            "memes",
            "brimmuthafukinstone"
        ],
        "Meme Title": "It's chocolate milk you simpletons! ?",
        "filename": "4zs6k4.jpg"
    },
    {
        "href": "https://imgflip.com/i/5bs21f",
        "imgsrc": "https://i.imgflip.com/5bs21f.jpg",
        "noisy": false,
        "tags": [
            "tuxedo winnie the pooh grossed reverse"
        ],
        "Meme Title": "Tuxedo Winnie the Pooh grossed reverse",
        "filename": "5bs21f.jpg"
    },
    {
        "href": "https://imgflip.com/i/4y7vof",
        "imgsrc": "https://i.imgflip.com/4y7vof.jpg",
        "noisy": false,
        "tags": [
            "tuxedo winnie the pooh grossed reverse"
        ],
        "Meme Title": "Tuxedo Winnie the Pooh grossed reverse",
        "filename": "4y7vof.jpg"
    },
    {
        "href": "https://imgflip.com/i/4syihb",
        "imgsrc": "https://i.imgflip.com/4syihb.jpg",
        "noisy": false,
        "tags": [
            "tuxedo winnie the pooh grossed reverse"
        ],
        "Meme Title": "When I'm playing the piano",
        "filename": "4syihb.jpg"
    },
    {
        "href": "https://imgflip.com/i/4kynbc",
        "imgsrc": "https://i.imgflip.com/4kynbc.jpg",
        "noisy": false,
        "tags": [
            "tuxedo winnie the pooh grossed reverse"
        ],
        "Meme Title": "Tuxedo Winnie the Pooh grossed reverse",
        "filename": "4kynbc.jpg"
    },
    {
        "href": "https://imgflip.com/i/4j47bg",
        "imgsrc": "https://i.imgflip.com/4j47bg.jpg",
        "noisy": false,
        "tags": [
            "tuxedo winnie the pooh grossed reverse"
        ],
        "Meme Title": "there\u2019s always that one person",
        "filename": "4j47bg.jpg"
    },
    {
        "href": "https://imgflip.com/i/48yj85",
        "imgsrc": "https://i.imgflip.com/48yj85.jpg",
        "noisy": false,
        "tags": [
            "tuxedo winnie the pooh grossed reverse"
        ],
        "Meme Title": "Tuxedo Winnie the Pooh grossed reverse",
        "filename": "48yj85.jpg"
    },
    {
        "href": "https://imgflip.com/i/3x3k92",
        "imgsrc": "https://i.imgflip.com/3x3k92.jpg",
        "noisy": false,
        "tags": [
            "tuxedo winnie the pooh grossed reverse"
        ],
        "Meme Title": "Tuxedo Winnie the Pooh grossed reverse",
        "filename": "3x3k92.jpg"
    },
    {
        "href": "https://imgflip.com/i/468jer",
        "imgsrc": "https://i.imgflip.com/468jer.jpg",
        "noisy": false,
        "tags": [
            "tuxedo winnie the pooh grossed reverse"
        ],
        "Meme Title": "Idk",
        "filename": "468jer.jpg"
    },
    {
        "href": "https://imgflip.com/i/467v1z",
        "imgsrc": "https://i.imgflip.com/467v1z.jpg",
        "noisy": false,
        "tags": [
            "tuxedo winnie the pooh grossed reverse"
        ],
        "Meme Title": "Tuxedo Winnie the Pooh grossed reverse",
        "filename": "467v1z.jpg"
    },
    {
        "href": "https://imgflip.com/i/44v4ug",
        "imgsrc": "https://i.imgflip.com/44v4ug.jpg",
        "noisy": false,
        "tags": [
            "tuxedo winnie the pooh grossed reverse"
        ],
        "Meme Title": "Finally. He is arrested.",
        "filename": "44v4ug.jpg"
    },
    {
        "href": "https://imgflip.com/i/4jrop2",
        "imgsrc": "https://i.imgflip.com/4jrop2.jpg",
        "noisy": false,
        "tags": [
            "tuxedo winnie the pooh grossed reverse"
        ],
        "Meme Title": "dreams fanbase be like",
        "filename": "4jrop2.jpg"
    },
    {
        "href": "https://imgflip.com/i/6dmah2",
        "imgsrc": "https://i.imgflip.com/6dmah2.jpg",
        "noisy": false,
        "tags": [
            "tuxedo winnie the pooh grossed reverse"
        ],
        "Meme Title": "Tuxedo Winnie the Pooh grossed reverse",
        "filename": "6dmah2.jpg"
    },
    {
        "href": "https://imgflip.com/i/4i87ln",
        "imgsrc": "https://i.imgflip.com/4i87ln.jpg",
        "noisy": false,
        "tags": [
            "tuxedo winnie the pooh grossed reverse"
        ],
        "Meme Title": "Upvote beg = Bad",
        "filename": "4i87ln.jpg"
    },
    {
        "href": "https://imgflip.com/i/4yh5cy",
        "imgsrc": "https://i.imgflip.com/4yh5cy.jpg",
        "noisy": false,
        "tags": [
            "tuxedo winnie the pooh grossed reverse"
        ],
        "Meme Title": "this happened",
        "filename": "4yh5cy.jpg"
    },
    {
        "href": "https://imgflip.com/i/5xzaaa",
        "imgsrc": "https://i.imgflip.com/5xzaaa.jpg",
        "noisy": false,
        "tags": [
            "tuxedo winnie the pooh grossed reverse"
        ],
        "Meme Title": "This is so annoying",
        "filename": "5xzaaa.jpg"
    },
    {
        "href": "https://imgflip.com/i/4u7lc1",
        "imgsrc": "https://i.imgflip.com/4u7lc1.jpg",
        "noisy": false,
        "tags": [
            "tuxedo winnie the pooh grossed reverse"
        ],
        "Meme Title": "Tuxedo Winnie the Pooh grossed reverse",
        "filename": "4u7lc1.jpg"
    },
    {
        "href": "https://imgflip.com/i/48u3y8",
        "imgsrc": "https://i.imgflip.com/48u3y8.jpg",
        "noisy": false,
        "tags": [
            "tuxedo winnie the pooh grossed reverse"
        ],
        "Meme Title": "Tuxedo Winnie the Pooh grossed reverse",
        "filename": "48u3y8.jpg"
    },
    {
        "href": "https://imgflip.com/i/5x78az",
        "imgsrc": "https://i.imgflip.com/5x78az.jpg",
        "noisy": false,
        "tags": [
            "tuxedo winnie the pooh grossed reverse"
        ],
        "Meme Title": "Tuxedo Winnie the Pooh grossed reverse",
        "filename": "5x78az.jpg"
    },
    {
        "href": "https://imgflip.com/i/46r29k",
        "imgsrc": "https://i.imgflip.com/46r29k.jpg",
        "noisy": false,
        "tags": [
            "tuxedo winnie the pooh grossed reverse"
        ],
        "Meme Title": "Tuxedo Winnie the Pooh",
        "filename": "46r29k.jpg"
    },
    {
        "href": "https://imgflip.com/i/5cy7en",
        "imgsrc": "https://i.imgflip.com/5cy7en.jpg",
        "noisy": false,
        "tags": [
            "tuxedo winnie the pooh grossed reverse"
        ],
        "Meme Title": "which one do you choose?",
        "filename": "5cy7en.jpg"
    },
    {
        "href": "https://imgflip.com/i/5w2qsv",
        "imgsrc": "https://i.imgflip.com/5w2qsv.jpg",
        "noisy": false,
        "tags": [
            "tuxedo winnie the pooh grossed reverse"
        ],
        "Meme Title": "Tuxedo Winnie the Pooh grossed reverse",
        "filename": "5w2qsv.jpg"
    },
    {
        "href": "https://imgflip.com/i/43i9bk",
        "imgsrc": "https://i.imgflip.com/43i9bk.jpg",
        "noisy": false,
        "tags": [
            "tuxedo winnie the pooh grossed reverse"
        ],
        "Meme Title": "Tuxedo Winnie the Pooh grossed reverse",
        "filename": "43i9bk.jpg"
    },
    {
        "href": "https://imgflip.com/i/5umvgw",
        "imgsrc": "https://i.imgflip.com/5umvgw.jpg",
        "noisy": false,
        "tags": [
            "tuxedo winnie the pooh grossed reverse",
            "memes"
        ],
        "Meme Title": "Ew",
        "filename": "5umvgw.jpg"
    },
    {
        "href": "https://imgflip.com/i/5tkbwo",
        "imgsrc": "https://i.imgflip.com/5tkbwo.jpg",
        "noisy": false,
        "tags": [
            "tuxedo winnie the pooh grossed reverse"
        ],
        "Meme Title": "Tuxedo Winnie the Pooh grossed reverse",
        "filename": "5tkbwo.jpg"
    },
    {
        "href": "https://imgflip.com/i/5876iw",
        "imgsrc": "https://i.imgflip.com/5876iw.jpg",
        "noisy": false,
        "tags": [
            "tuxedo winnie the pooh grossed reverse"
        ],
        "Meme Title": "Tuxedo Winnie the Pooh grossed reverse",
        "filename": "5876iw.jpg"
    },
    {
        "href": "https://imgflip.com/i/4a7k6d",
        "imgsrc": "https://i.imgflip.com/4a7k6d.jpg",
        "noisy": false,
        "tags": [
            "tuxedo winnie the pooh grossed reverse",
            "memes",
            "politics stream sucks"
        ],
        "Meme Title": "Got that, Politics?",
        "filename": "4a7k6d.jpg"
    },
    {
        "href": "https://imgflip.com/i/5sytyt",
        "imgsrc": "https://i.imgflip.com/5sytyt.jpg",
        "noisy": false,
        "tags": [
            "tuxedo winnie the pooh grossed reverse"
        ],
        "Meme Title": "Tuxedo Winnie the Pooh grossed reverse",
        "filename": "5sytyt.jpg"
    },
    {
        "href": "https://imgflip.com/i/4nhn9g",
        "imgsrc": "https://i.imgflip.com/4nhn9g.jpg",
        "noisy": false,
        "tags": [
            "tuxedo winnie the pooh grossed reverse",
            "office humor",
            "work sucks",
            "work from home",
            "first world problems"
        ],
        "Meme Title": "Tuxedo Winnie the Pooh grossed reverse",
        "filename": "4nhn9g.jpg"
    },
    {
        "href": "https://imgflip.com/i/4knwek",
        "imgsrc": "https://i.imgflip.com/4knwek.jpg",
        "noisy": false,
        "tags": [
            "tuxedo winnie the pooh grossed reverse"
        ],
        "Meme Title": "Sore Losers",
        "filename": "4knwek.jpg"
    },
    {
        "href": "https://imgflip.com/i/4j4uhw",
        "imgsrc": "https://i.imgflip.com/4j4uhw.jpg",
        "noisy": false,
        "tags": [
            "tuxedo winnie the pooh grossed reverse"
        ],
        "Meme Title": "Say and spell it correctly!",
        "filename": "4j4uhw.jpg"
    },
    {
        "href": "https://imgflip.com/i/3sqa3x",
        "imgsrc": "https://i.imgflip.com/3sqa3x.jpg",
        "noisy": false,
        "tags": [
            "tuxedo winnie the pooh grossed reverse",
            "tuxedo winnie the pooh",
            "caramel",
            "bad pronunciation"
        ],
        "Meme Title": "Caramel Winnie the Pooh",
        "filename": "3sqa3x.jpg"
    },
    {
        "href": "https://imgflip.com/i/4ugvf6",
        "imgsrc": "https://i.imgflip.com/4ugvf6.jpg",
        "noisy": false,
        "tags": [
            "tuxedo winnie the pooh grossed reverse"
        ],
        "Meme Title": "Tuxedo Winnie the Pooh grossed reverse",
        "filename": "4ugvf6.jpg"
    },
    {
        "href": "https://imgflip.com/i/4ykimt",
        "imgsrc": "https://i.imgflip.com/4ykimt.jpg",
        "noisy": false,
        "tags": [
            "alcohol"
        ],
        "Meme Title": "Light vs Dark Theme",
        "filename": "4ykimt.jpg"
    },
    {
        "href": "https://imgflip.com/i/3unuu5",
        "imgsrc": "https://i.imgflip.com/3unuu5.jpg",
        "noisy": false,
        "tags": [
            "tuxedo winnie the pooh grossed reverse",
            "astrology",
            "astronomy",
            "planet",
            "blank",
            "science"
        ],
        "Meme Title": "Tuxedo Winnie the Pooh grossed reverse",
        "filename": "3unuu5.jpg"
    },
    {
        "href": "https://imgflip.com/i/4a7ius",
        "imgsrc": "https://i.imgflip.com/4a7ius.jpg",
        "noisy": false,
        "tags": [
            "tuxedo winnie the pooh grossed reverse"
        ],
        "Meme Title": "Tuxedo Winnie the Pooh grossed reverse",
        "filename": "4a7ius.jpg"
    },
    {
        "href": "https://imgflip.com/i/447bkq",
        "imgsrc": "https://i.imgflip.com/447bkq.jpg",
        "noisy": false,
        "tags": [
            "tuxedo winnie the pooh grossed reverse"
        ],
        "Meme Title": "Tuxedo Winnie the Pooh grossed reverse",
        "filename": "447bkq.jpg"
    },
    {
        "href": "https://imgflip.com/i/4q2bnx",
        "imgsrc": "https://i.imgflip.com/4q2bnx.jpg",
        "noisy": false,
        "tags": [
            "tuxedo winnie the pooh grossed reverse"
        ],
        "Meme Title": "Kids complication",
        "filename": "4q2bnx.jpg"
    },
    {
        "href": "https://imgflip.com/i/5f6mg8",
        "imgsrc": "https://i.imgflip.com/5f6mg8.jpg",
        "noisy": false,
        "tags": [
            "tuxedo winnie the pooh grossed reverse"
        ],
        "Meme Title": "Tuxedo Winnie the Pooh grossed reverse",
        "filename": "5f6mg8.jpg"
    },
    {
        "href": "https://imgflip.com/i/6d0bwj",
        "imgsrc": "https://i.imgflip.com/6d0bwj.jpg",
        "noisy": false,
        "tags": [
            "tuxedo winnie the pooh grossed reverse",
            "british"
        ],
        "Meme Title": "Bri'ish",
        "filename": "6d0bwj.jpg"
    },
    {
        "href": "https://imgflip.com/i/59vmn2",
        "imgsrc": "https://i.imgflip.com/59vmn2.jpg",
        "noisy": false,
        "tags": [
            "tuxedo winnie the pooh grossed reverse"
        ],
        "Meme Title": "Tuxedo Winnie the Pooh grossed reverse",
        "filename": "59vmn2.jpg"
    },
    {
        "href": "https://imgflip.com/i/53g4v3",
        "imgsrc": "https://i.imgflip.com/53g4v3.jpg",
        "noisy": false,
        "tags": [
            "tuxedo winnie the pooh grossed reverse"
        ],
        "Meme Title": "Tuxedo Winnie the Pooh grossed reverse",
        "filename": "53g4v3.jpg"
    },
    {
        "href": "https://imgflip.com/i/43imah",
        "imgsrc": "https://i.imgflip.com/43imah.jpg",
        "noisy": false,
        "tags": [
            "tuxedo winnie the pooh grossed reverse"
        ],
        "Meme Title": "Tuxedo Winnie the Pooh grossed reverse",
        "filename": "43imah.jpg"
    },
    {
        "href": "https://imgflip.com/i/4qvnax",
        "imgsrc": "https://i.imgflip.com/4qvnax.jpg",
        "noisy": false,
        "tags": [
            "tuxedo winnie the pooh grossed reverse"
        ],
        "Meme Title": "Secret In The Meme",
        "filename": "4qvnax.jpg"
    },
    {
        "href": "https://imgflip.com/i/4wnw8b",
        "imgsrc": "https://i.imgflip.com/4wnw8b.jpg",
        "noisy": false,
        "tags": [
            "tuxedo winnie the pooh grossed reverse"
        ],
        "Meme Title": "Tuxedo Winnie the Pooh grossed reverse",
        "filename": "4wnw8b.jpg"
    },
    {
        "href": "https://imgflip.com/i/4dnh1c",
        "imgsrc": "https://i.imgflip.com/4dnh1c.jpg",
        "noisy": false,
        "tags": [
            "tuxedo winnie the pooh grossed reverse"
        ],
        "Meme Title": "tHaT's hOw lIfE iS!!!!1!!1!!",
        "filename": "4dnh1c.jpg"
    },
    {
        "href": "https://imgflip.com/i/5f1twm",
        "imgsrc": "https://i.imgflip.com/5f1twm.jpg",
        "noisy": false,
        "tags": [
            "tuxedo winnie the pooh grossed reverse",
            "funny",
            "funny memes"
        ],
        "Meme Title": "True intellectuals understand",
        "filename": "5f1twm.jpg"
    },
    {
        "href": "https://imgflip.com/i/5maf6u",
        "imgsrc": "https://i.imgflip.com/5maf6u.jpg",
        "noisy": false,
        "tags": [
            "tuxedo winnie the pooh grossed reverse"
        ],
        "Meme Title": "movie watching",
        "filename": "5maf6u.jpg"
    },
    {
        "href": "https://imgflip.com/i/76ky0k",
        "imgsrc": "https://i.imgflip.com/76ky0k.jpg",
        "noisy": false,
        "tags": [
            "tuxedo winnie the pooh grossed reverse"
        ],
        "Meme Title": "Tuxedo Winnie the Pooh grossed reverse",
        "filename": "76ky0k.jpg"
    },
    {
        "href": "https://imgflip.com/i/728fan",
        "imgsrc": "https://i.imgflip.com/728fan.jpg",
        "noisy": false,
        "tags": [
            "tuxedo winnie the pooh grossed reverse"
        ],
        "Meme Title": "Tuxedo Winnie the Pooh grossed reverse",
        "filename": "728fan.jpg"
    },
    {
        "href": "https://imgflip.com/i/6zmsr6",
        "imgsrc": "https://i.imgflip.com/6zmsr6.jpg",
        "noisy": false,
        "tags": [
            "tuxedo winnie the pooh grossed reverse"
        ],
        "Meme Title": "Tuxedo Winnie the Pooh grossed reverse",
        "filename": "6zmsr6.jpg"
    },
    {
        "href": "https://imgflip.com/i/6y2zn9",
        "imgsrc": "https://i.imgflip.com/6y2zn9.jpg",
        "noisy": false,
        "tags": [
            "tuxedo winnie the pooh grossed reverse",
            "deviantart",
            "fetish",
            "internet"
        ],
        "Meme Title": "more Deviantart memes coming up",
        "filename": "6y2zn9.jpg"
    },
    {
        "href": "https://imgflip.com/i/6q68sk",
        "imgsrc": "https://i.imgflip.com/6q68sk.jpg",
        "noisy": false,
        "tags": [
            "tuxedo winnie the pooh grossed reverse",
            "conversation",
            "why can't you just be normal",
            "trying to impress her"
        ],
        "Meme Title": "Talk To Impress",
        "filename": "6q68sk.jpg"
    },
    {
        "href": "https://imgflip.com/i/6nsycg",
        "imgsrc": "https://i.imgflip.com/6nsycg.jpg",
        "noisy": false,
        "tags": [
            "tuxedo winnie the pooh grossed reverse",
            "milkshakes",
            "delivery",
            "food",
            "customer service"
        ],
        "Meme Title": "Doordash Milkshake Customers",
        "filename": "6nsycg.jpg"
    },
    {
        "href": "https://imgflip.com/i/6lfkc4",
        "imgsrc": "https://i.imgflip.com/6lfkc4.jpg",
        "noisy": false,
        "tags": [
            "tuxedo winnie the pooh grossed reverse"
        ],
        "Meme Title": "titles, amirite?",
        "filename": "6lfkc4.jpg"
    },
    {
        "href": "https://imgflip.com/i/6hjhnb",
        "imgsrc": "https://i.imgflip.com/6hjhnb.jpg",
        "noisy": false,
        "tags": [
            "tuxedo winnie the pooh grossed reverse"
        ],
        "Meme Title": "Bruh",
        "filename": "6hjhnb.jpg"
    },
    {
        "href": "https://imgflip.com/i/6fvr7l",
        "imgsrc": "https://i.imgflip.com/6fvr7l.jpg",
        "noisy": false,
        "tags": [
            "tuxedo winnie the pooh grossed reverse"
        ],
        "Meme Title": "Tuxedo Winnie the Pooh grossed reverse",
        "filename": "6fvr7l.jpg"
    },
    {
        "href": "https://imgflip.com/i/647ss3",
        "imgsrc": "https://i.imgflip.com/647ss3.jpg",
        "noisy": false,
        "tags": [
            "tuxedo winnie the pooh grossed reverse"
        ],
        "Meme Title": "Tuxedo Winnie the Pooh grossed reverse",
        "filename": "647ss3.jpg"
    },
    {
        "href": "https://imgflip.com/i/5u7dwc",
        "imgsrc": "https://i.imgflip.com/5u7dwc.jpg",
        "noisy": false,
        "tags": [
            "tuxedo winnie the pooh grossed reverse"
        ],
        "Meme Title": "Tuxedo Winnie the Pooh grossed reverse",
        "filename": "5u7dwc.jpg"
    },
    {
        "href": "https://imgflip.com/i/5bckop",
        "imgsrc": "https://i.imgflip.com/5bckop.jpg",
        "noisy": false,
        "tags": [
            "tuxedo winnie the pooh grossed reverse"
        ],
        "Meme Title": "Tuxedo Winnie the Pooh grossed reverse",
        "filename": "5bckop.jpg"
    },
    {
        "href": "https://imgflip.com/i/594q1z",
        "imgsrc": "https://i.imgflip.com/594q1z.jpg",
        "noisy": false,
        "tags": [
            "tuxedo winnie the pooh grossed reverse"
        ],
        "Meme Title": "Tuxedo Winnie the Pooh grossed reverse",
        "filename": "594q1z.jpg"
    },
    {
        "href": "https://imgflip.com/i/3kv3yr",
        "imgsrc": "https://i.imgflip.com/3kv3yr.jpg",
        "noisy": false,
        "tags": [
            "tuxedo winnie the pooh grossed reverse"
        ],
        "Meme Title": "Tuxedo Winnie the Pooh grossed reverse",
        "filename": "3kv3yr.jpg"
    }
]