[
    {
        "href": "https://imgflip.com/i/72h7c4",
        "imgsrc": "https://i.imgflip.com/72h7c4.jpg",
        "noisy": false,
        "tags": [
            "feels good man"
        ],
        "Meme Title": "Feels Good Man",
        "filename": "72h7c4.jpg"
    },
    {
        "href": "https://imgflip.com/i/6ri4vx",
        "imgsrc": "https://i.imgflip.com/6ri4vx.jpg",
        "noisy": false,
        "tags": [
            "feels good man",
            "imgflip points",
            "memes",
            "you have been eternally cursed for reading the tags"
        ],
        "Meme Title": "ah yes",
        "filename": "6ri4vx.jpg"
    },
    {
        "href": "https://imgflip.com/i/64ejrx",
        "imgsrc": "https://i.imgflip.com/64ejrx.jpg",
        "noisy": false,
        "tags": [
            "feels good man",
            "funny",
            "memes"
        ],
        "Meme Title": "Finally",
        "filename": "64ejrx.jpg"
    },
    {
        "href": "https://imgflip.com/i/5n1pkl",
        "imgsrc": "https://i.imgflip.com/5n1pkl.jpg",
        "noisy": false,
        "tags": [
            "feels good man"
        ],
        "Meme Title": "Feels Good Man",
        "filename": "5n1pkl.jpg"
    },
    {
        "href": "https://imgflip.com/i/2abviz",
        "imgsrc": "https://i.imgflip.com/2abviz.jpg",
        "noisy": false,
        "tags": [
            "feels good man",
            "trhtimmy",
            "memes"
        ],
        "Meme Title": "Guess who's back",
        "filename": "2abviz.jpg"
    },
    {
        "href": "https://imgflip.com/i/4pc8ps",
        "imgsrc": "https://i.imgflip.com/4pc8ps.jpg",
        "noisy": false,
        "tags": [
            "feels good man"
        ],
        "Meme Title": "I've done it! I've stopped racism!",
        "filename": "4pc8ps.jpg"
    },
    {
        "href": "https://imgflip.com/i/4onqtq",
        "imgsrc": "https://i.imgflip.com/4onqtq.jpg",
        "noisy": false,
        "tags": [
            "feels good man"
        ],
        "Meme Title": "Feels Good Man",
        "filename": "4onqtq.jpg"
    },
    {
        "href": "https://imgflip.com/i/4jyugm",
        "imgsrc": "https://i.imgflip.com/4jyugm.jpg",
        "noisy": false,
        "tags": [
            "feels good man"
        ],
        "Meme Title": "home alone x feels good",
        "filename": "4jyugm.jpg"
    },
    {
        "href": "https://imgflip.com/i/2u73t9",
        "imgsrc": "https://i.imgflip.com/2u73t9.jpg",
        "noisy": false,
        "tags": [
            "feels good man"
        ],
        "Meme Title": "Feels Good Man",
        "filename": "2u73t9.jpg"
    },
    {
        "href": "https://imgflip.com/i/3t1c12",
        "imgsrc": "https://i.imgflip.com/3t1c12.jpg",
        "noisy": false,
        "tags": [
            "feels good man"
        ],
        "Meme Title": "Wash your hands!",
        "filename": "3t1c12.jpg"
    },
    {
        "href": "https://imgflip.com/i/3u5t16",
        "imgsrc": "https://i.imgflip.com/3u5t16.jpg",
        "noisy": false,
        "tags": [
            "feels good man"
        ],
        "Meme Title": "Feels Good Man",
        "filename": "3u5t16.jpg"
    },
    {
        "href": "https://imgflip.com/i/2k2d9q",
        "imgsrc": "https://i.imgflip.com/2k2d9q.jpg",
        "noisy": false,
        "tags": [
            "feels good man",
            "memes",
            "tupperware",
            "ilikepie314159265358979"
        ],
        "Meme Title": "Feels Good Man",
        "filename": "2k2d9q.jpg"
    },
    {
        "href": "https://imgflip.com/i/3e512x",
        "imgsrc": "https://i.imgflip.com/3e512x.jpg",
        "noisy": false,
        "tags": [
            "feels good man"
        ],
        "Meme Title": "Feels Good Man",
        "filename": "3e512x.jpg"
    },
    {
        "href": "https://imgflip.com/i/4pq16r",
        "imgsrc": "https://i.imgflip.com/4pq16r.jpg",
        "noisy": false,
        "tags": [
            "feels good man"
        ],
        "Meme Title": "Feels Good Man",
        "filename": "4pq16r.jpg"
    },
    {
        "href": "https://imgflip.com/i/1x4eyz",
        "imgsrc": "https://i.imgflip.com/1x4eyz.jpg",
        "noisy": false,
        "tags": [
            "feels good man",
            "memes",
            "trhtimmy"
        ],
        "Meme Title": "Feels Good Man",
        "filename": "1x4eyz.jpg"
    },
    {
        "href": "https://imgflip.com/i/3gyvgv",
        "imgsrc": "https://i.imgflip.com/3gyvgv.jpg",
        "noisy": false,
        "tags": [
            "jojo's bizarre adventure"
        ],
        "Meme Title": "Feels Good Man",
        "filename": "3gyvgv.jpg"
    },
    {
        "href": "https://imgflip.com/i/4kegx3",
        "imgsrc": "https://i.imgflip.com/4kegx3.jpg",
        "noisy": false,
        "tags": [
            "feels good man"
        ],
        "Meme Title": "Feels Good Man",
        "filename": "4kegx3.jpg"
    },
    {
        "href": "https://imgflip.com/i/uz63v",
        "imgsrc": "https://i.imgflip.com/uz63v.jpg",
        "noisy": false,
        "tags": [
            "feels good man"
        ],
        "Meme Title": "Feels Good Man",
        "filename": "uz63v.jpg"
    },
    {
        "href": "https://imgflip.com/i/y6nsk",
        "imgsrc": "https://i.imgflip.com/y6nsk.jpg",
        "noisy": false,
        "tags": [
            "feels good man",
            "wake up",
            "waking up",
            "the feels",
            "tfw",
            "sleepy"
        ],
        "Meme Title": "No coffee, no nothin'",
        "filename": "y6nsk.jpg"
    },
    {
        "href": "https://imgflip.com/i/ia5u5",
        "imgsrc": "https://i.imgflip.com/ia5u5.jpg",
        "noisy": false,
        "tags": [
            "feels good man",
            "memes"
        ],
        "Meme Title": "Mortal Kombat",
        "filename": "ia5u5.jpg"
    },
    {
        "href": "https://imgflip.com/i/x6ise",
        "imgsrc": "https://i.imgflip.com/x6ise.jpg",
        "noisy": false,
        "tags": [
            "feels good man"
        ],
        "Meme Title": "Feels Good Man",
        "filename": "x6ise.jpg"
    },
    {
        "href": "https://imgflip.com/i/kbduo",
        "imgsrc": "https://i.imgflip.com/kbduo.jpg",
        "noisy": false,
        "tags": [
            "feels good man"
        ],
        "Meme Title": "Feels Good Man",
        "filename": "kbduo.jpg"
    },
    {
        "href": "https://imgflip.com/i/19wnet",
        "imgsrc": "https://i.imgflip.com/19wnet.jpg",
        "noisy": false,
        "tags": [
            "feels good man"
        ],
        "Meme Title": "Visiting my home town can be treacherous",
        "filename": "19wnet.jpg"
    },
    {
        "href": "https://imgflip.com/i/1dlmxw",
        "imgsrc": "https://i.imgflip.com/1dlmxw.jpg",
        "noisy": false,
        "tags": [
            "feels good man"
        ],
        "Meme Title": "Feels Good Man",
        "filename": "1dlmxw.jpg"
    },
    {
        "href": "https://imgflip.com/i/2g8ldg",
        "imgsrc": "https://i.imgflip.com/2g8ldg.jpg",
        "noisy": false,
        "tags": [
            "feels good man",
            "memes",
            "lazy",
            "upvotes",
            "upvote"
        ],
        "Meme Title": "Too lazy to use actual arrow",
        "filename": "2g8ldg.jpg"
    },
    {
        "href": "https://imgflip.com/i/2dkkmw",
        "imgsrc": "https://i.imgflip.com/2dkkmw.jpg",
        "noisy": false,
        "tags": [
            "feels good man"
        ],
        "Meme Title": "Feels Good Man",
        "filename": "2dkkmw.jpg"
    },
    {
        "href": "https://imgflip.com/i/1cqghh",
        "imgsrc": "https://i.imgflip.com/1cqghh.jpg",
        "noisy": false,
        "tags": [
            "feels good man"
        ],
        "Meme Title": "Feels Good Man",
        "filename": "1cqghh.jpg"
    },
    {
        "href": "https://imgflip.com/i/p3dzn",
        "imgsrc": "https://i.imgflip.com/p3dzn.jpg",
        "noisy": false,
        "tags": [
            "feels good man"
        ],
        "Meme Title": "Feels Good Man",
        "filename": "p3dzn.jpg"
    }
]