[
    {
        "href": "https://imgflip.com/i/78sfhg",
        "imgsrc": "https://i.imgflip.com/78sfhg.jpg",
        "noisy": false,
        "tags": [
            "pretending to be happy hiding crying behind a mask"
        ],
        "Meme Title": "hide the tears ;-;",
        "filename": "78sfhg.jpg"
    },
    {
        "href": "https://imgflip.com/i/78ltsd",
        "imgsrc": "https://i.imgflip.com/78ltsd.jpg",
        "noisy": false,
        "tags": [
            "pretending to be happy hiding crying behind a mask",
            "friendship ended"
        ],
        "Meme Title": "This hurts so much right now",
        "filename": "78ltsd.jpg"
    },
    {
        "href": "https://imgflip.com/i/76mnsq",
        "imgsrc": "https://i.imgflip.com/76mnsq.jpg",
        "noisy": false,
        "tags": [
            "gimme",
            "chicken nuggets",
            "sus",
            "jesus",
            "help"
        ],
        "Meme Title": "dream 6.0",
        "filename": "76mnsq.jpg"
    },
    {
        "href": "https://imgflip.com/i/6x6wpd",
        "imgsrc": "https://i.imgflip.com/6x6wpd.jpg",
        "noisy": false,
        "tags": [
            "pretending to be happy hiding crying behind a mask",
            "trick or treat",
            "halloween",
            "sad",
            "memes",
            "funny"
        ],
        "Meme Title": "There's like, 2 kids in the street :(",
        "filename": "6x6wpd.jpg"
    },
    {
        "href": "https://imgflip.com/i/6po3wd",
        "imgsrc": "https://i.imgflip.com/6po3wd.jpg",
        "noisy": false,
        "tags": [
            "pretending to be happy hiding crying behind a mask",
            "memes",
            "relatable",
            "oh wow are you actually reading these tags"
        ],
        "Meme Title": "This happened to me today :'(",
        "filename": "6po3wd.jpg"
    },
    {
        "href": "https://imgflip.com/i/6qxs84",
        "imgsrc": "https://i.imgflip.com/6qxs84.jpg",
        "noisy": false,
        "tags": [
            "pretending to be happy hiding crying behind a mask",
            "one piece memes",
            "chopper bounty",
            "straw hats bounty"
        ],
        "Meme Title": "chopper's new bounty",
        "filename": "6qxs84.jpg"
    },
    {
        "href": "https://imgflip.com/i/719vry",
        "imgsrc": "https://i.imgflip.com/719vry.jpg",
        "noisy": false,
        "tags": [
            "pretending to be happy hiding crying behind a mask"
        ],
        "Meme Title": "Pretending To Be Happy, Hiding Crying Behind A Mask",
        "filename": "719vry.jpg"
    },
    {
        "href": "https://imgflip.com/i/5og0mc",
        "imgsrc": "https://i.imgflip.com/5og0mc.jpg",
        "noisy": false,
        "tags": [
            "pretending to be happy hiding crying behind a mask"
        ],
        "Meme Title": "Oh yes daddy",
        "filename": "5og0mc.jpg"
    },
    {
        "href": "https://imgflip.com/i/6l5y3x",
        "imgsrc": "https://i.imgflip.com/6l5y3x.jpg",
        "noisy": false,
        "tags": [
            "pretending to be happy hiding crying behind a mask"
        ],
        "Meme Title": "Real tho",
        "filename": "6l5y3x.jpg"
    },
    {
        "href": "https://imgflip.com/i/69ay32",
        "imgsrc": "https://i.imgflip.com/69ay32.jpg",
        "noisy": false,
        "tags": [
            "pretending to be happy hiding crying behind a mask",
            "among us",
            "sus"
        ],
        "Meme Title": "Pretending To Be Happy, Hiding Crying Behind A Mask",
        "filename": "69ay32.jpg"
    },
    {
        "href": "https://imgflip.com/i/6bisrx",
        "imgsrc": "https://i.imgflip.com/6bisrx.jpg",
        "noisy": false,
        "tags": [
            "pretending to be happy hiding crying behind a mask",
            "reddit",
            "memes",
            "r/place"
        ],
        "Meme Title": "I\u2019m kinda sad that it\u2019s over",
        "filename": "6bisrx.jpg"
    },
    {
        "href": "https://imgflip.com/i/64p2h1",
        "imgsrc": "https://i.imgflip.com/64p2h1.jpg",
        "noisy": false,
        "tags": [
            "pretending to be happy hiding crying behind a mask"
        ],
        "Meme Title": "Pretending To Be Happy, Hiding Crying Behind A Mask",
        "filename": "64p2h1.jpg"
    },
    {
        "href": "https://imgflip.com/i/6bzfd8",
        "imgsrc": "https://i.imgflip.com/6bzfd8.jpg",
        "noisy": false,
        "tags": [
            "pretending to be happy hiding crying behind a mask"
        ],
        "Meme Title": "Imagine this happening",
        "filename": "6bzfd8.jpg"
    },
    {
        "href": "https://imgflip.com/i/6gvtg3",
        "imgsrc": "https://i.imgflip.com/6gvtg3.jpg",
        "noisy": false,
        "tags": [
            "pretending to be happy hiding crying behind a mask"
        ],
        "Meme Title": "Pretending To Be Happy, Hiding Crying Behind A Mask",
        "filename": "6gvtg3.jpg"
    },
    {
        "href": "https://imgflip.com/i/6ew126",
        "imgsrc": "https://i.imgflip.com/6ew126.jpg",
        "noisy": false,
        "tags": [
            "pretending to be happy hiding crying behind a mask"
        ],
        "Meme Title": "Minecraft",
        "filename": "6ew126.jpg"
    },
    {
        "href": "https://imgflip.com/i/6vzk5g",
        "imgsrc": "https://i.imgflip.com/6vzk5g.jpg",
        "noisy": false,
        "tags": [
            "pretending to be happy hiding crying behind a mask"
        ],
        "Meme Title": "Pretending To Be Happy, Hiding Crying Behind A Mask",
        "filename": "6vzk5g.jpg"
    },
    {
        "href": "https://imgflip.com/i/67xdun",
        "imgsrc": "https://i.imgflip.com/67xdun.jpg",
        "noisy": false,
        "tags": [
            "pretending to be happy hiding crying behind a mask",
            "eren jaeger",
            "aot",
            "snk",
            "manga",
            "sacrifice"
        ],
        "Meme Title": "Simp Eren is Chad eren",
        "filename": "67xdun.jpg"
    },
    {
        "href": "https://imgflip.com/i/5eb1zs",
        "imgsrc": "https://i.imgflip.com/5eb1zs.jpg",
        "noisy": false,
        "tags": [
            "pretending to be happy hiding crying behind a mask"
        ],
        "Meme Title": "Pretending To Be Happy, Hiding Crying Behind A Mask",
        "filename": "5eb1zs.jpg"
    },
    {
        "href": "https://imgflip.com/i/670jvf",
        "imgsrc": "https://i.imgflip.com/670jvf.jpg",
        "noisy": false,
        "tags": [
            "pretending to be happy hiding crying behind a mask"
        ],
        "Meme Title": "i wonder why",
        "filename": "670jvf.jpg"
    },
    {
        "href": "https://imgflip.com/i/6h8gxb",
        "imgsrc": "https://i.imgflip.com/6h8gxb.jpg",
        "noisy": false,
        "tags": [
            "pretending to be happy hiding crying behind a mask"
        ],
        "Meme Title": "Pretending To Be Happy, Hiding Crying Behind A Mask",
        "filename": "6h8gxb.jpg"
    },
    {
        "href": "https://imgflip.com/i/6f8hrv",
        "imgsrc": "https://i.imgflip.com/6f8hrv.jpg",
        "noisy": false,
        "tags": [
            "memes",
            "pretending to be happy hiding crying behind a mask",
            "funny",
            "relatable",
            "so true memes",
            "funny memes"
        ],
        "Meme Title": "Can anyone relate?",
        "filename": "6f8hrv.jpg"
    },
    {
        "href": "https://imgflip.com/i/613g5v",
        "imgsrc": "https://i.imgflip.com/613g5v.jpg",
        "noisy": false,
        "tags": [
            "pretending to be happy hiding crying behind a mask"
        ],
        "Meme Title": "Pretending To Be Happy, Hiding Crying Behind A Mask",
        "filename": "613g5v.jpg"
    },
    {
        "href": "https://imgflip.com/i/5uj05e",
        "imgsrc": "https://i.imgflip.com/5uj05e.jpg",
        "noisy": false,
        "tags": [
            "pretending to be happy hiding crying behind a mask"
        ],
        "Meme Title": "Pretending To Be Happy, Hiding Crying Behind A Mask",
        "filename": "5uj05e.jpg"
    },
    {
        "href": "https://imgflip.com/i/6jbnz8",
        "imgsrc": "https://i.imgflip.com/6jbnz8.jpg",
        "noisy": false,
        "tags": [
            "pretending to be happy hiding crying behind a mask"
        ],
        "Meme Title": "Tough",
        "filename": "6jbnz8.jpg"
    },
    {
        "href": "https://imgflip.com/i/5rsp5b",
        "imgsrc": "https://i.imgflip.com/5rsp5b.jpg",
        "noisy": false,
        "tags": [
            "pretending to be happy hiding crying behind a mask",
            "raydog",
            "memes",
            "sad",
            "hope",
            "lost"
        ],
        "Meme Title": "Imgflip needs you, Raydog.",
        "filename": "5rsp5b.jpg"
    },
    {
        "href": "https://imgflip.com/i/571342",
        "imgsrc": "https://i.imgflip.com/571342.jpg",
        "noisy": false,
        "tags": [
            "pretending to be happy hiding crying behind a mask",
            "funny memes",
            "memes"
        ],
        "Meme Title": "Based on a true story",
        "filename": "571342.jpg"
    },
    {
        "href": "https://imgflip.com/i/58ubgm",
        "imgsrc": "https://i.imgflip.com/58ubgm.jpg",
        "noisy": false,
        "tags": [
            "pretending to be happy hiding crying behind a mask"
        ],
        "Meme Title": "dream",
        "filename": "58ubgm.jpg"
    },
    {
        "href": "https://imgflip.com/i/5x444x",
        "imgsrc": "https://i.imgflip.com/5x444x.jpg",
        "noisy": false,
        "tags": [
            "pretending to be happy hiding crying behind a mask"
        ],
        "Meme Title": "Dream",
        "filename": "5x444x.jpg"
    },
    {
        "href": "https://imgflip.com/i/4gzxy0",
        "imgsrc": "https://i.imgflip.com/4gzxy0.jpg",
        "noisy": false,
        "tags": [
            "pretending to be happy hiding crying behind a mask"
        ],
        "Meme Title": "its true",
        "filename": "4gzxy0.jpg"
    },
    {
        "href": "https://imgflip.com/i/6a90ly",
        "imgsrc": "https://i.imgflip.com/6a90ly.jpg",
        "noisy": false,
        "tags": [
            "pretending to be happy hiding crying behind a mask"
        ],
        "Meme Title": "ROHAN",
        "filename": "6a90ly.jpg"
    },
    {
        "href": "https://imgflip.com/i/3fwt7x",
        "imgsrc": "https://i.imgflip.com/3fwt7x.jpg",
        "noisy": false,
        "tags": [
            "pretending to be happy hiding crying behind a mask"
        ],
        "Meme Title": "Pretending To Be Happy, Hiding Crying Behind A Mask",
        "filename": "3fwt7x.jpg"
    },
    {
        "href": "https://imgflip.com/i/4xhyp4",
        "imgsrc": "https://i.imgflip.com/4xhyp4.jpg",
        "noisy": false,
        "tags": [
            "pretending to be happy hiding crying behind a mask"
        ],
        "Meme Title": "*don't worry this is fake just a meme ;)*",
        "filename": "4xhyp4.jpg"
    },
    {
        "href": "https://imgflip.com/i/5uzh2w",
        "imgsrc": "https://i.imgflip.com/5uzh2w.jpg",
        "noisy": false,
        "tags": [
            "pretending to be happy hiding crying behind a mask",
            "memes",
            "facebook",
            "posts",
            "internal crying"
        ],
        "Meme Title": "like posts on facebook",
        "filename": "5uzh2w.jpg"
    },
    {
        "href": "https://imgflip.com/i/5ddxzj",
        "imgsrc": "https://i.imgflip.com/5ddxzj.jpg",
        "noisy": false,
        "tags": [
            "pretending to be happy hiding crying behind a mask",
            "dream",
            "mask"
        ],
        "Meme Title": "When you open your eyes",
        "filename": "5ddxzj.jpg"
    },
    {
        "href": "https://imgflip.com/i/4tydg4",
        "imgsrc": "https://i.imgflip.com/4tydg4.jpg",
        "noisy": false,
        "tags": [
            "pretending to be happy hiding crying behind a mask"
        ],
        "Meme Title": "MINECRAFT",
        "filename": "4tydg4.jpg"
    },
    {
        "href": "https://imgflip.com/i/4i3wzf",
        "imgsrc": "https://i.imgflip.com/4i3wzf.jpg",
        "noisy": false,
        "tags": [
            "pretending to be happy hiding crying behind a mask"
        ],
        "Meme Title": "F o M O",
        "filename": "4i3wzf.jpg"
    },
    {
        "href": "https://imgflip.com/i/5mxg38",
        "imgsrc": "https://i.imgflip.com/5mxg38.jpg",
        "noisy": false,
        "tags": [
            "pretending to be happy hiding crying behind a mask"
        ],
        "Meme Title": "when mom orders food for me",
        "filename": "5mxg38.jpg"
    },
    {
        "href": "https://imgflip.com/i/63iufp",
        "imgsrc": "https://i.imgflip.com/63iufp.jpg",
        "noisy": false,
        "tags": [
            "digital school",
            "school",
            "stop reading the tags",
            "stop reading the tags read the meme"
        ],
        "Meme Title": "online school lol",
        "filename": "63iufp.jpg"
    },
    {
        "href": "https://imgflip.com/i/5elqtn",
        "imgsrc": "https://i.imgflip.com/5elqtn.jpg",
        "noisy": false,
        "tags": [
            "pretending to be happy hiding crying behind a mask"
        ],
        "Meme Title": "Pretending To Be Happy, Hiding Crying Behind A Mask",
        "filename": "5elqtn.jpg"
    },
    {
        "href": "https://imgflip.com/i/4gcpfa",
        "imgsrc": "https://i.imgflip.com/4gcpfa.jpg",
        "noisy": false,
        "tags": [
            "pretending to be happy hiding crying behind a mask",
            "pixar",
            "disney",
            "movies"
        ],
        "Meme Title": "it's cool, i'm here for the story anyways",
        "filename": "4gcpfa.jpg"
    },
    {
        "href": "https://imgflip.com/i/50de1j",
        "imgsrc": "https://i.imgflip.com/50de1j.jpg",
        "noisy": false,
        "tags": [
            "pretending to be happy hiding crying behind a mask"
        ],
        "Meme Title": "Asian Kid Life",
        "filename": "50de1j.jpg"
    },
    {
        "href": "https://imgflip.com/i/4uq8tx",
        "imgsrc": "https://i.imgflip.com/4uq8tx.jpg",
        "noisy": false,
        "tags": [
            "pretending to be happy hiding crying behind a mask"
        ],
        "Meme Title": "Pretending To Be Happy, Hiding Crying Behind A Mask",
        "filename": "4uq8tx.jpg"
    },
    {
        "href": "https://imgflip.com/i/60y2mn",
        "imgsrc": "https://i.imgflip.com/60y2mn.jpg",
        "noisy": false,
        "tags": [
            "pretending to be happy hiding crying behind a mask"
        ],
        "Meme Title": "dream be like (sorry dream stans had to do it)",
        "filename": "60y2mn.jpg"
    },
    {
        "href": "https://imgflip.com/i/5alehb",
        "imgsrc": "https://i.imgflip.com/5alehb.jpg",
        "noisy": false,
        "tags": [
            "pretending to be happy hiding crying behind a mask"
        ],
        "Meme Title": "Pretending To Be Happy, Hiding Crying Behind A Mask",
        "filename": "5alehb.jpg"
    },
    {
        "href": "https://imgflip.com/i/51inc4",
        "imgsrc": "https://i.imgflip.com/51inc4.jpg",
        "noisy": false,
        "tags": [
            "pretending to be happy hiding crying behind a mask"
        ],
        "Meme Title": "Happy Friendzoned",
        "filename": "51inc4.jpg"
    },
    {
        "href": "https://imgflip.com/i/5ycgs5",
        "imgsrc": "https://i.imgflip.com/5ycgs5.jpg",
        "noisy": false,
        "tags": [
            "pretending to be happy hiding crying behind a mask"
        ],
        "Meme Title": "Pretending To Be Happy, Hiding Crying Behind A Mask",
        "filename": "5ycgs5.jpg"
    },
    {
        "href": "https://imgflip.com/i/4gzxco",
        "imgsrc": "https://i.imgflip.com/4gzxco.jpg",
        "noisy": false,
        "tags": [
            "pretending to be happy hiding crying behind a mask"
        ],
        "Meme Title": "its true",
        "filename": "4gzxco.jpg"
    },
    {
        "href": "https://imgflip.com/i/5tj3fx",
        "imgsrc": "https://i.imgflip.com/5tj3fx.jpg",
        "noisy": false,
        "tags": [
            "pretending to be happy hiding crying behind a mask"
        ],
        "Meme Title": "Dream",
        "filename": "5tj3fx.jpg"
    },
    {
        "href": "https://imgflip.com/i/52dai7",
        "imgsrc": "https://i.imgflip.com/52dai7.jpg",
        "noisy": false,
        "tags": [
            "pretending to be happy hiding crying behind a mask"
        ],
        "Meme Title": "Pretending To Be Happy, Hiding Crying Behind A Mask",
        "filename": "52dai7.jpg"
    },
    {
        "href": "https://imgflip.com/i/41kmxc",
        "imgsrc": "https://i.imgflip.com/41kmxc.jpg",
        "noisy": false,
        "tags": [
            "pretending to be happy hiding crying behind a mask"
        ],
        "Meme Title": "Pretending To Be Happy, Hiding Crying Behind A Mask",
        "filename": "41kmxc.jpg"
    },
    {
        "href": "https://imgflip.com/i/2ql39p",
        "imgsrc": "https://i.imgflip.com/2ql39p.jpg",
        "noisy": false,
        "tags": [
            "pretending to be happy hiding crying behind a mask"
        ],
        "Meme Title": "Pretending To Be Happy, Hiding Crying Behind A Mask",
        "filename": "2ql39p.jpg"
    },
    {
        "href": "https://imgflip.com/i/4r4298",
        "imgsrc": "https://i.imgflip.com/4r4298.jpg",
        "noisy": false,
        "tags": [
            "pretending to be happy hiding crying behind a mask"
        ],
        "Meme Title": "true",
        "filename": "4r4298.jpg"
    },
    {
        "href": "https://imgflip.com/i/4zqgnm",
        "imgsrc": "https://i.imgflip.com/4zqgnm.jpg",
        "noisy": false,
        "tags": [
            "pretending to be happy hiding crying behind a mask"
        ],
        "Meme Title": "ghostbusters are like am i a joke to you?",
        "filename": "4zqgnm.jpg"
    },
    {
        "href": "https://imgflip.com/i/5frlcj",
        "imgsrc": "https://i.imgflip.com/5frlcj.jpg",
        "noisy": false,
        "tags": [
            "pretending to be happy hiding crying behind a mask"
        ],
        "Meme Title": "F A X",
        "filename": "5frlcj.jpg"
    },
    {
        "href": "https://imgflip.com/i/6h8hdl",
        "imgsrc": "https://i.imgflip.com/6h8hdl.jpg",
        "noisy": false,
        "tags": [
            "pretending to be happy hiding crying behind a mask"
        ],
        "Meme Title": "I be balling like curry",
        "filename": "6h8hdl.jpg"
    },
    {
        "href": "https://imgflip.com/i/5ejbmv",
        "imgsrc": "https://i.imgflip.com/5ejbmv.jpg",
        "noisy": false,
        "tags": [
            "pretending to be happy hiding crying behind a mask",
            "memes",
            "minesweeper"
        ],
        "Meme Title": "Pretending To Be Happy, Hiding Crying Behind A Mask",
        "filename": "5ejbmv.jpg"
    },
    {
        "href": "https://imgflip.com/i/5bs7mc",
        "imgsrc": "https://i.imgflip.com/5bs7mc.jpg",
        "noisy": false,
        "tags": [
            "pretending to be happy hiding crying behind a mask"
        ],
        "Meme Title": "Garcello dead got me like:",
        "filename": "5bs7mc.jpg"
    },
    {
        "href": "https://imgflip.com/i/496bqd",
        "imgsrc": "https://i.imgflip.com/496bqd.jpg",
        "noisy": false,
        "tags": [
            "pretending to be happy hiding crying behind a mask"
        ],
        "Meme Title": "FFFFFFFFFFFFFFFFFFFFFFFFFFFFFFFFFFFF",
        "filename": "496bqd.jpg"
    },
    {
        "href": "https://imgflip.com/i/4m1cef",
        "imgsrc": "https://i.imgflip.com/4m1cef.jpg",
        "noisy": false,
        "tags": [
            "pretending to be happy hiding crying behind a mask"
        ],
        "Meme Title": "Hmmmm yes",
        "filename": "4m1cef.jpg"
    },
    {
        "href": "https://imgflip.com/i/487vf2",
        "imgsrc": "https://i.imgflip.com/487vf2.jpg",
        "noisy": false,
        "tags": [
            "pretending to be happy hiding crying behind a mask",
            "crying",
            "life sucks",
            "sad"
        ],
        "Meme Title": "Pretending To Be Happy, Hiding Crying Behind A Mask",
        "filename": "487vf2.jpg"
    },
    {
        "href": "https://imgflip.com/i/3k6gg4",
        "imgsrc": "https://i.imgflip.com/3k6gg4.jpg",
        "noisy": false,
        "tags": [
            "pretending to be happy hiding crying behind a mask",
            "science",
            "school",
            "sad",
            "funny bone"
        ],
        "Meme Title": "Pretending To Be Happy, Hiding Crying Behind A Mask",
        "filename": "3k6gg4.jpg"
    },
    {
        "href": "https://imgflip.com/i/43x6mg",
        "imgsrc": "https://i.imgflip.com/43x6mg.jpg",
        "noisy": false,
        "tags": [
            "pretending to be happy hiding crying behind a mask"
        ],
        "Meme Title": "I'm not mad, I'm relaxed.",
        "filename": "43x6mg.jpg"
    },
    {
        "href": "https://imgflip.com/i/4lbjwc",
        "imgsrc": "https://i.imgflip.com/4lbjwc.jpg",
        "noisy": false,
        "tags": [
            "pretending to be happy hiding crying behind a mask"
        ],
        "Meme Title": "Pretending To Be Happy, Hiding Crying Behind A Mask",
        "filename": "4lbjwc.jpg"
    },
    {
        "href": "https://imgflip.com/i/55sxwj",
        "imgsrc": "https://i.imgflip.com/55sxwj.jpg",
        "noisy": false,
        "tags": [
            "pretending to be happy hiding crying behind a mask"
        ],
        "Meme Title": "Pretending To Be Happy, Hiding Crying Behind A Mask",
        "filename": "55sxwj.jpg"
    },
    {
        "href": "https://imgflip.com/i/388sqx",
        "imgsrc": "https://i.imgflip.com/388sqx.jpg",
        "noisy": false,
        "tags": [
            "pretending to be happy hiding crying behind a mask"
        ],
        "Meme Title": "Pretending To Be Happy, Hiding Crying Behind A Mask",
        "filename": "388sqx.jpg"
    },
    {
        "href": "https://imgflip.com/i/64kjdv",
        "imgsrc": "https://i.imgflip.com/64kjdv.jpg",
        "noisy": false,
        "tags": [
            "pretending to be happy hiding crying behind a mask",
            "sad"
        ],
        "Meme Title": "Pretending To Be Happy, Hiding Crying Behind A Mask",
        "filename": "64kjdv.jpg"
    },
    {
        "href": "https://imgflip.com/i/3g0c4o",
        "imgsrc": "https://i.imgflip.com/3g0c4o.jpg",
        "noisy": false,
        "tags": [
            "pretending to be happy hiding crying behind a mask"
        ],
        "Meme Title": "Pretending To Be Happy, Hiding Crying Behind A Mask",
        "filename": "3g0c4o.jpg"
    },
    {
        "href": "https://imgflip.com/i/57f897",
        "imgsrc": "https://i.imgflip.com/57f897.jpg",
        "noisy": false,
        "tags": [
            "pretending to be happy hiding crying behind a mask"
        ],
        "Meme Title": "Pretending To Be Happy, Hiding Crying Behind A Mask",
        "filename": "57f897.jpg"
    },
    {
        "href": "https://imgflip.com/i/3gc16p",
        "imgsrc": "https://i.imgflip.com/3gc16p.jpg",
        "noisy": false,
        "tags": [
            "pretending to be happy hiding crying behind a mask"
        ],
        "Meme Title": "IM NOT BEGGING FOR UPVOTES",
        "filename": "3gc16p.jpg"
    },
    {
        "href": "https://imgflip.com/i/42oomn",
        "imgsrc": "https://i.imgflip.com/42oomn.jpg",
        "noisy": false,
        "tags": [
            "pretending to be happy hiding crying behind a mask"
        ],
        "Meme Title": "Pretending To Be Happy, Hiding Crying Behind A Mask",
        "filename": "42oomn.jpg"
    },
    {
        "href": "https://imgflip.com/i/224h31",
        "imgsrc": "https://i.imgflip.com/224h31.jpg",
        "noisy": false,
        "tags": [
            "pretending to be happy hiding crying behind a mask"
        ],
        "Meme Title": "Pretending To Be Happy, Hiding Crying Behind A Mask",
        "filename": "224h31.jpg"
    },
    {
        "href": "https://imgflip.com/i/2h81ze",
        "imgsrc": "https://i.imgflip.com/2h81ze.jpg",
        "noisy": false,
        "tags": [
            "pretending to be happy hiding crying behind a mask"
        ],
        "Meme Title": "Pretending To Be Happy, Hiding Crying Behind A Mask",
        "filename": "2h81ze.jpg"
    },
    {
        "href": "https://imgflip.com/i/5y8hm1",
        "imgsrc": "https://i.imgflip.com/5y8hm1.jpg",
        "noisy": false,
        "tags": [
            "pretending to be happy hiding crying behind a mask"
        ],
        "Meme Title": "Pretending To Be Happy, Hiding Crying Behind A Mask",
        "filename": "5y8hm1.jpg"
    },
    {
        "href": "https://imgflip.com/i/33hi5o",
        "imgsrc": "https://i.imgflip.com/33hi5o.jpg",
        "noisy": false,
        "tags": [
            "pretending to be happy hiding crying behind a mask"
        ],
        "Meme Title": "Pretending To Be Happy, Hiding Crying Behind A Mask",
        "filename": "33hi5o.jpg"
    },
    {
        "href": "https://imgflip.com/i/4a5w8v",
        "imgsrc": "https://i.imgflip.com/4a5w8v.jpg",
        "noisy": false,
        "tags": [
            "pretending to be happy hiding crying behind a mask",
            "spain",
            "autocorrect",
            "memes",
            "mask",
            "pain"
        ],
        "Meme Title": "damn autocorrect...",
        "filename": "4a5w8v.jpg"
    },
    {
        "href": "https://imgflip.com/i/4iuvcs",
        "imgsrc": "https://i.imgflip.com/4iuvcs.jpg",
        "noisy": false,
        "tags": [
            "pretending to be happy hiding crying behind a mask"
        ],
        "Meme Title": "Pretending To Be Happy, Hiding Crying Behind A Mask",
        "filename": "4iuvcs.jpg"
    },
    {
        "href": "https://imgflip.com/i/3h5aiu",
        "imgsrc": "https://i.imgflip.com/3h5aiu.jpg",
        "noisy": false,
        "tags": [
            "pretending to be happy hiding crying behind a mask"
        ],
        "Meme Title": "Pretending To Be Happy, Hiding Crying Behind A Mask",
        "filename": "3h5aiu.jpg"
    },
    {
        "href": "https://imgflip.com/i/3izslc",
        "imgsrc": "https://i.imgflip.com/3izslc.jpg",
        "noisy": false,
        "tags": [
            "pretending to be happy hiding crying behind a mask"
        ],
        "Meme Title": "Pretending To Be Happy, Hiding Crying Behind A Mask",
        "filename": "3izslc.jpg"
    },
    {
        "href": "https://imgflip.com/i/3n09hs",
        "imgsrc": "https://i.imgflip.com/3n09hs.jpg",
        "noisy": false,
        "tags": [
            "pretending to be happy hiding crying behind a mask"
        ],
        "Meme Title": "Pretending To Be Happy, Hiding Crying Behind A Mask",
        "filename": "3n09hs.jpg"
    },
    {
        "href": "https://imgflip.com/i/5czatr",
        "imgsrc": "https://i.imgflip.com/5czatr.jpg",
        "noisy": false,
        "tags": [
            "pretending to be happy hiding crying behind a mask"
        ],
        "Meme Title": "Yay grrrr",
        "filename": "5czatr.jpg"
    },
    {
        "href": "https://imgflip.com/i/6xf1jn",
        "imgsrc": "https://i.imgflip.com/6xf1jn.jpg",
        "noisy": false,
        "tags": [
            "pretending to be happy hiding crying behind a mask",
            "wisdom teeth",
            "food",
            "eating",
            "tooth",
            "sad"
        ],
        "Meme Title": "I just got my wisdom teeth out so laugh at this explanation of my suffering",
        "filename": "6xf1jn.jpg"
    },
    {
        "href": "https://imgflip.com/i/6vg04g",
        "imgsrc": "https://i.imgflip.com/6vg04g.jpg",
        "noisy": false,
        "tags": [
            "pretending to be happy hiding crying behind a mask"
        ],
        "Meme Title": "Dream be like",
        "filename": "6vg04g.jpg"
    },
    {
        "href": "https://imgflip.com/i/6tjpt1",
        "imgsrc": "https://i.imgflip.com/6tjpt1.jpg",
        "noisy": false,
        "tags": [
            "pretending to be happy hiding crying behind a mask"
        ],
        "Meme Title": "Pretending To Be Happy, Hiding Crying Behind A Mask",
        "filename": "6tjpt1.jpg"
    }
]