[
    {
        "href": "https://imgflip.com/i/78jcnm",
        "imgsrc": "https://i.imgflip.com/78jcnm.jpg",
        "noisy": false,
        "tags": [
            "if those kids could read they'd be very upset"
        ],
        "Meme Title": "If those kids could read they'd be very upset",
        "filename": "78jcnm.jpg"
    },
    {
        "href": "https://imgflip.com/i/78j47b",
        "imgsrc": "https://i.imgflip.com/78j47b.jpg",
        "noisy": false,
        "tags": [
            "this is a tag"
        ],
        "Meme Title": "I am a collection of cells",
        "filename": "78j47b.jpg"
    },
    {
        "href": "https://imgflip.com/i/77wkdn",
        "imgsrc": "https://i.imgflip.com/77wkdn.jpg",
        "noisy": false,
        "tags": [
            "if those kids could read they'd be very upset"
        ],
        "Meme Title": "If those kids could read they'd be very upset",
        "filename": "77wkdn.jpg"
    },
    {
        "href": "https://imgflip.com/i/781pad",
        "imgsrc": "https://i.imgflip.com/781pad.jpg",
        "noisy": false,
        "tags": [
            "if those kids could read they'd be very upset"
        ],
        "Meme Title": "wElL iTs TrUe",
        "filename": "781pad.jpg"
    },
    {
        "href": "https://imgflip.com/i/6ul1or",
        "imgsrc": "https://i.imgflip.com/6ul1or.jpg",
        "noisy": false,
        "tags": [
            "if those kids could read they'd be very upset",
            "memes",
            "texas"
        ],
        "Meme Title": "It\u2019s Alaska you old, decrepit, neanderthals",
        "filename": "6ul1or.jpg"
    },
    {
        "href": "https://imgflip.com/i/76p0u1",
        "imgsrc": "https://i.imgflip.com/76p0u1.jpg",
        "noisy": false,
        "tags": [
            "if those kids could read they'd be very upset"
        ],
        "Meme Title": "You don't say...",
        "filename": "76p0u1.jpg"
    },
    {
        "href": "https://imgflip.com/i/6kw9j8",
        "imgsrc": "https://i.imgflip.com/6kw9j8.jpg",
        "noisy": false,
        "tags": [
            "if those kids could read they'd be very upset"
        ],
        "Meme Title": "Very true",
        "filename": "6kw9j8.jpg"
    },
    {
        "href": "https://imgflip.com/i/6uqynf",
        "imgsrc": "https://i.imgflip.com/6uqynf.jpg",
        "noisy": false,
        "tags": [
            "if those kids could read they'd be very upset"
        ],
        "Meme Title": "If those kids could read they'd be very upset",
        "filename": "6uqynf.jpg"
    },
    {
        "href": "https://imgflip.com/i/76bnn7",
        "imgsrc": "https://i.imgflip.com/76bnn7.jpg",
        "noisy": false,
        "tags": [
            "if those kids could read they'd be very upset"
        ],
        "Meme Title": "If those kids could read they'd be very upset",
        "filename": "76bnn7.jpg"
    },
    {
        "href": "https://imgflip.com/i/6waea5",
        "imgsrc": "https://i.imgflip.com/6waea5.jpg",
        "noisy": false,
        "tags": [
            "if those kids could read they'd be very upset"
        ],
        "Meme Title": "It\u2019s not.",
        "filename": "6waea5.jpg"
    },
    {
        "href": "https://imgflip.com/i/76vn53",
        "imgsrc": "https://i.imgflip.com/76vn53.jpg",
        "noisy": false,
        "tags": [
            "if those kids could read they'd be very upset"
        ],
        "Meme Title": "If those kids could read they'd be very upset",
        "filename": "76vn53.jpg"
    },
    {
        "href": "https://imgflip.com/i/72x64n",
        "imgsrc": "https://i.imgflip.com/72x64n.jpg",
        "noisy": false,
        "tags": [
            "if those kids could read they'd be very upset"
        ],
        "Meme Title": "Why u GUYS hate those things it's only the community",
        "filename": "72x64n.jpg"
    },
    {
        "href": "https://imgflip.com/i/73ipmm",
        "imgsrc": "https://i.imgflip.com/73ipmm.jpg",
        "noisy": false,
        "tags": [
            "if those kids could read they'd be very upset"
        ],
        "Meme Title": "Loot ninjas",
        "filename": "73ipmm.jpg"
    },
    {
        "href": "https://imgflip.com/i/75481p",
        "imgsrc": "https://i.imgflip.com/75481p.jpg",
        "noisy": false,
        "tags": [
            "if those kids could read they'd be very upset"
        ],
        "Meme Title": "Hard pill to swallow",
        "filename": "75481p.jpg"
    },
    {
        "href": "https://imgflip.com/i/7677e8",
        "imgsrc": "https://i.imgflip.com/7677e8.jpg",
        "noisy": false,
        "tags": [
            "if those kids could read they'd be very upset"
        ],
        "Meme Title": "If those kids could read they'd be very upset",
        "filename": "7677e8.jpg"
    },
    {
        "href": "https://imgflip.com/i/6tebp8",
        "imgsrc": "https://i.imgflip.com/6tebp8.jpg",
        "noisy": false,
        "tags": [
            "if those kids could read they'd be very upset",
            "memes",
            "school",
            "reality",
            "king of the hill",
            "homework"
        ],
        "Meme Title": "If those kids could read they'd be very upset",
        "filename": "6tebp8.jpg"
    },
    {
        "href": "https://imgflip.com/i/72xga4",
        "imgsrc": "https://i.imgflip.com/72xga4.jpg",
        "noisy": false,
        "tags": [
            "if those kids could read they'd be very upset",
            "taxation is theft",
            "robin hood"
        ],
        "Meme Title": "The Libertarian Troll",
        "filename": "72xga4.jpg"
    },
    {
        "href": "https://imgflip.com/i/72s1dz",
        "imgsrc": "https://i.imgflip.com/72s1dz.jpg",
        "noisy": false,
        "tags": [
            "if those kids could read they'd be very upset"
        ],
        "Meme Title": "If those kids could read they'd be very upset",
        "filename": "72s1dz.jpg"
    },
    {
        "href": "https://imgflip.com/i/6zoppv",
        "imgsrc": "https://i.imgflip.com/6zoppv.jpg",
        "noisy": false,
        "tags": [
            "if those kids could read they'd be very upset"
        ],
        "Meme Title": "pls don't swear in the comments",
        "filename": "6zoppv.jpg"
    },
    {
        "href": "https://imgflip.com/i/6wc137",
        "imgsrc": "https://i.imgflip.com/6wc137.jpg",
        "noisy": false,
        "tags": [
            "if those kids could read they'd be very upset",
            "tooth fairy",
            "siblings"
        ],
        "Meme Title": "FAIRIES ARE NOT REAL!",
        "filename": "6wc137.jpg"
    },
    {
        "href": "https://imgflip.com/i/6chatt",
        "imgsrc": "https://i.imgflip.com/6chatt.jpg",
        "noisy": false,
        "tags": [
            "if those kids could read they'd be very upset",
            "vladimir putin",
            "ukrainian lives matter"
        ],
        "Meme Title": "but srsly stop this war :-(",
        "filename": "6chatt.jpg"
    },
    {
        "href": "https://imgflip.com/i/72axom",
        "imgsrc": "https://i.imgflip.com/72axom.jpg",
        "noisy": false,
        "tags": [
            "if those kids could read they'd be very upset",
            "funny",
            "ohio state"
        ],
        "Meme Title": "ohio state",
        "filename": "72axom.jpg"
    },
    {
        "href": "https://imgflip.com/i/6wrf0k",
        "imgsrc": "https://i.imgflip.com/6wrf0k.jpg",
        "noisy": false,
        "tags": [
            "if those kids could read they'd be very upset"
        ],
        "Meme Title": "Other words for \"mad\"",
        "filename": "6wrf0k.jpg"
    },
    {
        "href": "https://imgflip.com/i/6pc01a",
        "imgsrc": "https://i.imgflip.com/6pc01a.jpg",
        "noisy": false,
        "tags": [
            "if those kids could read they'd be very upset"
        ],
        "Meme Title": "creative title",
        "filename": "6pc01a.jpg"
    },
    {
        "href": "https://imgflip.com/i/6wbg9z",
        "imgsrc": "https://i.imgflip.com/6wbg9z.jpg",
        "noisy": false,
        "tags": [
            "if those kids could read they'd be very upset",
            "apple",
            "samsung",
            "android",
            "memes",
            "true story"
        ],
        "Meme Title": "If those kids could read they'd be very upset",
        "filename": "6wbg9z.jpg"
    },
    {
        "href": "https://imgflip.com/i/6gwke3",
        "imgsrc": "https://i.imgflip.com/6gwke3.jpg",
        "noisy": false,
        "tags": [
            "if those kids could read they'd be very upset",
            "reading"
        ],
        "Meme Title": "Ya hear me?",
        "filename": "6gwke3.jpg"
    },
    {
        "href": "https://imgflip.com/i/6ngbxn",
        "imgsrc": "https://i.imgflip.com/6ngbxn.jpg",
        "noisy": false,
        "tags": [
            "if those kids could read they'd be very upset",
            "ramen",
            "memes",
            "funny",
            "funny memes",
            "poster"
        ],
        "Meme Title": "Meme #64",
        "filename": "6ngbxn.jpg"
    },
    {
        "href": "https://imgflip.com/i/6uqays",
        "imgsrc": "https://i.imgflip.com/6uqays.jpg",
        "noisy": false,
        "tags": [
            "if those kids could read they'd be very upset"
        ],
        "Meme Title": "LOL",
        "filename": "6uqays.jpg"
    },
    {
        "href": "https://imgflip.com/i/6uqtph",
        "imgsrc": "https://i.imgflip.com/6uqtph.jpg",
        "noisy": false,
        "tags": [
            "if those kids could read they'd be very upset"
        ],
        "Meme Title": "It's true do",
        "filename": "6uqtph.jpg"
    },
    {
        "href": "https://imgflip.com/i/5gduzz",
        "imgsrc": "https://i.imgflip.com/5gduzz.jpg",
        "noisy": false,
        "tags": [
            "if those kids could read they'd be very upset"
        ],
        "Meme Title": "If those kids could read they'd be very upset",
        "filename": "5gduzz.jpg"
    },
    {
        "href": "https://imgflip.com/i/6l9m5p",
        "imgsrc": "https://i.imgflip.com/6l9m5p.jpg",
        "noisy": false,
        "tags": [
            "if those kids could read they'd be very upset"
        ],
        "Meme Title": "Who agrees?",
        "filename": "6l9m5p.jpg"
    },
    {
        "href": "https://imgflip.com/i/5g2mvl",
        "imgsrc": "https://i.imgflip.com/5g2mvl.jpg",
        "noisy": false,
        "tags": [
            "if those kids could read they'd be very upset"
        ],
        "Meme Title": "If those kids could read they'd be very upset",
        "filename": "5g2mvl.jpg"
    },
    {
        "href": "https://imgflip.com/i/6uslzm",
        "imgsrc": "https://i.imgflip.com/6uslzm.jpg",
        "noisy": false,
        "tags": [
            "if those kids could read they'd be very upset"
        ],
        "Meme Title": "It's banned ??",
        "filename": "6uslzm.jpg"
    },
    {
        "href": "https://imgflip.com/i/6k10wt",
        "imgsrc": "https://i.imgflip.com/6k10wt.jpg",
        "noisy": false,
        "tags": [
            "if those kids could read they'd be very upset"
        ],
        "Meme Title": "If Twitter Users could read they\u2019d be very upset",
        "filename": "6k10wt.jpg"
    },
    {
        "href": "https://imgflip.com/i/6z33nd",
        "imgsrc": "https://i.imgflip.com/6z33nd.jpg",
        "noisy": false,
        "tags": [
            "if those kids could read they'd be very upset"
        ],
        "Meme Title": "The truth always hurts",
        "filename": "6z33nd.jpg"
    },
    {
        "href": "https://imgflip.com/i/6r22u8",
        "imgsrc": "https://i.imgflip.com/6r22u8.jpg",
        "noisy": false,
        "tags": [
            "if those kids could read they'd be very upset",
            "memes",
            "not really funny",
            "funny",
            "lol",
            "ha ha tags go brr"
        ],
        "Meme Title": "Comments are gonna be like, Unoriginal + L + Ratio",
        "filename": "6r22u8.jpg"
    },
    {
        "href": "https://imgflip.com/i/6959nz",
        "imgsrc": "https://i.imgflip.com/6959nz.jpg",
        "noisy": false,
        "tags": [
            "if those kids could read they'd be very upset",
            "memes",
            "relatable"
        ],
        "Meme Title": "anyone know someone who rages in games",
        "filename": "6959nz.jpg"
    },
    {
        "href": "https://imgflip.com/i/6ycdzp",
        "imgsrc": "https://i.imgflip.com/6ycdzp.jpg",
        "noisy": false,
        "tags": [
            "if those kids could read they'd be very upset"
        ],
        "Meme Title": "If those kids could read they'd be very upset",
        "filename": "6ycdzp.jpg"
    },
    {
        "href": "https://imgflip.com/i/6xxnzg",
        "imgsrc": "https://i.imgflip.com/6xxnzg.jpg",
        "noisy": false,
        "tags": [
            "if those kids could read they'd be very upset"
        ],
        "Meme Title": "Make TDS great again",
        "filename": "6xxnzg.jpg"
    },
    {
        "href": "https://imgflip.com/i/67or05",
        "imgsrc": "https://i.imgflip.com/67or05.jpg",
        "noisy": false,
        "tags": [
            "if those kids could read they'd be very upset",
            "memes",
            "tik tok",
            "funny",
            "gifs",
            "not really a gif"
        ],
        "Meme Title": "If those kids could read they'd be very upset",
        "filename": "67or05.jpg"
    },
    {
        "href": "https://imgflip.com/i/5dum0r",
        "imgsrc": "https://i.imgflip.com/5dum0r.jpg",
        "noisy": false,
        "tags": [
            "if those kids could read they'd be very upset"
        ],
        "Meme Title": "Twitter drama in a nutshell",
        "filename": "5dum0r.jpg"
    },
    {
        "href": "https://imgflip.com/i/5kpe3i",
        "imgsrc": "https://i.imgflip.com/5kpe3i.jpg",
        "noisy": false,
        "tags": [
            "if those kids could read they'd be very upset"
        ],
        "Meme Title": "n o c o n t e x",
        "filename": "5kpe3i.jpg"
    },
    {
        "href": "https://imgflip.com/i/6johxp",
        "imgsrc": "https://i.imgflip.com/6johxp.jpg",
        "noisy": false,
        "tags": [
            "if those kids could read they'd be very upset",
            "what u want",
            "uh",
            "ok ok let me do normal tags",
            "kids",
            "school"
        ],
        "Meme Title": "Gamer Kids Cant Read",
        "filename": "6johxp.jpg"
    },
    {
        "href": "https://imgflip.com/i/680lqv",
        "imgsrc": "https://i.imgflip.com/680lqv.jpg",
        "noisy": false,
        "tags": [
            "if those kids could read they'd be very upset"
        ],
        "Meme Title": "This Is True.",
        "filename": "680lqv.jpg"
    },
    {
        "href": "https://imgflip.com/i/5b4x4i",
        "imgsrc": "https://i.imgflip.com/5b4x4i.jpg",
        "noisy": false,
        "tags": [
            "if those kids could read they'd be very upset",
            "memes",
            "true"
        ],
        "Meme Title": "don't think about denying it who ever say any meme got in it upvote it begging",
        "filename": "5b4x4i.jpg"
    },
    {
        "href": "https://imgflip.com/i/5rsm5t",
        "imgsrc": "https://i.imgflip.com/5rsm5t.jpg",
        "noisy": false,
        "tags": [
            "if those kids could read they'd be very upset",
            "tiktok",
            "12 year olds"
        ],
        "Meme Title": "Door",
        "filename": "5rsm5t.jpg"
    },
    {
        "href": "https://imgflip.com/i/5mz3s3",
        "imgsrc": "https://i.imgflip.com/5mz3s3.jpg",
        "noisy": false,
        "tags": [
            "if those kids could read they'd be very upset"
        ],
        "Meme Title": "If those kids could read they'd be very upset",
        "filename": "5mz3s3.jpg"
    },
    {
        "href": "https://imgflip.com/i/5f6vxc",
        "imgsrc": "https://i.imgflip.com/5f6vxc.jpg",
        "noisy": false,
        "tags": [
            "if those kids could read they'd be very upset",
            "funny",
            "memes",
            "school"
        ],
        "Meme Title": "I'm running out of names for these",
        "filename": "5f6vxc.jpg"
    },
    {
        "href": "https://imgflip.com/i/6buvnn",
        "imgsrc": "https://i.imgflip.com/6buvnn.jpg",
        "noisy": false,
        "tags": [
            "if those kids could read they'd be very upset",
            "school",
            "governments",
            "1st graders"
        ],
        "Meme Title": "1st graders be like, I will have POWER",
        "filename": "6buvnn.jpg"
    },
    {
        "href": "https://imgflip.com/i/6e7vwm",
        "imgsrc": "https://i.imgflip.com/6e7vwm.jpg",
        "noisy": false,
        "tags": [
            "if those kids could read they'd be very upset"
        ],
        "Meme Title": "true",
        "filename": "6e7vwm.jpg"
    },
    {
        "href": "https://imgflip.com/i/619hsm",
        "imgsrc": "https://i.imgflip.com/619hsm.jpg",
        "noisy": false,
        "tags": [
            "if those kids could read they'd be very upset"
        ],
        "Meme Title": "\"oh my gwarsh are you really being taco microwave blue hair phobic?\"",
        "filename": "619hsm.jpg"
    },
    {
        "href": "https://imgflip.com/i/5ykjo3",
        "imgsrc": "https://i.imgflip.com/5ykjo3.jpg",
        "noisy": false,
        "tags": [
            "if those kids could read they'd be very upset",
            "sml"
        ],
        "Meme Title": "SML does not suck",
        "filename": "5ykjo3.jpg"
    },
    {
        "href": "https://imgflip.com/i/6l4n2o",
        "imgsrc": "https://i.imgflip.com/6l4n2o.jpg",
        "noisy": false,
        "tags": [
            "if those kids could read they'd be very upset"
        ],
        "Meme Title": "why is this pandemic still going",
        "filename": "6l4n2o.jpg"
    },
    {
        "href": "https://imgflip.com/i/6ljf0a",
        "imgsrc": "https://i.imgflip.com/6ljf0a.jpg",
        "noisy": false,
        "tags": [
            "if those kids could read they'd be very upset"
        ],
        "Meme Title": "Only original song versions!",
        "filename": "6ljf0a.jpg"
    },
    {
        "href": "https://imgflip.com/i/5opv2b",
        "imgsrc": "https://i.imgflip.com/5opv2b.jpg",
        "noisy": false,
        "tags": [
            "if those kids could read they'd be very upset"
        ],
        "Meme Title": "Twitter, right?",
        "filename": "5opv2b.jpg"
    },
    {
        "href": "https://imgflip.com/i/5zj5es",
        "imgsrc": "https://i.imgflip.com/5zj5es.jpg",
        "noisy": false,
        "tags": [
            "if those kids could read they'd be very upset"
        ],
        "Meme Title": "If those kids could read they'd be very upset",
        "filename": "5zj5es.jpg"
    },
    {
        "href": "https://imgflip.com/i/5p32vm",
        "imgsrc": "https://i.imgflip.com/5p32vm.jpg",
        "noisy": false,
        "tags": [
            "if those kids could read they'd be very upset",
            "it's raining downvotes",
            "tiktok",
            "king of the hill"
        ],
        "Meme Title": "hot take",
        "filename": "5p32vm.jpg"
    },
    {
        "href": "https://imgflip.com/i/60t552",
        "imgsrc": "https://i.imgflip.com/60t552.jpg",
        "noisy": false,
        "tags": [
            "if those kids could read they'd be very upset"
        ],
        "Meme Title": "Lol",
        "filename": "60t552.jpg"
    },
    {
        "href": "https://imgflip.com/i/5yrke5",
        "imgsrc": "https://i.imgflip.com/5yrke5.jpg",
        "noisy": false,
        "tags": [
            "if those kids could read they'd be very upset"
        ],
        "Meme Title": "hi",
        "filename": "5yrke5.jpg"
    },
    {
        "href": "https://imgflip.com/i/530jtw",
        "imgsrc": "https://i.imgflip.com/530jtw.jpg",
        "noisy": false,
        "tags": [
            "if those kids could read they'd be very upset",
            "that sign won't stop me"
        ],
        "Meme Title": "THAT SIGN CAN'T STOP ME!",
        "filename": "530jtw.jpg"
    },
    {
        "href": "https://imgflip.com/i/66krfp",
        "imgsrc": "https://i.imgflip.com/66krfp.jpg",
        "noisy": false,
        "tags": [
            "if those kids could read they'd be very upset",
            "russian lives matter"
        ],
        "Meme Title": "If those kids could read they'd be very upset",
        "filename": "66krfp.jpg"
    },
    {
        "href": "https://imgflip.com/i/5pucur",
        "imgsrc": "https://i.imgflip.com/5pucur.jpg",
        "noisy": false,
        "tags": [
            "if those kids could read they'd be very upset"
        ],
        "Meme Title": "If those kids could read they'd be very upset",
        "filename": "5pucur.jpg"
    },
    {
        "href": "https://imgflip.com/i/5rco9r",
        "imgsrc": "https://i.imgflip.com/5rco9r.jpg",
        "noisy": false,
        "tags": [
            "if those kids could read they'd be very upset"
        ],
        "Meme Title": "If those kids could read they'd be very upset",
        "filename": "5rco9r.jpg"
    },
    {
        "href": "https://imgflip.com/i/688z3x",
        "imgsrc": "https://i.imgflip.com/688z3x.jpg",
        "noisy": false,
        "tags": [
            "if those kids could read they'd be very upset"
        ],
        "Meme Title": "yep",
        "filename": "688z3x.jpg"
    },
    {
        "href": "https://imgflip.com/i/6gwrl3",
        "imgsrc": "https://i.imgflip.com/6gwrl3.jpg",
        "noisy": false,
        "tags": [
            "if those kids could read they'd be very upset"
        ],
        "Meme Title": "Middel school ():",
        "filename": "6gwrl3.jpg"
    },
    {
        "href": "https://imgflip.com/i/5tliu2",
        "imgsrc": "https://i.imgflip.com/5tliu2.jpg",
        "noisy": false,
        "tags": [
            "if those kids could read they'd be very upset"
        ],
        "Meme Title": "If those kids could read they'd be very upset",
        "filename": "5tliu2.jpg"
    },
    {
        "href": "https://imgflip.com/i/4ytn01",
        "imgsrc": "https://i.imgflip.com/4ytn01.jpg",
        "noisy": false,
        "tags": [
            "if those kids could read they'd be very upset"
        ],
        "Meme Title": "Seriously, stop",
        "filename": "4ytn01.jpg"
    },
    {
        "href": "https://imgflip.com/i/6cv1u1",
        "imgsrc": "https://i.imgflip.com/6cv1u1.jpg",
        "noisy": false,
        "tags": [
            "if those kids could read they'd be very upset"
        ],
        "Meme Title": "If those kids could read they'd be very upset",
        "filename": "6cv1u1.jpg"
    },
    {
        "href": "https://imgflip.com/i/5sn162",
        "imgsrc": "https://i.imgflip.com/5sn162.jpg",
        "noisy": false,
        "tags": [
            "if those kids could read they'd be very upset",
            "home",
            "country",
            "road"
        ],
        "Meme Title": "West Virginia",
        "filename": "5sn162.jpg"
    },
    {
        "href": "https://imgflip.com/i/50ht0k",
        "imgsrc": "https://i.imgflip.com/50ht0k.jpg",
        "noisy": false,
        "tags": [
            "if those kids could read they'd be very upset"
        ],
        "Meme Title": "If those kids could read they'd be very upset",
        "filename": "50ht0k.jpg"
    },
    {
        "href": "https://imgflip.com/i/5uxjxz",
        "imgsrc": "https://i.imgflip.com/5uxjxz.jpg",
        "noisy": false,
        "tags": [
            "if those kids could read they'd be very upset",
            "reddit",
            "cringe",
            "truth",
            "the truth"
        ],
        "Meme Title": "this is why I left r/cringetopia",
        "filename": "5uxjxz.jpg"
    },
    {
        "href": "https://imgflip.com/i/57xklx",
        "imgsrc": "https://i.imgflip.com/57xklx.jpg",
        "noisy": false,
        "tags": [
            "if those kids could read they'd be very upset",
            "dream smp"
        ],
        "Meme Title": "if c!wilbur didn\u2019t sell drugs, wouldn\u2019t there have been no wars? (this was out of impulse. don\u2019t take this seriously.)",
        "filename": "57xklx.jpg"
    },
    {
        "href": "https://imgflip.com/i/5ybhzw",
        "imgsrc": "https://i.imgflip.com/5ybhzw.jpg",
        "noisy": false,
        "tags": [
            "if those kids could read they'd be very upset"
        ],
        "Meme Title": "i'm a real weeb, but it's true.",
        "filename": "5ybhzw.jpg"
    },
    {
        "href": "https://imgflip.com/i/51lapw",
        "imgsrc": "https://i.imgflip.com/51lapw.jpg",
        "noisy": false,
        "tags": [
            "if those kids could read they'd be very upset",
            "youtube",
            "funny because it's true",
            "memes",
            "funny"
        ],
        "Meme Title": "YouTube's community guidelines are the worst!",
        "filename": "51lapw.jpg"
    },
    {
        "href": "https://imgflip.com/i/62tjss",
        "imgsrc": "https://i.imgflip.com/62tjss.jpg",
        "noisy": false,
        "tags": [
            "if those kids could read they'd be very upset"
        ],
        "Meme Title": "If those kids could read they'd be very upset",
        "filename": "62tjss.jpg"
    },
    {
        "href": "https://imgflip.com/i/5wfrp2",
        "imgsrc": "https://i.imgflip.com/5wfrp2.jpg",
        "noisy": false,
        "tags": [
            "if those kids could read they'd be very upset",
            "math",
            "school",
            "school meme",
            "not helpful"
        ],
        "Meme Title": "School",
        "filename": "5wfrp2.jpg"
    },
    {
        "href": "https://imgflip.com/i/51noq7",
        "imgsrc": "https://i.imgflip.com/51noq7.jpg",
        "noisy": false,
        "tags": [
            "if those kids could read they'd be very upset"
        ],
        "Meme Title": "If those kids could read they'd be very upset",
        "filename": "51noq7.jpg"
    },
    {
        "href": "https://imgflip.com/i/4owdy5",
        "imgsrc": "https://i.imgflip.com/4owdy5.jpg",
        "noisy": false,
        "tags": [
            "if those kids could read they'd be very upset",
            "2020",
            "2020 sucks",
            "memes"
        ],
        "Meme Title": "If those kids could read they'd be very upset",
        "filename": "4owdy5.jpg"
    },
    {
        "href": "https://imgflip.com/i/4wzi6g",
        "imgsrc": "https://i.imgflip.com/4wzi6g.jpg",
        "noisy": false,
        "tags": [
            "if those kids could read they'd be very upset"
        ],
        "Meme Title": "Why do people always think that the simpsons is the longest running TV show",
        "filename": "4wzi6g.jpg"
    },
    {
        "href": "https://imgflip.com/i/5m6r4b",
        "imgsrc": "https://i.imgflip.com/5m6r4b.jpg",
        "noisy": false,
        "tags": [
            "if those kids could read they'd be very upset"
        ],
        "Meme Title": "If those kids could read they'd be very upset",
        "filename": "5m6r4b.jpg"
    },
    {
        "href": "https://imgflip.com/i/4h4k7t",
        "imgsrc": "https://i.imgflip.com/4h4k7t.jpg",
        "noisy": false,
        "tags": [
            "if those kids could read they'd be very upset"
        ],
        "Meme Title": "If those kids could read they'd be very upset",
        "filename": "4h4k7t.jpg"
    },
    {
        "href": "https://imgflip.com/i/5ryxb0",
        "imgsrc": "https://i.imgflip.com/5ryxb0.jpg",
        "noisy": false,
        "tags": [
            "if those kids could read they'd be very upset"
        ],
        "Meme Title": "If those kids could read they'd be very upset",
        "filename": "5ryxb0.jpg"
    },
    {
        "href": "https://imgflip.com/i/4yzy02",
        "imgsrc": "https://i.imgflip.com/4yzy02.jpg",
        "noisy": false,
        "tags": [
            "if those kids could read they'd be very upset",
            "funny",
            "memes"
        ],
        "Meme Title": "it is true",
        "filename": "4yzy02.jpg"
    },
    {
        "href": "https://imgflip.com/i/48gf4t",
        "imgsrc": "https://i.imgflip.com/48gf4t.jpg",
        "noisy": false,
        "tags": [
            "if those kids could read they'd be very upset"
        ],
        "Meme Title": "If those kids could read they'd be very upset",
        "filename": "48gf4t.jpg"
    },
    {
        "href": "https://imgflip.com/i/4s509q",
        "imgsrc": "https://i.imgflip.com/4s509q.jpg",
        "noisy": false,
        "tags": [
            "if those kids could read they'd be very upset"
        ],
        "Meme Title": "If those kids could read they'd be very upset",
        "filename": "4s509q.jpg"
    },
    {
        "href": "https://imgflip.com/i/58zwx2",
        "imgsrc": "https://i.imgflip.com/58zwx2.jpg",
        "noisy": false,
        "tags": [
            "if those kids could read they'd be very upset"
        ],
        "Meme Title": "If those kids could read they'd be very upset",
        "filename": "58zwx2.jpg"
    },
    {
        "href": "https://imgflip.com/i/5owsnf",
        "imgsrc": "https://i.imgflip.com/5owsnf.jpg",
        "noisy": false,
        "tags": [
            "if those kids could read they'd be very upset"
        ],
        "Meme Title": "If those kids could read they'd be very upset",
        "filename": "5owsnf.jpg"
    },
    {
        "href": "https://imgflip.com/i/5cqil3",
        "imgsrc": "https://i.imgflip.com/5cqil3.jpg",
        "noisy": false,
        "tags": [
            "if those kids could read they'd be very upset"
        ],
        "Meme Title": "If those kids could read they'd be very upset",
        "filename": "5cqil3.jpg"
    },
    {
        "href": "https://imgflip.com/i/508odk",
        "imgsrc": "https://i.imgflip.com/508odk.jpg",
        "noisy": false,
        "tags": [
            "if those kids could read they'd be very upset"
        ],
        "Meme Title": "dating sites bruh",
        "filename": "508odk.jpg"
    },
    {
        "href": "https://imgflip.com/i/4d59kf",
        "imgsrc": "https://i.imgflip.com/4d59kf.jpg",
        "noisy": false,
        "tags": [
            "if those kids could read they'd be very upset"
        ],
        "Meme Title": "If those kids could read they'd be very upset",
        "filename": "4d59kf.jpg"
    },
    {
        "href": "https://imgflip.com/i/4tjkfs",
        "imgsrc": "https://i.imgflip.com/4tjkfs.jpg",
        "noisy": false,
        "tags": [
            "if those kids could read they'd be very upset"
        ],
        "Meme Title": "Among Us YouTubers be like",
        "filename": "4tjkfs.jpg"
    },
    {
        "href": "https://imgflip.com/i/514wbc",
        "imgsrc": "https://i.imgflip.com/514wbc.jpg",
        "noisy": false,
        "tags": [
            "if those kids could read they'd be very upset"
        ],
        "Meme Title": "IMGFLIP for life",
        "filename": "514wbc.jpg"
    },
    {
        "href": "https://imgflip.com/i/63173y",
        "imgsrc": "https://i.imgflip.com/63173y.jpg",
        "noisy": false,
        "tags": [
            "if those kids could read they'd be very upset"
        ],
        "Meme Title": "Tiktok Idiots Be Like:",
        "filename": "63173y.jpg"
    },
    {
        "href": "https://imgflip.com/i/58a14m",
        "imgsrc": "https://i.imgflip.com/58a14m.jpg",
        "noisy": false,
        "tags": [
            "if those kids could read they'd be very upset",
            "karen"
        ],
        "Meme Title": "Karens in a nutshell",
        "filename": "58a14m.jpg"
    },
    {
        "href": "https://imgflip.com/i/5jfs67",
        "imgsrc": "https://i.imgflip.com/5jfs67.jpg",
        "noisy": false,
        "tags": [
            "if those kids could read they'd be very upset"
        ],
        "Meme Title": "If those kids could read they'd be very upset",
        "filename": "5jfs67.jpg"
    },
    {
        "href": "https://imgflip.com/i/47338c",
        "imgsrc": "https://i.imgflip.com/47338c.jpg",
        "noisy": false,
        "tags": [
            "if those kids could read they'd be very upset",
            "tik tok"
        ],
        "Meme Title": "Tiktoker Forcefeild ACTIVATE",
        "filename": "47338c.jpg"
    },
    {
        "href": "https://imgflip.com/i/5z39j0",
        "imgsrc": "https://i.imgflip.com/5z39j0.jpg",
        "noisy": false,
        "tags": [
            "if those kids could read they'd be very upset"
        ],
        "Meme Title": "i would actualy kill anyone that says that",
        "filename": "5z39j0.jpg"
    },
    {
        "href": "https://imgflip.com/i/5b4ys6",
        "imgsrc": "https://i.imgflip.com/5b4ys6.jpg",
        "noisy": false,
        "tags": [
            "if those kids could read they'd be very upset"
        ],
        "Meme Title": "If those kids could read they'd be very upset",
        "filename": "5b4ys6.jpg"
    },
    {
        "href": "https://imgflip.com/i/53lnmx",
        "imgsrc": "https://i.imgflip.com/53lnmx.jpg",
        "noisy": false,
        "tags": [
            "if those kids could read they'd be very upset"
        ],
        "Meme Title": "If those kids could read they'd be very upset",
        "filename": "53lnmx.jpg"
    },
    {
        "href": "https://imgflip.com/i/4mf6oy",
        "imgsrc": "https://i.imgflip.com/4mf6oy.jpg",
        "noisy": false,
        "tags": [
            "if those kids could read they'd be very upset"
        ],
        "Meme Title": "If those kids could read they'd be very upset",
        "filename": "4mf6oy.jpg"
    },
    {
        "href": "https://imgflip.com/i/536bgt",
        "imgsrc": "https://i.imgflip.com/536bgt.jpg",
        "noisy": false,
        "tags": [
            "if those kids could read they'd be very upset"
        ],
        "Meme Title": "If those kids could read they'd be very upset",
        "filename": "536bgt.jpg"
    },
    {
        "href": "https://imgflip.com/i/54rnqt",
        "imgsrc": "https://i.imgflip.com/54rnqt.jpg",
        "noisy": false,
        "tags": [
            "if those kids could read they'd be very upset"
        ],
        "Meme Title": "Seriously, this fanbase is well overdue for redemption",
        "filename": "54rnqt.jpg"
    },
    {
        "href": "https://imgflip.com/i/5mtqaz",
        "imgsrc": "https://i.imgflip.com/5mtqaz.jpg",
        "noisy": false,
        "tags": [
            "if those kids could read they'd be very upset"
        ],
        "Meme Title": "If those kids could read they'd be very upset",
        "filename": "5mtqaz.jpg"
    },
    {
        "href": "https://imgflip.com/i/5aasqm",
        "imgsrc": "https://i.imgflip.com/5aasqm.jpg",
        "noisy": false,
        "tags": [
            "if those kids could read they'd be very upset",
            "hollow knight",
            "silksong"
        ],
        "Meme Title": "If those kids could read they'd be very upset",
        "filename": "5aasqm.jpg"
    },
    {
        "href": "https://imgflip.com/i/4z5bnz",
        "imgsrc": "https://i.imgflip.com/4z5bnz.jpg",
        "noisy": false,
        "tags": [
            "if those kids could read they'd be very upset"
        ],
        "Meme Title": "Stop with the cancel culture",
        "filename": "4z5bnz.jpg"
    },
    {
        "href": "https://imgflip.com/i/4yr3o0",
        "imgsrc": "https://i.imgflip.com/4yr3o0.jpg",
        "noisy": false,
        "tags": [
            "memes",
            "if those kids could read they'd be very upset",
            "creationism",
            "evolution",
            "funny",
            "stop reading the tags"
        ],
        "Meme Title": "They can coexist, you know.",
        "filename": "4yr3o0.jpg"
    },
    {
        "href": "https://imgflip.com/i/699n5u",
        "imgsrc": "https://i.imgflip.com/699n5u.jpg",
        "noisy": false,
        "tags": [
            "if those kids could read they'd be very upset"
        ],
        "Meme Title": "i/basicallythetruth",
        "filename": "699n5u.jpg"
    },
    {
        "href": "https://imgflip.com/i/6bhmeq",
        "imgsrc": "https://i.imgflip.com/6bhmeq.jpg",
        "noisy": false,
        "tags": [
            "if those kids could read they'd be very upset",
            "bosnian lives matter"
        ],
        "Meme Title": "If those kids could read they'd be very upset",
        "filename": "6bhmeq.jpg"
    },
    {
        "href": "https://imgflip.com/i/467g9e",
        "imgsrc": "https://i.imgflip.com/467g9e.jpg",
        "noisy": false,
        "tags": [
            "if those kids could read they'd be very upset"
        ],
        "Meme Title": "tik tok is stupid",
        "filename": "467g9e.jpg"
    },
    {
        "href": "https://imgflip.com/i/4h6y0u",
        "imgsrc": "https://i.imgflip.com/4h6y0u.jpg",
        "noisy": false,
        "tags": [
            "if those kids could read they'd be very upset"
        ],
        "Meme Title": "If those kids could read they'd be very upset",
        "filename": "4h6y0u.jpg"
    },
    {
        "href": "https://imgflip.com/i/5br83q",
        "imgsrc": "https://i.imgflip.com/5br83q.jpg",
        "noisy": false,
        "tags": [
            "if those kids could read they'd be very upset"
        ],
        "Meme Title": "Lol",
        "filename": "5br83q.jpg"
    },
    {
        "href": "https://imgflip.com/i/5ve7m6",
        "imgsrc": "https://i.imgflip.com/5ve7m6.jpg",
        "noisy": false,
        "tags": [
            "if those kids could read they'd be very upset"
        ],
        "Meme Title": "bluck robber",
        "filename": "5ve7m6.jpg"
    },
    {
        "href": "https://imgflip.com/i/4mf6kp",
        "imgsrc": "https://i.imgflip.com/4mf6kp.jpg",
        "noisy": false,
        "tags": [
            "if those kids could read they'd be very upset"
        ],
        "Meme Title": "If those kids could read they'd be very upset",
        "filename": "4mf6kp.jpg"
    },
    {
        "href": "https://imgflip.com/i/4xhlwb",
        "imgsrc": "https://i.imgflip.com/4xhlwb.jpg",
        "noisy": false,
        "tags": [
            "if those kids could read they'd be very upset",
            "tik tok sucks"
        ],
        "Meme Title": "Tik tok is not better than imgflip. I am still a proud imgflip user :D",
        "filename": "4xhlwb.jpg"
    },
    {
        "href": "https://imgflip.com/i/5arn3z",
        "imgsrc": "https://i.imgflip.com/5arn3z.jpg",
        "noisy": false,
        "tags": [
            "if those kids could read they'd be very upset"
        ],
        "Meme Title": "If those kids could read they'd be very upset",
        "filename": "5arn3z.jpg"
    },
    {
        "href": "https://imgflip.com/i/4fg25u",
        "imgsrc": "https://i.imgflip.com/4fg25u.jpg",
        "noisy": false,
        "tags": [
            "if those kids could read they'd be very upset"
        ],
        "Meme Title": "I got bored",
        "filename": "4fg25u.jpg"
    },
    {
        "href": "https://imgflip.com/i/59cbg2",
        "imgsrc": "https://i.imgflip.com/59cbg2.jpg",
        "noisy": false,
        "tags": [
            "if those kids could read they'd be very upset",
            "memes"
        ],
        "Meme Title": "When Will Parents Learn?",
        "filename": "59cbg2.jpg"
    },
    {
        "href": "https://imgflip.com/i/5u1l5n",
        "imgsrc": "https://i.imgflip.com/5u1l5n.jpg",
        "noisy": false,
        "tags": [
            "if those kids could read they'd be very upset"
        ],
        "Meme Title": "If those kids could read they'd be very upset",
        "filename": "5u1l5n.jpg"
    },
    {
        "href": "https://imgflip.com/i/69l8jr",
        "imgsrc": "https://i.imgflip.com/69l8jr.jpg",
        "noisy": false,
        "tags": [
            "if those kids could read they'd be very upset",
            "polish lives matter"
        ],
        "Meme Title": "If those kids could read they'd be very upset",
        "filename": "69l8jr.jpg"
    },
    {
        "href": "https://imgflip.com/i/699l2h",
        "imgsrc": "https://i.imgflip.com/699l2h.jpg",
        "noisy": false,
        "tags": [
            "if those kids could read they'd be very upset",
            "yes"
        ],
        "Meme Title": "How to use a meme properly",
        "filename": "699l2h.jpg"
    },
    {
        "href": "https://imgflip.com/i/49svcp",
        "imgsrc": "https://i.imgflip.com/49svcp.jpg",
        "noisy": false,
        "tags": [
            "if those kids could read they'd be very upset",
            "memes"
        ],
        "Meme Title": "STOP USING IMPACT",
        "filename": "49svcp.jpg"
    },
    {
        "href": "https://imgflip.com/i/5gmrqm",
        "imgsrc": "https://i.imgflip.com/5gmrqm.jpg",
        "noisy": false,
        "tags": [
            "if those kids could read they'd be very upset"
        ],
        "Meme Title": "slenders and cnp suck lol",
        "filename": "5gmrqm.jpg"
    },
    {
        "href": "https://imgflip.com/i/4vgyp8",
        "imgsrc": "https://i.imgflip.com/4vgyp8.jpg",
        "noisy": false,
        "tags": [
            "if those kids could read they'd be very upset",
            "bts",
            "funny",
            "random"
        ],
        "Meme Title": "Image title",
        "filename": "4vgyp8.jpg"
    },
    {
        "href": "https://imgflip.com/i/4wcu03",
        "imgsrc": "https://i.imgflip.com/4wcu03.jpg",
        "noisy": false,
        "tags": [
            "if those kids could read they'd be very upset"
        ],
        "Meme Title": "If those kids could read they'd be very upset",
        "filename": "4wcu03.jpg"
    },
    {
        "href": "https://imgflip.com/i/4vxtx3",
        "imgsrc": "https://i.imgflip.com/4vxtx3.jpg",
        "noisy": false,
        "tags": [
            "if those kids could read they'd be very upset"
        ],
        "Meme Title": "i mean",
        "filename": "4vxtx3.jpg"
    },
    {
        "href": "https://imgflip.com/i/49wqav",
        "imgsrc": "https://i.imgflip.com/49wqav.jpg",
        "noisy": false,
        "tags": [
            "if those kids could read they'd be very upset",
            "memes",
            "simp"
        ],
        "Meme Title": "It's true",
        "filename": "49wqav.jpg"
    },
    {
        "href": "https://imgflip.com/i/4c3vre",
        "imgsrc": "https://i.imgflip.com/4c3vre.jpg",
        "noisy": false,
        "tags": [
            "if those kids could read they'd be very upset"
        ],
        "Meme Title": "If those kids could read they'd be very upset",
        "filename": "4c3vre.jpg"
    },
    {
        "href": "https://imgflip.com/i/652qdw",
        "imgsrc": "https://i.imgflip.com/652qdw.jpg",
        "noisy": false,
        "tags": [
            "if those kids could read they'd be very upset"
        ],
        "Meme Title": "Using JIRA does not make your process \"Agile\"",
        "filename": "652qdw.jpg"
    },
    {
        "href": "https://imgflip.com/i/475nyb",
        "imgsrc": "https://i.imgflip.com/475nyb.jpg",
        "noisy": false,
        "tags": [
            "if those kids could read they'd be very upset"
        ],
        "Meme Title": "mm?",
        "filename": "475nyb.jpg"
    },
    {
        "href": "https://imgflip.com/i/58ajj8",
        "imgsrc": "https://i.imgflip.com/58ajj8.jpg",
        "noisy": false,
        "tags": [
            "if those kids could read they'd be very upset",
            "karens",
            "amber heard",
            "woman",
            "gender equality"
        ],
        "Meme Title": "sorry if this meme looks dumb or cringe",
        "filename": "58ajj8.jpg"
    },
    {
        "href": "https://imgflip.com/i/5a8zjm",
        "imgsrc": "https://i.imgflip.com/5a8zjm.jpg",
        "noisy": false,
        "tags": [
            "if those kids could read they'd be very upset"
        ],
        "Meme Title": "If those kids could read they'd be very upset",
        "filename": "5a8zjm.jpg"
    },
    {
        "href": "https://imgflip.com/i/4grxpy",
        "imgsrc": "https://i.imgflip.com/4grxpy.jpg",
        "noisy": false,
        "tags": [
            "if those kids could read they'd be very upset"
        ],
        "Meme Title": "If those kids could read they'd be very upset",
        "filename": "4grxpy.jpg"
    },
    {
        "href": "https://imgflip.com/i/4r2rx1",
        "imgsrc": "https://i.imgflip.com/4r2rx1.jpg",
        "noisy": false,
        "tags": [
            "if those kids could read they'd be very upset",
            "anime meme"
        ],
        "Meme Title": "Ohhh Double Burn Those Are Rare",
        "filename": "4r2rx1.jpg"
    },
    {
        "href": "https://imgflip.com/i/5zdocr",
        "imgsrc": "https://i.imgflip.com/5zdocr.jpg",
        "noisy": false,
        "tags": [
            "if those kids could read they'd be very upset"
        ],
        "Meme Title": "If those kids could read they'd be very upset",
        "filename": "5zdocr.jpg"
    },
    {
        "href": "https://imgflip.com/i/5yxnfc",
        "imgsrc": "https://i.imgflip.com/5yxnfc.jpg",
        "noisy": false,
        "tags": [
            "if those kids could read they'd be very upset"
        ],
        "Meme Title": "If those kids could read they'd be very upset",
        "filename": "5yxnfc.jpg"
    },
    {
        "href": "https://imgflip.com/i/5fgnkg",
        "imgsrc": "https://i.imgflip.com/5fgnkg.jpg",
        "noisy": false,
        "tags": [
            "if those kids could read they'd be very upset"
        ],
        "Meme Title": "If those kids could read they'd be very upset",
        "filename": "5fgnkg.jpg"
    },
    {
        "href": "https://imgflip.com/i/4733gx",
        "imgsrc": "https://i.imgflip.com/4733gx.jpg",
        "noisy": false,
        "tags": [
            "if those kids could read they'd be very upset",
            "video games",
            "karen",
            "dummy"
        ],
        "Meme Title": "If those kids could read they'd be very upset",
        "filename": "4733gx.jpg"
    },
    {
        "href": "https://imgflip.com/i/4v5rf7",
        "imgsrc": "https://i.imgflip.com/4v5rf7.jpg",
        "noisy": false,
        "tags": [
            "if those kids could read they'd be very upset"
        ],
        "Meme Title": "Flat earthers can't read",
        "filename": "4v5rf7.jpg"
    },
    {
        "href": "https://imgflip.com/i/591gp6",
        "imgsrc": "https://i.imgflip.com/591gp6.jpg",
        "noisy": false,
        "tags": [
            "if those kids could read they'd be very upset"
        ],
        "Meme Title": "If those kids could read they'd be very upset",
        "filename": "591gp6.jpg"
    },
    {
        "href": "https://imgflip.com/i/5amme0",
        "imgsrc": "https://i.imgflip.com/5amme0.jpg",
        "noisy": false,
        "tags": [
            "if those kids could read they'd be very upset"
        ],
        "Meme Title": "TRUE",
        "filename": "5amme0.jpg"
    },
    {
        "href": "https://imgflip.com/i/6l07v7",
        "imgsrc": "https://i.imgflip.com/6l07v7.jpg",
        "noisy": false,
        "tags": [
            "if those kids could read they'd be very upset"
        ],
        "Meme Title": "Wii Sports Memes",
        "filename": "6l07v7.jpg"
    },
    {
        "href": "https://imgflip.com/i/488ubp",
        "imgsrc": "https://i.imgflip.com/488ubp.jpg",
        "noisy": false,
        "tags": [
            "if those kids could read they'd be very upset"
        ],
        "Meme Title": "imgflip users hate tik tokers",
        "filename": "488ubp.jpg"
    },
    {
        "href": "https://imgflip.com/i/5pezxz",
        "imgsrc": "https://i.imgflip.com/5pezxz.jpg",
        "noisy": false,
        "tags": [
            "if those kids could read they'd be very upset"
        ],
        "Meme Title": "Dani meme",
        "filename": "5pezxz.jpg"
    },
    {
        "href": "https://imgflip.com/i/5l3z27",
        "imgsrc": "https://i.imgflip.com/5l3z27.jpg",
        "noisy": false,
        "tags": [
            "if those kids could read they'd be very upset"
        ],
        "Meme Title": "(TOXIC) MHA FANDOM EXPLAIN! EXPLAIN NOW!!!!!!!!!!!!!!!!!!!!!!!!!!!!!!!!!!!!!!!!!!!!!!!!!!!!!!!!!!!!!!!!!!!!!!!!!!!!!!!!!!!!!!!!!",
        "filename": "5l3z27.jpg"
    },
    {
        "href": "https://imgflip.com/i/5pa64u",
        "imgsrc": "https://i.imgflip.com/5pa64u.jpg",
        "noisy": false,
        "tags": [
            "if those kids could read they'd be very upset"
        ],
        "Meme Title": "If those kids could read they'd be very upset",
        "filename": "5pa64u.jpg"
    },
    {
        "href": "https://imgflip.com/i/6bwq6n",
        "imgsrc": "https://i.imgflip.com/6bwq6n.jpg",
        "noisy": false,
        "tags": [
            "if those kids could read they'd be very upset"
        ],
        "Meme Title": "If those kids could read they'd be very upset",
        "filename": "6bwq6n.jpg"
    },
    {
        "href": "https://imgflip.com/i/44fboc",
        "imgsrc": "https://i.imgflip.com/44fboc.jpg",
        "noisy": false,
        "tags": [
            "if those kids could read they'd be very upset"
        ],
        "Meme Title": "Kunal Kamra Ohhhh Meme",
        "filename": "44fboc.jpg"
    },
    {
        "href": "https://imgflip.com/i/4zly87",
        "imgsrc": "https://i.imgflip.com/4zly87.jpg",
        "noisy": false,
        "tags": [
            "if those kids could read they'd be very upset"
        ],
        "Meme Title": "If those kids could read they'd be very upset",
        "filename": "4zly87.jpg"
    },
    {
        "href": "https://imgflip.com/i/59x2ei",
        "imgsrc": "https://i.imgflip.com/59x2ei.jpg",
        "noisy": false,
        "tags": [
            "if those kids could read they'd be very upset"
        ],
        "Meme Title": "If those kids could read they'd be very upset",
        "filename": "59x2ei.jpg"
    },
    {
        "href": "https://imgflip.com/i/54d221",
        "imgsrc": "https://i.imgflip.com/54d221.jpg",
        "noisy": false,
        "tags": [
            "if those kids could read they'd be very upset"
        ],
        "Meme Title": "If those kids could read they'd be very upset",
        "filename": "54d221.jpg"
    },
    {
        "href": "https://imgflip.com/i/5dp7mt",
        "imgsrc": "https://i.imgflip.com/5dp7mt.jpg",
        "noisy": false,
        "tags": [
            "if those kids could read they'd be very upset"
        ],
        "Meme Title": "Do you guys have any idea what the original was?",
        "filename": "5dp7mt.jpg"
    },
    {
        "href": "https://imgflip.com/i/43rzgo",
        "imgsrc": "https://i.imgflip.com/43rzgo.jpg",
        "noisy": false,
        "tags": [
            "if those kids could read they'd be very upset"
        ],
        "Meme Title": "Queen Wasp Exposed",
        "filename": "43rzgo.jpg"
    },
    {
        "href": "https://imgflip.com/i/4n1zoj",
        "imgsrc": "https://i.imgflip.com/4n1zoj.jpg",
        "noisy": false,
        "tags": [
            "if those kids could read they'd be very upset"
        ],
        "Meme Title": "Teachers.....",
        "filename": "4n1zoj.jpg"
    },
    {
        "href": "https://imgflip.com/i/483pqr",
        "imgsrc": "https://i.imgflip.com/483pqr.jpg",
        "noisy": false,
        "tags": [
            "if those kids could read they'd be very upset"
        ],
        "Meme Title": "Stop making your name unreadable",
        "filename": "483pqr.jpg"
    },
    {
        "href": "https://imgflip.com/i/5cc6f4",
        "imgsrc": "https://i.imgflip.com/5cc6f4.jpg",
        "noisy": false,
        "tags": [
            "if those kids could read they'd be very upset"
        ],
        "Meme Title": "yo mama",
        "filename": "5cc6f4.jpg"
    },
    {
        "href": "https://imgflip.com/i/4h6rr8",
        "imgsrc": "https://i.imgflip.com/4h6rr8.jpg",
        "noisy": false,
        "tags": [
            "if those kids could read they'd be very upset",
            "pink floyd",
            "another brick in the wall"
        ],
        "Meme Title": "If those kids could read they'd be very upset",
        "filename": "4h6rr8.jpg"
    },
    {
        "href": "https://imgflip.com/i/6ps5wc",
        "imgsrc": "https://i.imgflip.com/6ps5wc.jpg",
        "noisy": false,
        "tags": [
            "if those kids could read they'd be very upset"
        ],
        "Meme Title": "If those kids could read they'd be very upset",
        "filename": "6ps5wc.jpg"
    },
    {
        "href": "https://imgflip.com/i/6i2r5z",
        "imgsrc": "https://i.imgflip.com/6i2r5z.jpg",
        "noisy": false,
        "tags": [
            "if those kids could read they'd be very upset"
        ],
        "Meme Title": "My lag made me post this meme, oops.",
        "filename": "6i2r5z.jpg"
    },
    {
        "href": "https://imgflip.com/i/602fma",
        "imgsrc": "https://i.imgflip.com/602fma.jpg",
        "noisy": false,
        "tags": [
            "if those kids could read they'd be very upset",
            "rickrolling"
        ],
        "Meme Title": "Get rickrolled",
        "filename": "602fma.jpg"
    },
    {
        "href": "https://imgflip.com/i/58q3le",
        "imgsrc": "https://i.imgflip.com/58q3le.jpg",
        "noisy": false,
        "tags": [
            "if those kids could read they'd be very upset"
        ],
        "Meme Title": "simps",
        "filename": "58q3le.jpg"
    },
    {
        "href": "https://imgflip.com/i/59jzh4",
        "imgsrc": "https://i.imgflip.com/59jzh4.jpg",
        "noisy": false,
        "tags": [
            "if those kids could read they'd be very upset"
        ],
        "Meme Title": "Order 66",
        "filename": "59jzh4.jpg"
    },
    {
        "href": "https://imgflip.com/i/72zqiw",
        "imgsrc": "https://i.imgflip.com/72zqiw.jpg",
        "noisy": false,
        "tags": [
            "if those kids could read they'd be very upset",
            "ww2"
        ],
        "Meme Title": "Spitfire meme",
        "filename": "72zqiw.jpg"
    },
    {
        "href": "https://imgflip.com/i/6sthnh",
        "imgsrc": "https://i.imgflip.com/6sthnh.jpg",
        "noisy": false,
        "tags": [
            "if those kids could read they'd be very upset"
        ],
        "Meme Title": "If those kids could read they'd be very upset",
        "filename": "6sthnh.jpg"
    },
    {
        "href": "https://imgflip.com/i/6p608v",
        "imgsrc": "https://i.imgflip.com/6p608v.jpg",
        "noisy": false,
        "tags": [
            "if those kids could read they'd be very upset"
        ],
        "Meme Title": "Truth to be told",
        "filename": "6p608v.jpg"
    },
    {
        "href": "https://imgflip.com/i/6nvbeg",
        "imgsrc": "https://i.imgflip.com/6nvbeg.jpg",
        "noisy": false,
        "tags": [
            "if those kids could read they'd be very upset"
        ],
        "Meme Title": "If those kids could read they'd be very upset",
        "filename": "6nvbeg.jpg"
    },
    {
        "href": "https://imgflip.com/i/6harqx",
        "imgsrc": "https://i.imgflip.com/6harqx.jpg",
        "noisy": false,
        "tags": [
            "if those kids could read they'd be very upset"
        ],
        "Meme Title": "If those kids could read they'd be very upset",
        "filename": "6harqx.jpg"
    },
    {
        "href": "https://imgflip.com/i/6bidnq",
        "imgsrc": "https://i.imgflip.com/6bidnq.jpg",
        "noisy": false,
        "tags": [
            "if those kids could read they'd be very upset",
            "freddie fingaz",
            "slavic lives matter"
        ],
        "Meme Title": "If those kids could read they'd be very upset",
        "filename": "6bidnq.jpg"
    },
    {
        "href": "https://imgflip.com/i/603213",
        "imgsrc": "https://i.imgflip.com/603213.jpg",
        "noisy": false,
        "tags": [
            "if those kids could read they'd be very upset",
            "memes"
        ],
        "Meme Title": "If only from Kereta Api Indonesia",
        "filename": "603213.jpg"
    },
    {
        "href": "https://imgflip.com/i/5zy2i1",
        "imgsrc": "https://i.imgflip.com/5zy2i1.jpg",
        "noisy": false,
        "tags": [
            "if those kids could read they'd be very upset"
        ],
        "Meme Title": "If those kids could read they'd be very upset",
        "filename": "5zy2i1.jpg"
    },
    {
        "href": "https://imgflip.com/i/5mb5uy",
        "imgsrc": "https://i.imgflip.com/5mb5uy.jpg",
        "noisy": false,
        "tags": [
            "if those kids could read they'd be very upset"
        ],
        "Meme Title": "If those kids could read they'd be very upset",
        "filename": "5mb5uy.jpg"
    },
    {
        "href": "https://imgflip.com/i/5el4vn",
        "imgsrc": "https://i.imgflip.com/5el4vn.jpg",
        "noisy": false,
        "tags": [
            "if those kids could read they'd be very upset",
            "countryhumans",
            "boomboxer124window",
            "boomboxer124",
            "funny",
            "king of the hill"
        ],
        "Meme Title": "#nocountryhumans",
        "filename": "5el4vn.jpg"
    },
    {
        "href": "https://imgflip.com/i/5dq755",
        "imgsrc": "https://i.imgflip.com/5dq755.jpg",
        "noisy": false,
        "tags": [
            "if those kids could read they'd be very upset"
        ],
        "Meme Title": "If those kids could read they'd be very upset",
        "filename": "5dq755.jpg"
    },
    {
        "href": "https://imgflip.com/i/57h0q2",
        "imgsrc": "https://i.imgflip.com/57h0q2.jpg",
        "noisy": false,
        "tags": [
            "if those kids could read they'd be very upset"
        ],
        "Meme Title": "There are girls who are dog people",
        "filename": "57h0q2.jpg"
    },
    {
        "href": "https://imgflip.com/i/5brakk",
        "imgsrc": "https://i.imgflip.com/5brakk.jpg",
        "noisy": false,
        "tags": [
            "if those kids could read they'd be very upset"
        ],
        "Meme Title": "Roblox stans",
        "filename": "5brakk.jpg"
    },
    {
        "href": "https://imgflip.com/i/58rpas",
        "imgsrc": "https://i.imgflip.com/58rpas.jpg",
        "noisy": false,
        "tags": [
            "if those kids could read they'd be very upset"
        ],
        "Meme Title": "Failure in exam",
        "filename": "58rpas.jpg"
    }
]