[
    {
        "href": "https://imgflip.com/i/78247l",
        "imgsrc": "https://i.imgflip.com/78247l.jpg",
        "noisy": false,
        "tags": [
            "spider man double"
        ],
        "Meme Title": "Spider Man Double",
        "filename": "78247l.jpg"
    },
    {
        "href": "https://imgflip.com/i/74dqoi",
        "imgsrc": "https://i.imgflip.com/74dqoi.jpg",
        "noisy": false,
        "tags": [
            "spider man double"
        ],
        "Meme Title": "Anyone else?",
        "filename": "74dqoi.jpg"
    },
    {
        "href": "https://imgflip.com/i/74v0t9",
        "imgsrc": "https://i.imgflip.com/74v0t9.jpg",
        "noisy": false,
        "tags": [
            "spider man double"
        ],
        "Meme Title": "true",
        "filename": "74v0t9.jpg"
    },
    {
        "href": "https://imgflip.com/i/5uihbp",
        "imgsrc": "https://i.imgflip.com/5uihbp.jpg",
        "noisy": false,
        "tags": [
            "spider man double",
            "bus driver",
            "school",
            "funny",
            "memes",
            "funny memes"
        ],
        "Meme Title": "bus drivers",
        "filename": "5uihbp.jpg"
    },
    {
        "href": "https://imgflip.com/i/2tufzl",
        "imgsrc": "https://i.imgflip.com/2tufzl.jpg",
        "noisy": false,
        "tags": [
            "spider man double",
            "nixieknox",
            "memes",
            "shall we dance"
        ],
        "Meme Title": "\"You go ahead... No, you go ahead\" **side step do si do**",
        "filename": "2tufzl.jpg"
    },
    {
        "href": "https://imgflip.com/i/5vtrjf",
        "imgsrc": "https://i.imgflip.com/5vtrjf.jpg",
        "noisy": false,
        "tags": [
            "spider man double"
        ],
        "Meme Title": "Spider Man Double",
        "filename": "5vtrjf.jpg"
    },
    {
        "href": "https://imgflip.com/i/5c57uu",
        "imgsrc": "https://i.imgflip.com/5c57uu.jpg",
        "noisy": false,
        "tags": [
            "spider man double"
        ],
        "Meme Title": "O3",
        "filename": "5c57uu.jpg"
    },
    {
        "href": "https://imgflip.com/i/5dvjvp",
        "imgsrc": "https://i.imgflip.com/5dvjvp.jpg",
        "noisy": false,
        "tags": [
            "spider man double"
        ],
        "Meme Title": "XDDDDD",
        "filename": "5dvjvp.jpg"
    },
    {
        "href": "https://imgflip.com/i/6sfhv4",
        "imgsrc": "https://i.imgflip.com/6sfhv4.jpg",
        "noisy": false,
        "tags": [
            "spider man double"
        ],
        "Meme Title": "Spider Man Double",
        "filename": "6sfhv4.jpg"
    },
    {
        "href": "https://imgflip.com/i/5jpo8c",
        "imgsrc": "https://i.imgflip.com/5jpo8c.jpg",
        "noisy": false,
        "tags": [
            "spider man double"
        ],
        "Meme Title": "-wakes up from dream-",
        "filename": "5jpo8c.jpg"
    },
    {
        "href": "https://imgflip.com/i/63hji0",
        "imgsrc": "https://i.imgflip.com/63hji0.jpg",
        "noisy": false,
        "tags": [
            "spider man double",
            "cryptocurrency",
            "crypto",
            "blockchain",
            "bitcoin"
        ],
        "Meme Title": "Spider Man Double",
        "filename": "63hji0.jpg"
    },
    {
        "href": "https://imgflip.com/i/6l2zp7",
        "imgsrc": "https://i.imgflip.com/6l2zp7.jpg",
        "noisy": false,
        "tags": [
            "spider man double"
        ],
        "Meme Title": "Sarvente and Sarvin",
        "filename": "6l2zp7.jpg"
    },
    {
        "href": "https://imgflip.com/i/5smhhz",
        "imgsrc": "https://i.imgflip.com/5smhhz.jpg",
        "noisy": false,
        "tags": [
            "spider man double"
        ],
        "Meme Title": "Two too",
        "filename": "5smhhz.jpg"
    },
    {
        "href": "https://imgflip.com/i/63pmuk",
        "imgsrc": "https://i.imgflip.com/63pmuk.jpg",
        "noisy": false,
        "tags": [
            "spider man double"
        ],
        "Meme Title": "JOE BIDEN",
        "filename": "63pmuk.jpg"
    },
    {
        "href": "https://imgflip.com/i/66kppd",
        "imgsrc": "https://i.imgflip.com/66kppd.jpg",
        "noisy": false,
        "tags": [
            "spider man double"
        ],
        "Meme Title": "idk",
        "filename": "66kppd.jpg"
    },
    {
        "href": "https://imgflip.com/i/5t5d4l",
        "imgsrc": "https://i.imgflip.com/5t5d4l.jpg",
        "noisy": false,
        "tags": [
            "spider man double"
        ],
        "Meme Title": "Spider Man Double",
        "filename": "5t5d4l.jpg"
    },
    {
        "href": "https://imgflip.com/i/5qjsp0",
        "imgsrc": "https://i.imgflip.com/5qjsp0.jpg",
        "noisy": false,
        "tags": [
            "spider man double",
            "squid game",
            "memes",
            "funny",
            "funny memes",
            "france"
        ],
        "Meme Title": "Spider Man Double",
        "filename": "5qjsp0.jpg"
    },
    {
        "href": "https://imgflip.com/i/6f431x",
        "imgsrc": "https://i.imgflip.com/6f431x.jpg",
        "noisy": false,
        "tags": [
            "spider man double",
            "friends"
        ],
        "Meme Title": "Wait I know you!",
        "filename": "6f431x.jpg"
    },
    {
        "href": "https://imgflip.com/i/56v92b",
        "imgsrc": "https://i.imgflip.com/56v92b.jpg",
        "noisy": false,
        "tags": [
            "spider man double"
        ],
        "Meme Title": "Spider Man Double",
        "filename": "56v92b.jpg"
    },
    {
        "href": "https://imgflip.com/i/577xqy",
        "imgsrc": "https://i.imgflip.com/577xqy.jpg",
        "noisy": false,
        "tags": [
            "spider man double",
            "tik tok sucks"
        ],
        "Meme Title": "lol",
        "filename": "577xqy.jpg"
    },
    {
        "href": "https://imgflip.com/i/5ek29r",
        "imgsrc": "https://i.imgflip.com/5ek29r.jpg",
        "noisy": false,
        "tags": [
            "spider man double"
        ],
        "Meme Title": "New UFO disclosures just dropped",
        "filename": "5ek29r.jpg"
    },
    {
        "href": "https://imgflip.com/i/5nb4de",
        "imgsrc": "https://i.imgflip.com/5nb4de.jpg",
        "noisy": false,
        "tags": [
            "spider man double"
        ],
        "Meme Title": "VSPER meme",
        "filename": "5nb4de.jpg"
    },
    {
        "href": "https://imgflip.com/i/42lo01",
        "imgsrc": "https://i.imgflip.com/42lo01.jpg",
        "noisy": false,
        "tags": [
            "spider man double"
        ],
        "Meme Title": "Spider Man Double",
        "filename": "42lo01.jpg"
    },
    {
        "href": "https://imgflip.com/i/5ccp8w",
        "imgsrc": "https://i.imgflip.com/5ccp8w.jpg",
        "noisy": false,
        "tags": [
            "spider man double"
        ],
        "Meme Title": "While conversation",
        "filename": "5ccp8w.jpg"
    },
    {
        "href": "https://imgflip.com/i/5a8g2n",
        "imgsrc": "https://i.imgflip.com/5a8g2n.jpg",
        "noisy": false,
        "tags": [
            "spider man double"
        ],
        "Meme Title": "Parents over kids",
        "filename": "5a8g2n.jpg"
    },
    {
        "href": "https://imgflip.com/i/5shitq",
        "imgsrc": "https://i.imgflip.com/5shitq.jpg",
        "noisy": false,
        "tags": [
            "spider man double"
        ],
        "Meme Title": "Luka vs calliope",
        "filename": "5shitq.jpg"
    },
    {
        "href": "https://imgflip.com/i/54g6u0",
        "imgsrc": "https://i.imgflip.com/54g6u0.jpg",
        "noisy": false,
        "tags": [
            "spider man double"
        ],
        "Meme Title": "Relatable",
        "filename": "54g6u0.jpg"
    },
    {
        "href": "https://imgflip.com/i/53o3li",
        "imgsrc": "https://i.imgflip.com/53o3li.jpg",
        "noisy": false,
        "tags": [
            "spider man double",
            "school"
        ],
        "Meme Title": "School...",
        "filename": "53o3li.jpg"
    },
    {
        "href": "https://imgflip.com/i/56dqg9",
        "imgsrc": "https://i.imgflip.com/56dqg9.jpg",
        "noisy": false,
        "tags": [
            "spider man double"
        ],
        "Meme Title": "Spider Man Double",
        "filename": "56dqg9.jpg"
    },
    {
        "href": "https://imgflip.com/i/4op9ig",
        "imgsrc": "https://i.imgflip.com/4op9ig.jpg",
        "noisy": false,
        "tags": [
            "spider man double"
        ],
        "Meme Title": "no friends",
        "filename": "4op9ig.jpg"
    },
    {
        "href": "https://imgflip.com/i/4upoyt",
        "imgsrc": "https://i.imgflip.com/4upoyt.jpg",
        "noisy": false,
        "tags": [
            "spider man double",
            "zodiac signs"
        ],
        "Meme Title": "Get out of the month Ophiuchus",
        "filename": "4upoyt.jpg"
    },
    {
        "href": "https://imgflip.com/i/5o8ua1",
        "imgsrc": "https://i.imgflip.com/5o8ua1.jpg",
        "noisy": false,
        "tags": [
            "spider man double"
        ],
        "Meme Title": "Minecraft x Terraria",
        "filename": "5o8ua1.jpg"
    },
    {
        "href": "https://imgflip.com/i/3ntc7a",
        "imgsrc": "https://i.imgflip.com/3ntc7a.jpg",
        "noisy": false,
        "tags": [
            "spider man double"
        ],
        "Meme Title": "Spider Man Double",
        "filename": "3ntc7a.jpg"
    },
    {
        "href": "https://imgflip.com/i/4wjj50",
        "imgsrc": "https://i.imgflip.com/4wjj50.jpg",
        "noisy": false,
        "tags": [
            "spider man double"
        ],
        "Meme Title": "Spider Man Double",
        "filename": "4wjj50.jpg"
    },
    {
        "href": "https://imgflip.com/i/2x6u35",
        "imgsrc": "https://i.imgflip.com/2x6u35.jpg",
        "noisy": false,
        "tags": [
            "spider man double"
        ],
        "Meme Title": "Spider Man Double",
        "filename": "2x6u35.jpg"
    },
    {
        "href": "https://imgflip.com/i/27qhmq",
        "imgsrc": "https://i.imgflip.com/27qhmq.jpg",
        "noisy": false,
        "tags": [
            "spider man double",
            "so true memes"
        ],
        "Meme Title": "Double Identity",
        "filename": "27qhmq.jpg"
    },
    {
        "href": "https://imgflip.com/i/34k19s",
        "imgsrc": "https://i.imgflip.com/34k19s.jpg",
        "noisy": false,
        "tags": [
            "spider man double"
        ],
        "Meme Title": "Spider Man Double",
        "filename": "34k19s.jpg"
    },
    {
        "href": "https://imgflip.com/i/4ukcxl",
        "imgsrc": "https://i.imgflip.com/4ukcxl.jpg",
        "noisy": false,
        "tags": [
            "spider man double"
        ],
        "Meme Title": "2020 Sucked",
        "filename": "4ukcxl.jpg"
    },
    {
        "href": "https://imgflip.com/i/28kxs6",
        "imgsrc": "https://i.imgflip.com/28kxs6.jpg",
        "noisy": false,
        "tags": [
            "spider man double"
        ],
        "Meme Title": "Spider Man Double",
        "filename": "28kxs6.jpg"
    },
    {
        "href": "https://imgflip.com/i/2xz6k5",
        "imgsrc": "https://i.imgflip.com/2xz6k5.jpg",
        "noisy": false,
        "tags": [
            "spider man double",
            "cardi b",
            "bill cosby",
            "date night",
            "awkward mornings"
        ],
        "Meme Title": "Spider Man Double",
        "filename": "2xz6k5.jpg"
    },
    {
        "href": "https://imgflip.com/i/53zoqt",
        "imgsrc": "https://i.imgflip.com/53zoqt.jpg",
        "noisy": false,
        "tags": [
            "spider man double"
        ],
        "Meme Title": "lol 2020 explained btw",
        "filename": "53zoqt.jpg"
    },
    {
        "href": "https://imgflip.com/i/40jk5z",
        "imgsrc": "https://i.imgflip.com/40jk5z.jpg",
        "noisy": false,
        "tags": [
            "spider man double"
        ],
        "Meme Title": "Spider Man Double",
        "filename": "40jk5z.jpg"
    },
    {
        "href": "https://imgflip.com/i/3uy4bq",
        "imgsrc": "https://i.imgflip.com/3uy4bq.jpg",
        "noisy": false,
        "tags": [
            "spider man double"
        ],
        "Meme Title": "CVOID19 got everybody unable to pay rent",
        "filename": "3uy4bq.jpg"
    },
    {
        "href": "https://imgflip.com/i/3w4vz7",
        "imgsrc": "https://i.imgflip.com/3w4vz7.jpg",
        "noisy": false,
        "tags": [
            "spider man double"
        ],
        "Meme Title": "Spider Man Double",
        "filename": "3w4vz7.jpg"
    },
    {
        "href": "https://imgflip.com/i/57f1tu",
        "imgsrc": "https://i.imgflip.com/57f1tu.jpg",
        "noisy": false,
        "tags": [
            "spider man double"
        ],
        "Meme Title": "amogus",
        "filename": "57f1tu.jpg"
    },
    {
        "href": "https://imgflip.com/i/5a0s5a",
        "imgsrc": "https://i.imgflip.com/5a0s5a.jpg",
        "noisy": false,
        "tags": [
            "spider man double"
        ],
        "Meme Title": "Spider Man Double",
        "filename": "5a0s5a.jpg"
    },
    {
        "href": "https://imgflip.com/i/57buts",
        "imgsrc": "https://i.imgflip.com/57buts.jpg",
        "noisy": false,
        "tags": [
            "spider man double"
        ],
        "Meme Title": "This has happened to all of us...",
        "filename": "57buts.jpg"
    },
    {
        "href": "https://imgflip.com/i/58p4mf",
        "imgsrc": "https://i.imgflip.com/58p4mf.jpg",
        "noisy": false,
        "tags": [
            "spider man double"
        ],
        "Meme Title": "Spider Man Double",
        "filename": "58p4mf.jpg"
    },
    {
        "href": "https://imgflip.com/i/2sk3tz",
        "imgsrc": "https://i.imgflip.com/2sk3tz.jpg",
        "noisy": false,
        "tags": [
            "spider man double",
            "memes",
            "robert downey jr",
            "benedict cumberbatch"
        ],
        "Meme Title": "Get it? cause they are both Sherlock Holmes",
        "filename": "2sk3tz.jpg"
    },
    {
        "href": "https://imgflip.com/i/45n3os",
        "imgsrc": "https://i.imgflip.com/45n3os.jpg",
        "noisy": false,
        "tags": [
            "spider man double"
        ],
        "Meme Title": "Spider Man Double",
        "filename": "45n3os.jpg"
    },
    {
        "href": "https://imgflip.com/i/4rf3sp",
        "imgsrc": "https://i.imgflip.com/4rf3sp.jpg",
        "noisy": false,
        "tags": [
            "spider man double"
        ],
        "Meme Title": "Billy zane in the mummy",
        "filename": "4rf3sp.jpg"
    },
    {
        "href": "https://imgflip.com/i/3pnzw9",
        "imgsrc": "https://i.imgflip.com/3pnzw9.jpg",
        "noisy": false,
        "tags": [
            "spider man double"
        ],
        "Meme Title": "Spider Man Double",
        "filename": "3pnzw9.jpg"
    },
    {
        "href": "https://imgflip.com/i/3f7udx",
        "imgsrc": "https://i.imgflip.com/3f7udx.jpg",
        "noisy": false,
        "tags": [
            "memes",
            "funny",
            "prime minister",
            "romania",
            "hungary",
            "spider man double"
        ],
        "Meme Title": "The Battle of Orbans",
        "filename": "3f7udx.jpg"
    },
    {
        "href": "https://imgflip.com/i/2zpgzd",
        "imgsrc": "https://i.imgflip.com/2zpgzd.jpg",
        "noisy": false,
        "tags": [
            "spider man double"
        ],
        "Meme Title": "'Nuff Said",
        "filename": "2zpgzd.jpg"
    },
    {
        "href": "https://imgflip.com/i/49z30k",
        "imgsrc": "https://i.imgflip.com/49z30k.jpg",
        "noisy": false,
        "tags": [
            "spider man double"
        ],
        "Meme Title": "Spider Man Double",
        "filename": "49z30k.jpg"
    },
    {
        "href": "https://imgflip.com/i/2ej3d3",
        "imgsrc": "https://i.imgflip.com/2ej3d3.jpg",
        "noisy": false,
        "tags": [
            "spider man double",
            "metalhead",
            "pop music",
            "funny memes"
        ],
        "Meme Title": "duality",
        "filename": "2ej3d3.jpg"
    },
    {
        "href": "https://imgflip.com/i/4gson0",
        "imgsrc": "https://i.imgflip.com/4gson0.jpg",
        "noisy": false,
        "tags": [
            "spider man double"
        ],
        "Meme Title": "programmer",
        "filename": "4gson0.jpg"
    },
    {
        "href": "https://imgflip.com/i/4lm8an",
        "imgsrc": "https://i.imgflip.com/4lm8an.jpg",
        "noisy": false,
        "tags": [
            "spider man double"
        ],
        "Meme Title": "Please confirm this is you",
        "filename": "4lm8an.jpg"
    },
    {
        "href": "https://imgflip.com/i/4jrrur",
        "imgsrc": "https://i.imgflip.com/4jrrur.jpg",
        "noisy": false,
        "tags": [
            "spider man double"
        ],
        "Meme Title": "Servi dei servi",
        "filename": "4jrrur.jpg"
    },
    {
        "href": "https://imgflip.com/i/3vbhhj",
        "imgsrc": "https://i.imgflip.com/3vbhhj.jpg",
        "noisy": false,
        "tags": [
            "spider man double"
        ],
        "Meme Title": "Gotta be confusing",
        "filename": "3vbhhj.jpg"
    },
    {
        "href": "https://imgflip.com/i/3jb8zx",
        "imgsrc": "https://i.imgflip.com/3jb8zx.jpg",
        "noisy": false,
        "tags": [
            "spider man double"
        ],
        "Meme Title": "Spider Man Double",
        "filename": "3jb8zx.jpg"
    },
    {
        "href": "https://imgflip.com/i/3f30r8",
        "imgsrc": "https://i.imgflip.com/3f30r8.jpg",
        "noisy": false,
        "tags": [
            "spider man double"
        ],
        "Meme Title": "Spider Man Double",
        "filename": "3f30r8.jpg"
    },
    {
        "href": "https://imgflip.com/i/44d0p1",
        "imgsrc": "https://i.imgflip.com/44d0p1.jpg",
        "noisy": false,
        "tags": [
            "spider man double"
        ],
        "Meme Title": "Spider Man Double",
        "filename": "44d0p1.jpg"
    },
    {
        "href": "https://imgflip.com/i/2epn20",
        "imgsrc": "https://i.imgflip.com/2epn20.jpg",
        "noisy": false,
        "tags": [
            "spider man double"
        ],
        "Meme Title": "Spider Man Double",
        "filename": "2epn20.jpg"
    },
    {
        "href": "https://imgflip.com/i/49mhzg",
        "imgsrc": "https://i.imgflip.com/49mhzg.jpg",
        "noisy": false,
        "tags": [
            "spider man double"
        ],
        "Meme Title": "Spider Man Double",
        "filename": "49mhzg.jpg"
    },
    {
        "href": "https://imgflip.com/i/32gv2l",
        "imgsrc": "https://i.imgflip.com/32gv2l.jpg",
        "noisy": false,
        "tags": [
            "spider man double"
        ],
        "Meme Title": "Spider Man Double",
        "filename": "32gv2l.jpg"
    },
    {
        "href": "https://imgflip.com/i/40jk2l",
        "imgsrc": "https://i.imgflip.com/40jk2l.jpg",
        "noisy": false,
        "tags": [
            "spider man double"
        ],
        "Meme Title": "Spider Man Double",
        "filename": "40jk2l.jpg"
    },
    {
        "href": "https://imgflip.com/i/3wavbg",
        "imgsrc": "https://i.imgflip.com/3wavbg.jpg",
        "noisy": false,
        "tags": [
            "spider man double"
        ],
        "Meme Title": "Spider Man Double",
        "filename": "3wavbg.jpg"
    },
    {
        "href": "https://imgflip.com/i/2mg7eg",
        "imgsrc": "https://i.imgflip.com/2mg7eg.jpg",
        "noisy": false,
        "tags": [
            "spider man double"
        ],
        "Meme Title": "Spider Man Double",
        "filename": "2mg7eg.jpg"
    },
    {
        "href": "https://imgflip.com/i/34pg9w",
        "imgsrc": "https://i.imgflip.com/34pg9w.jpg",
        "noisy": false,
        "tags": [
            "spider man double",
            "bts",
            "funny",
            "funny memes",
            "hilarious",
            "hilarious memes"
        ],
        "Meme Title": "Btw and KARD Taehyung meeting at the music bathrooms be like...",
        "filename": "34pg9w.jpg"
    },
    {
        "href": "https://imgflip.com/i/2xrjye",
        "imgsrc": "https://i.imgflip.com/2xrjye.jpg",
        "noisy": false,
        "tags": [
            "spider man double"
        ],
        "Meme Title": "Spider Man Double",
        "filename": "2xrjye.jpg"
    },
    {
        "href": "https://imgflip.com/i/5g5big",
        "imgsrc": "https://i.imgflip.com/5g5big.jpg",
        "noisy": false,
        "tags": [
            "spider man double"
        ],
        "Meme Title": "Roxas and Ventus",
        "filename": "5g5big.jpg"
    },
    {
        "href": "https://imgflip.com/i/2pc96m",
        "imgsrc": "https://i.imgflip.com/2pc96m.jpg",
        "noisy": false,
        "tags": [
            "spider man double"
        ],
        "Meme Title": "Spider Man Double",
        "filename": "2pc96m.jpg"
    },
    {
        "href": "https://imgflip.com/i/37n2xo",
        "imgsrc": "https://i.imgflip.com/37n2xo.jpg",
        "noisy": false,
        "tags": [
            "spider man double"
        ],
        "Meme Title": "Spider Man Double",
        "filename": "37n2xo.jpg"
    },
    {
        "href": "https://imgflip.com/i/2725nq",
        "imgsrc": "https://i.imgflip.com/2725nq.jpg",
        "noisy": false,
        "tags": [
            "spider man double"
        ],
        "Meme Title": "Spider Man Double",
        "filename": "2725nq.jpg"
    },
    {
        "href": "https://imgflip.com/i/4za2b5",
        "imgsrc": "https://i.imgflip.com/4za2b5.jpg",
        "noisy": false,
        "tags": [
            "spider man double"
        ],
        "Meme Title": "984562",
        "filename": "4za2b5.jpg"
    },
    {
        "href": "https://imgflip.com/i/2licol",
        "imgsrc": "https://i.imgflip.com/2licol.jpg",
        "noisy": false,
        "tags": [
            "spider man double"
        ],
        "Meme Title": "Spider Man Double",
        "filename": "2licol.jpg"
    },
    {
        "href": "https://imgflip.com/i/43gckm",
        "imgsrc": "https://i.imgflip.com/43gckm.jpg",
        "noisy": false,
        "tags": [
            "spider man double"
        ],
        "Meme Title": "Spider Man Double",
        "filename": "43gckm.jpg"
    },
    {
        "href": "https://imgflip.com/i/20f7id",
        "imgsrc": "https://i.imgflip.com/20f7id.jpg",
        "noisy": false,
        "tags": [
            "spider man double",
            "pedophilia",
            "kevin spacey",
            "john wayne gacey",
            "spider-man"
        ],
        "Meme Title": "Spider Man Double",
        "filename": "20f7id.jpg"
    },
    {
        "href": "https://imgflip.com/i/2946t7",
        "imgsrc": "https://i.imgflip.com/2946t7.jpg",
        "noisy": false,
        "tags": [
            "spider man double"
        ],
        "Meme Title": "If you know Snowden, then give mark some space",
        "filename": "2946t7.jpg"
    },
    {
        "href": "https://imgflip.com/i/2whu1d",
        "imgsrc": "https://i.imgflip.com/2whu1d.jpg",
        "noisy": false,
        "tags": [
            "spider man double"
        ],
        "Meme Title": "Spider Man Double",
        "filename": "2whu1d.jpg"
    },
    {
        "href": "https://imgflip.com/i/2z1uk3",
        "imgsrc": "https://i.imgflip.com/2z1uk3.jpg",
        "noisy": false,
        "tags": [
            "spider man double"
        ],
        "Meme Title": "Spider Man Double",
        "filename": "2z1uk3.jpg"
    },
    {
        "href": "https://imgflip.com/i/50vl5r",
        "imgsrc": "https://i.imgflip.com/50vl5r.jpg",
        "noisy": false,
        "tags": [
            "spider man double"
        ],
        "Meme Title": "Yes another Wandavision Meme",
        "filename": "50vl5r.jpg"
    },
    {
        "href": "https://imgflip.com/i/1q8q1w",
        "imgsrc": "https://i.imgflip.com/1q8q1w.jpg",
        "noisy": false,
        "tags": [
            "spider man double",
            "motorcycle"
        ],
        "Meme Title": "Spider Man Double",
        "filename": "1q8q1w.jpg"
    },
    {
        "href": "https://imgflip.com/i/1ygvuy",
        "imgsrc": "https://i.imgflip.com/1ygvuy.jpg",
        "noisy": false,
        "tags": [
            "spider man double"
        ],
        "Meme Title": "Spider Man Double",
        "filename": "1ygvuy.jpg"
    },
    {
        "href": "https://imgflip.com/i/2diyhj",
        "imgsrc": "https://i.imgflip.com/2diyhj.jpg",
        "noisy": false,
        "tags": [
            "spider man double"
        ],
        "Meme Title": "Spider Man Double",
        "filename": "2diyhj.jpg"
    },
    {
        "href": "https://imgflip.com/i/54zpie",
        "imgsrc": "https://i.imgflip.com/54zpie.jpg",
        "noisy": false,
        "tags": [
            "spider man double"
        ],
        "Meme Title": "Spanish speaking amigos",
        "filename": "54zpie.jpg"
    },
    {
        "href": "https://imgflip.com/i/2dkezk",
        "imgsrc": "https://i.imgflip.com/2dkezk.jpg",
        "noisy": false,
        "tags": [
            "spider man double"
        ],
        "Meme Title": "Spider Man Double",
        "filename": "2dkezk.jpg"
    },
    {
        "href": "https://imgflip.com/i/2tqcx0",
        "imgsrc": "https://i.imgflip.com/2tqcx0.jpg",
        "noisy": false,
        "tags": [
            "spider man double"
        ],
        "Meme Title": "Spider Man Double",
        "filename": "2tqcx0.jpg"
    },
    {
        "href": "https://imgflip.com/i/2caqz0",
        "imgsrc": "https://i.imgflip.com/2caqz0.jpg",
        "noisy": false,
        "tags": [
            "spider man double"
        ],
        "Meme Title": "Spider Man Double",
        "filename": "2caqz0.jpg"
    },
    {
        "href": "https://imgflip.com/i/2ls36p",
        "imgsrc": "https://i.imgflip.com/2ls36p.jpg",
        "noisy": false,
        "tags": [
            "spider man double"
        ],
        "Meme Title": "Spider Man Double",
        "filename": "2ls36p.jpg"
    },
    {
        "href": "https://imgflip.com/i/1q8aeh",
        "imgsrc": "https://i.imgflip.com/1q8aeh.jpg",
        "noisy": false,
        "tags": [
            "spider man double"
        ],
        "Meme Title": "Spider Man Double",
        "filename": "1q8aeh.jpg"
    },
    {
        "href": "https://imgflip.com/i/2ybx14",
        "imgsrc": "https://i.imgflip.com/2ybx14.jpg",
        "noisy": false,
        "tags": [
            "spider man double"
        ],
        "Meme Title": "Spider Man Double",
        "filename": "2ybx14.jpg"
    },
    {
        "href": "https://imgflip.com/i/40jntz",
        "imgsrc": "https://i.imgflip.com/40jntz.jpg",
        "noisy": false,
        "tags": [
            "spider man double"
        ],
        "Meme Title": "I am you, you are me",
        "filename": "40jntz.jpg"
    },
    {
        "href": "https://imgflip.com/i/1whupc",
        "imgsrc": "https://i.imgflip.com/1whupc.jpg",
        "noisy": false,
        "tags": [
            "spider man double"
        ],
        "Meme Title": "Spider Man Double",
        "filename": "1whupc.jpg"
    },
    {
        "href": "https://imgflip.com/i/2ot3h7",
        "imgsrc": "https://i.imgflip.com/2ot3h7.jpg",
        "noisy": false,
        "tags": [
            "capital l",
            "lowercase l"
        ],
        "Meme Title": "Take the \u201cL\u201d or the \u201cI\u201d",
        "filename": "2ot3h7.jpg"
    },
    {
        "href": "https://imgflip.com/i/2hi0gy",
        "imgsrc": "https://i.imgflip.com/2hi0gy.jpg",
        "noisy": false,
        "tags": [
            "spider man double"
        ],
        "Meme Title": "Spider Man Double",
        "filename": "2hi0gy.jpg"
    },
    {
        "href": "https://imgflip.com/i/3ovp79",
        "imgsrc": "https://i.imgflip.com/3ovp79.jpg",
        "noisy": false,
        "tags": [
            "spider man double"
        ],
        "Meme Title": "Spider Man Double",
        "filename": "3ovp79.jpg"
    },
    {
        "href": "https://imgflip.com/i/2pt1cx",
        "imgsrc": "https://i.imgflip.com/2pt1cx.jpg",
        "noisy": false,
        "tags": [
            "spider man double"
        ],
        "Meme Title": "Spider Man Double",
        "filename": "2pt1cx.jpg"
    },
    {
        "href": "https://imgflip.com/i/4yc9cd",
        "imgsrc": "https://i.imgflip.com/4yc9cd.jpg",
        "noisy": false,
        "tags": [
            "spider man double"
        ],
        "Meme Title": "Spider Man Double",
        "filename": "4yc9cd.jpg"
    },
    {
        "href": "https://imgflip.com/i/4omk44",
        "imgsrc": "https://i.imgflip.com/4omk44.jpg",
        "noisy": false,
        "tags": [
            "spider man double",
            "flat earthers",
            "gender identity",
            "did you just assume my gender",
            "flat earth",
            "gender studies"
        ],
        "Meme Title": "Spider Man Double",
        "filename": "4omk44.jpg"
    },
    {
        "href": "https://imgflip.com/i/2g2i1o",
        "imgsrc": "https://i.imgflip.com/2g2i1o.jpg",
        "noisy": false,
        "tags": [
            "spider man double"
        ],
        "Meme Title": "Spider Man Double",
        "filename": "2g2i1o.jpg"
    },
    {
        "href": "https://imgflip.com/i/74il9d",
        "imgsrc": "https://i.imgflip.com/74il9d.jpg",
        "noisy": false,
        "tags": [
            "spider man double",
            "playboy"
        ],
        "Meme Title": "Playboy models in Music videos be like",
        "filename": "74il9d.jpg"
    },
    {
        "href": "https://imgflip.com/i/71252n",
        "imgsrc": "https://i.imgflip.com/71252n.jpg",
        "noisy": false,
        "tags": [
            "spider man double"
        ],
        "Meme Title": "Bath Salts",
        "filename": "71252n.jpg"
    },
    {
        "href": "https://imgflip.com/i/6nldrv",
        "imgsrc": "https://i.imgflip.com/6nldrv.jpg",
        "noisy": false,
        "tags": [
            "spider man double"
        ],
        "Meme Title": "this meme sucks. and i know",
        "filename": "6nldrv.jpg"
    },
    {
        "href": "https://imgflip.com/i/6jxwn9",
        "imgsrc": "https://i.imgflip.com/6jxwn9.jpg",
        "noisy": false,
        "tags": [
            "spider man double"
        ],
        "Meme Title": "Spider Man Double",
        "filename": "6jxwn9.jpg"
    },
    {
        "href": "https://imgflip.com/i/6bwupd",
        "imgsrc": "https://i.imgflip.com/6bwupd.jpg",
        "noisy": false,
        "tags": [
            "spider man double"
        ],
        "Meme Title": "Massage therapist or masseuse",
        "filename": "6bwupd.jpg"
    },
    {
        "href": "https://imgflip.com/i/69o2dh",
        "imgsrc": "https://i.imgflip.com/69o2dh.jpg",
        "noisy": false,
        "tags": [
            "spider man double"
        ],
        "Meme Title": "(Logistics) 5S & Lean Six Sigma",
        "filename": "69o2dh.jpg"
    },
    {
        "href": "https://imgflip.com/i/64gn3z",
        "imgsrc": "https://i.imgflip.com/64gn3z.jpg",
        "noisy": false,
        "tags": [
            "spider man double",
            "rip off"
        ],
        "Meme Title": "Tik Tok iz dum",
        "filename": "64gn3z.jpg"
    },
    {
        "href": "https://imgflip.com/i/646xbl",
        "imgsrc": "https://i.imgflip.com/646xbl.jpg",
        "noisy": false,
        "tags": [
            "spider man double"
        ],
        "Meme Title": "Spider Man Double",
        "filename": "646xbl.jpg"
    },
    {
        "href": "https://imgflip.com/i/5lifkl",
        "imgsrc": "https://i.imgflip.com/5lifkl.jpg",
        "noisy": false,
        "tags": [
            "spider man double"
        ],
        "Meme Title": "Spider Man Double",
        "filename": "5lifkl.jpg"
    },
    {
        "href": "https://imgflip.com/i/5bdf58",
        "imgsrc": "https://i.imgflip.com/5bdf58.jpg",
        "noisy": false,
        "tags": [
            "spider man double"
        ],
        "Meme Title": "spiders are creepy XD",
        "filename": "5bdf58.jpg"
    },
    {
        "href": "https://imgflip.com/i/56ualg",
        "imgsrc": "https://i.imgflip.com/56ualg.jpg",
        "noisy": false,
        "tags": [
            "spider man double"
        ],
        "Meme Title": "Spider Man Double",
        "filename": "56ualg.jpg"
    },
    {
        "href": "https://imgflip.com/i/56lsyr",
        "imgsrc": "https://i.imgflip.com/56lsyr.jpg",
        "noisy": false,
        "tags": [
            "spider man double"
        ],
        "Meme Title": "Spider Man Double",
        "filename": "56lsyr.jpg"
    },
    {
        "href": "https://imgflip.com/i/54le0g",
        "imgsrc": "https://i.imgflip.com/54le0g.jpg",
        "noisy": false,
        "tags": [
            "spider man double"
        ],
        "Meme Title": "Wait a minute...",
        "filename": "54le0g.jpg"
    },
    {
        "href": "https://imgflip.com/i/51tyfe",
        "imgsrc": "https://i.imgflip.com/51tyfe.jpg",
        "noisy": false,
        "tags": [
            "spider man double"
        ],
        "Meme Title": "classroom cunfusion",
        "filename": "51tyfe.jpg"
    },
    {
        "href": "https://imgflip.com/i/4z76xz",
        "imgsrc": "https://i.imgflip.com/4z76xz.jpg",
        "noisy": false,
        "tags": [
            "spider man double"
        ],
        "Meme Title": "Spider Man Double",
        "filename": "4z76xz.jpg"
    },
    {
        "href": "https://imgflip.com/i/4utyr8",
        "imgsrc": "https://i.imgflip.com/4utyr8.jpg",
        "noisy": false,
        "tags": [
            "spider man double"
        ],
        "Meme Title": "Spider Man Double",
        "filename": "4utyr8.jpg"
    },
    {
        "href": "https://imgflip.com/i/4sujow",
        "imgsrc": "https://i.imgflip.com/4sujow.jpg",
        "noisy": false,
        "tags": [
            "spider man double"
        ],
        "Meme Title": "Some of those that work forces...",
        "filename": "4sujow.jpg"
    },
    {
        "href": "https://imgflip.com/i/4bjdx4",
        "imgsrc": "https://i.imgflip.com/4bjdx4.jpg",
        "noisy": false,
        "tags": [
            "spider man double"
        ],
        "Meme Title": "Spider Man Double",
        "filename": "4bjdx4.jpg"
    },
    {
        "href": "https://imgflip.com/i/47o5kx",
        "imgsrc": "https://i.imgflip.com/47o5kx.jpg",
        "noisy": false,
        "tags": [
            "spider man double",
            "film",
            "matthew mcconaughey"
        ],
        "Meme Title": "Spider Man Double",
        "filename": "47o5kx.jpg"
    },
    {
        "href": "https://imgflip.com/i/44cu3g",
        "imgsrc": "https://i.imgflip.com/44cu3g.jpg",
        "noisy": false,
        "tags": [
            "spider man double"
        ],
        "Meme Title": "Math meme",
        "filename": "44cu3g.jpg"
    },
    {
        "href": "https://imgflip.com/i/42ko8h",
        "imgsrc": "https://i.imgflip.com/42ko8h.jpg",
        "noisy": false,
        "tags": [
            "spider man double"
        ],
        "Meme Title": "The 2020 Presidential Debate",
        "filename": "42ko8h.jpg"
    }
]