[
    {
        "href": "https://imgflip.com/i/78remh",
        "imgsrc": "https://i.imgflip.com/78remh.jpg",
        "noisy": false,
        "tags": [
            "moe throws barney",
            "funny",
            "gaming",
            "school",
            "relatable",
            "funny memes"
        ],
        "Meme Title": "Schools Vs Unblocked Games",
        "filename": "78remh.jpg"
    },
    {
        "href": "https://imgflip.com/i/79rqk3",
        "imgsrc": "https://i.imgflip.com/79rqk3.jpg",
        "noisy": false,
        "tags": [
            "moe throws barney"
        ],
        "Meme Title": "True tho",
        "filename": "79rqk3.jpg"
    },
    {
        "href": "https://imgflip.com/i/79pwmo",
        "imgsrc": "https://i.imgflip.com/79pwmo.jpg",
        "noisy": false,
        "tags": [
            "moe throws barney"
        ],
        "Meme Title": "Moe throws Barney",
        "filename": "79pwmo.jpg"
    },
    {
        "href": "https://imgflip.com/i/7993ok",
        "imgsrc": "https://i.imgflip.com/7993ok.jpg",
        "noisy": false,
        "tags": [
            "moe throws barney",
            "negativity",
            "negative",
            "vibes",
            "the simpsons"
        ],
        "Meme Title": "How I handle negativity\u2026well I try to",
        "filename": "7993ok.jpg"
    },
    {
        "href": "https://imgflip.com/i/790dvw",
        "imgsrc": "https://i.imgflip.com/790dvw.jpg",
        "noisy": false,
        "tags": [
            "moe throws barney",
            "school",
            "toilet",
            "memes",
            "funny",
            "relatable"
        ],
        "Meme Title": "Our savior",
        "filename": "790dvw.jpg"
    },
    {
        "href": "https://imgflip.com/i/78ku4b",
        "imgsrc": "https://i.imgflip.com/78ku4b.jpg",
        "noisy": false,
        "tags": [
            "moe throws barney"
        ],
        "Meme Title": "Moe throws Barney",
        "filename": "78ku4b.jpg"
    },
    {
        "href": "https://imgflip.com/i/75k4ml",
        "imgsrc": "https://i.imgflip.com/75k4ml.jpg",
        "noisy": false,
        "tags": [
            "moe throws barney"
        ],
        "Meme Title": "please remove adblock",
        "filename": "75k4ml.jpg"
    },
    {
        "href": "https://imgflip.com/i/739r7l",
        "imgsrc": "https://i.imgflip.com/739r7l.jpg",
        "noisy": false,
        "tags": [
            "moe throws barney",
            "free trial",
            "alt accounts"
        ],
        "Meme Title": "Moe throws Barney",
        "filename": "739r7l.jpg"
    },
    {
        "href": "https://imgflip.com/i/78l7o7",
        "imgsrc": "https://i.imgflip.com/78l7o7.jpg",
        "noisy": false,
        "tags": [
            "moe throws barney"
        ],
        "Meme Title": "Wait what",
        "filename": "78l7o7.jpg"
    },
    {
        "href": "https://imgflip.com/i/797oe2",
        "imgsrc": "https://i.imgflip.com/797oe2.jpg",
        "noisy": false,
        "tags": [
            "moe throws barney",
            "godzilla",
            "godzilla vs kong",
            "king ghidorah",
            "the simpsons"
        ],
        "Meme Title": "Legendary Godzilla\u2019s life in a nutshell",
        "filename": "797oe2.jpg"
    },
    {
        "href": "https://imgflip.com/i/773oxx",
        "imgsrc": "https://i.imgflip.com/773oxx.jpg",
        "noisy": false,
        "tags": [
            "moe throws barney"
        ],
        "Meme Title": "The homework torture",
        "filename": "773oxx.jpg"
    },
    {
        "href": "https://imgflip.com/i/77kqen",
        "imgsrc": "https://i.imgflip.com/77kqen.jpg",
        "noisy": false,
        "tags": [
            "moe throws barney"
        ],
        "Meme Title": "Big brain",
        "filename": "77kqen.jpg"
    },
    {
        "href": "https://imgflip.com/i/785boz",
        "imgsrc": "https://i.imgflip.com/785boz.jpg",
        "noisy": false,
        "tags": [
            "moe throws barney",
            "memes",
            "funny",
            "relatable"
        ],
        "Meme Title": "why cant they just stay out for once",
        "filename": "785boz.jpg"
    },
    {
        "href": "https://imgflip.com/i/6zn1b2",
        "imgsrc": "https://i.imgflip.com/6zn1b2.jpg",
        "noisy": false,
        "tags": [
            "moe throws barney"
        ],
        "Meme Title": "Moe throws Barney",
        "filename": "6zn1b2.jpg"
    },
    {
        "href": "https://imgflip.com/i/77gy5x",
        "imgsrc": "https://i.imgflip.com/77gy5x.jpg",
        "noisy": false,
        "tags": [
            "moe throws barney",
            "kahoot",
            "moe",
            "barney",
            "winning",
            "losing"
        ],
        "Meme Title": "Kahoot",
        "filename": "77gy5x.jpg"
    },
    {
        "href": "https://imgflip.com/i/76llln",
        "imgsrc": "https://i.imgflip.com/76llln.jpg",
        "noisy": false,
        "tags": [
            "moe throws barney"
        ],
        "Meme Title": "Moe throws Barney",
        "filename": "76llln.jpg"
    },
    {
        "href": "https://imgflip.com/i/6ygp02",
        "imgsrc": "https://i.imgflip.com/6ygp02.jpg",
        "noisy": false,
        "tags": [
            "moe throws barney"
        ],
        "Meme Title": "Rip spooktober",
        "filename": "6ygp02.jpg"
    },
    {
        "href": "https://imgflip.com/i/6v6ol2",
        "imgsrc": "https://i.imgflip.com/6v6ol2.jpg",
        "noisy": false,
        "tags": [
            "moe throws barney"
        ],
        "Meme Title": "youtube ads",
        "filename": "6v6ol2.jpg"
    },
    {
        "href": "https://imgflip.com/i/6zcojx",
        "imgsrc": "https://i.imgflip.com/6zcojx.jpg",
        "noisy": false,
        "tags": [
            "moe throws barney",
            "upvote begging"
        ],
        "Meme Title": "down vote",
        "filename": "6zcojx.jpg"
    },
    {
        "href": "https://imgflip.com/i/77tzv6",
        "imgsrc": "https://i.imgflip.com/77tzv6.jpg",
        "noisy": false,
        "tags": [
            "moe throws barney"
        ],
        "Meme Title": "Restraining orders",
        "filename": "77tzv6.jpg"
    },
    {
        "href": "https://imgflip.com/i/77en15",
        "imgsrc": "https://i.imgflip.com/77en15.jpg",
        "noisy": false,
        "tags": [
            "moe throws barney"
        ],
        "Meme Title": "Moe throws Barney",
        "filename": "77en15.jpg"
    },
    {
        "href": "https://imgflip.com/i/745gyq",
        "imgsrc": "https://i.imgflip.com/745gyq.jpg",
        "noisy": false,
        "tags": [
            "moe throws barney",
            "games",
            "funny",
            "memes"
        ],
        "Meme Title": "I don't know what to name",
        "filename": "745gyq.jpg"
    },
    {
        "href": "https://imgflip.com/i/777wwi",
        "imgsrc": "https://i.imgflip.com/777wwi.jpg",
        "noisy": false,
        "tags": [
            "moe throws barney",
            "text messages"
        ],
        "Meme Title": "DM Request",
        "filename": "777wwi.jpg"
    },
    {
        "href": "https://imgflip.com/i/74s7jl",
        "imgsrc": "https://i.imgflip.com/74s7jl.jpg",
        "noisy": false,
        "tags": [
            "moe throws barney"
        ],
        "Meme Title": "Relatable?",
        "filename": "74s7jl.jpg"
    },
    {
        "href": "https://imgflip.com/i/6zj4ay",
        "imgsrc": "https://i.imgflip.com/6zj4ay.jpg",
        "noisy": false,
        "tags": [
            "moe throws barney",
            "cosplay",
            "evafoam",
            "dust",
            "messy",
            "inevitable"
        ],
        "Meme Title": "Moe throws Barney",
        "filename": "6zj4ay.jpg"
    },
    {
        "href": "https://imgflip.com/i/76yoj5",
        "imgsrc": "https://i.imgflip.com/76yoj5.jpg",
        "noisy": false,
        "tags": [
            "moe throws barney",
            "dinosaur",
            "dinosaurs"
        ],
        "Meme Title": "Brontosaurus is real",
        "filename": "76yoj5.jpg"
    },
    {
        "href": "https://imgflip.com/i/76v4nx",
        "imgsrc": "https://i.imgflip.com/76v4nx.jpg",
        "noisy": false,
        "tags": [
            "moe throws barney"
        ],
        "Meme Title": "skool is goofy",
        "filename": "76v4nx.jpg"
    },
    {
        "href": "https://imgflip.com/i/77rljo",
        "imgsrc": "https://i.imgflip.com/77rljo.jpg",
        "noisy": false,
        "tags": [
            "moe throws barney"
        ],
        "Meme Title": "Moe throws Barney",
        "filename": "77rljo.jpg"
    },
    {
        "href": "https://imgflip.com/i/73cfht",
        "imgsrc": "https://i.imgflip.com/73cfht.jpg",
        "noisy": false,
        "tags": [
            "moe throws barney"
        ],
        "Meme Title": "Moe throws Barney",
        "filename": "73cfht.jpg"
    },
    {
        "href": "https://imgflip.com/i/73hykd",
        "imgsrc": "https://i.imgflip.com/73hykd.jpg",
        "noisy": false,
        "tags": [
            "moe throws barney",
            "videogames",
            "steam"
        ],
        "Meme Title": "Relatable? Comment down.",
        "filename": "73hykd.jpg"
    },
    {
        "href": "https://imgflip.com/i/74mga8",
        "imgsrc": "https://i.imgflip.com/74mga8.jpg",
        "noisy": false,
        "tags": [
            "moe throws barney",
            "memes",
            "lunch",
            "dinner"
        ],
        "Meme Title": "Moe throws Barney",
        "filename": "74mga8.jpg"
    },
    {
        "href": "https://imgflip.com/i/739tgv",
        "imgsrc": "https://i.imgflip.com/739tgv.jpg",
        "noisy": false,
        "tags": [
            "moe throws barney"
        ],
        "Meme Title": "You thought i was gone",
        "filename": "739tgv.jpg"
    },
    {
        "href": "https://imgflip.com/i/73j9xe",
        "imgsrc": "https://i.imgflip.com/73j9xe.jpg",
        "noisy": false,
        "tags": [
            "moe throws barney"
        ],
        "Meme Title": "shin godzilla meme",
        "filename": "73j9xe.jpg"
    },
    {
        "href": "https://imgflip.com/i/5pgh12",
        "imgsrc": "https://i.imgflip.com/5pgh12.jpg",
        "noisy": false,
        "tags": [
            "moe throws barney"
        ],
        "Meme Title": "Writing Distractions Every.Single.Time",
        "filename": "5pgh12.jpg"
    },
    {
        "href": "https://imgflip.com/i/717hul",
        "imgsrc": "https://i.imgflip.com/717hul.jpg",
        "noisy": false,
        "tags": [
            "moe throws barney",
            "slavic",
            "slm",
            "blm",
            "russia",
            "ukraine"
        ],
        "Meme Title": "Moe throws Barney",
        "filename": "717hul.jpg"
    },
    {
        "href": "https://imgflip.com/i/6yfgaj",
        "imgsrc": "https://i.imgflip.com/6yfgaj.jpg",
        "noisy": false,
        "tags": [
            "moe throws barney",
            "funny",
            "memes",
            "the simpsons",
            "spooktober",
            "no nut november"
        ],
        "Meme Title": "HERE THEY COME!",
        "filename": "6yfgaj.jpg"
    },
    {
        "href": "https://imgflip.com/i/7798ll",
        "imgsrc": "https://i.imgflip.com/7798ll.jpg",
        "noisy": false,
        "tags": [
            "moe throws barney",
            "tumblr",
            "bots",
            "i hate them"
        ],
        "Meme Title": "So annoying.",
        "filename": "7798ll.jpg"
    },
    {
        "href": "https://imgflip.com/i/63qkb5",
        "imgsrc": "https://i.imgflip.com/63qkb5.jpg",
        "noisy": false,
        "tags": [
            "moe throws barney"
        ],
        "Meme Title": "If we being fr",
        "filename": "63qkb5.jpg"
    },
    {
        "href": "https://imgflip.com/i/75s47v",
        "imgsrc": "https://i.imgflip.com/75s47v.jpg",
        "noisy": false,
        "tags": [
            "moe throws barney",
            "black clover"
        ],
        "Meme Title": "Plot armor",
        "filename": "75s47v.jpg"
    },
    {
        "href": "https://imgflip.com/i/74a2ka",
        "imgsrc": "https://i.imgflip.com/74a2ka.jpg",
        "noisy": false,
        "tags": [
            "moe throws barney"
        ],
        "Meme Title": "Every people had this at least 1 time in their life",
        "filename": "74a2ka.jpg"
    },
    {
        "href": "https://imgflip.com/i/75oqta",
        "imgsrc": "https://i.imgflip.com/75oqta.jpg",
        "noisy": false,
        "tags": [
            "moe throws barney"
        ],
        "Meme Title": "yeah pokemon types",
        "filename": "75oqta.jpg"
    },
    {
        "href": "https://imgflip.com/i/738z8k",
        "imgsrc": "https://i.imgflip.com/738z8k.jpg",
        "noisy": false,
        "tags": [
            "moe throws barney",
            "don't do drugs",
            "doesn't solve problems",
            "u can tell by meme",
            "it is ilegal",
            "ran out of things to say"
        ],
        "Meme Title": "don't do drugs",
        "filename": "738z8k.jpg"
    },
    {
        "href": "https://imgflip.com/i/6x1edx",
        "imgsrc": "https://i.imgflip.com/6x1edx.jpg",
        "noisy": false,
        "tags": [
            "moe throws barney",
            "youtube"
        ],
        "Meme Title": "especially yt shorts",
        "filename": "6x1edx.jpg"
    },
    {
        "href": "https://imgflip.com/i/71o46b",
        "imgsrc": "https://i.imgflip.com/71o46b.jpg",
        "noisy": false,
        "tags": [
            "moe throws barney",
            "history"
        ],
        "Meme Title": "Moe throws Barney",
        "filename": "71o46b.jpg"
    },
    {
        "href": "https://imgflip.com/i/73jyma",
        "imgsrc": "https://i.imgflip.com/73jyma.jpg",
        "noisy": false,
        "tags": [
            "moe throws barney"
        ],
        "Meme Title": "My friend backstabbed me :(",
        "filename": "73jyma.jpg"
    },
    {
        "href": "https://imgflip.com/i/6z9vju",
        "imgsrc": "https://i.imgflip.com/6z9vju.jpg",
        "noisy": false,
        "tags": [
            "moe throws barney",
            "godzilla"
        ],
        "Meme Title": "Moe throws Barney",
        "filename": "6z9vju.jpg"
    },
    {
        "href": "https://imgflip.com/i/6y46qk",
        "imgsrc": "https://i.imgflip.com/6y46qk.jpg",
        "noisy": false,
        "tags": [
            "moe throws barney",
            "test",
            "school",
            "assignment",
            "the simpsons",
            "simpsons"
        ],
        "Meme Title": "Didn't See That Coming",
        "filename": "6y46qk.jpg"
    },
    {
        "href": "https://imgflip.com/i/6xsu6r",
        "imgsrc": "https://i.imgflip.com/6xsu6r.jpg",
        "noisy": false,
        "tags": [
            "moe throws barney"
        ],
        "Meme Title": "Barney Johnson",
        "filename": "6xsu6r.jpg"
    },
    {
        "href": "https://imgflip.com/i/6udfsj",
        "imgsrc": "https://i.imgflip.com/6udfsj.jpg",
        "noisy": false,
        "tags": [
            "moe throws barney"
        ],
        "Meme Title": "There's always more",
        "filename": "6udfsj.jpg"
    },
    {
        "href": "https://imgflip.com/i/67h2ag",
        "imgsrc": "https://i.imgflip.com/67h2ag.jpg",
        "noisy": false,
        "tags": [
            "moe throws barney",
            "homework",
            "yeet",
            "ha ha tags go brr"
        ],
        "Meme Title": "Homework homework everywhere",
        "filename": "67h2ag.jpg"
    },
    {
        "href": "https://imgflip.com/i/72awy9",
        "imgsrc": "https://i.imgflip.com/72awy9.jpg",
        "noisy": false,
        "tags": [
            "moe throws barney",
            "animals",
            "fun"
        ],
        "Meme Title": "infestation",
        "filename": "72awy9.jpg"
    },
    {
        "href": "https://imgflip.com/i/5qpx8o",
        "imgsrc": "https://i.imgflip.com/5qpx8o.jpg",
        "noisy": false,
        "tags": [
            "moe throws barney",
            "memes",
            "funny",
            "funny memes",
            "youtube sucks",
            "youtube ads"
        ],
        "Meme Title": "I swear YouTube gets worse and worse every minute",
        "filename": "5qpx8o.jpg"
    },
    {
        "href": "https://imgflip.com/i/657be2",
        "imgsrc": "https://i.imgflip.com/657be2.jpg",
        "noisy": false,
        "tags": [
            "moe throws barney"
        ],
        "Meme Title": "Moe throws Barney",
        "filename": "657be2.jpg"
    },
    {
        "href": "https://imgflip.com/i/6viet7",
        "imgsrc": "https://i.imgflip.com/6viet7.jpg",
        "noisy": false,
        "tags": [
            "moe throws barney"
        ],
        "Meme Title": "Covid-19 In a Nutshell",
        "filename": "6viet7.jpg"
    },
    {
        "href": "https://imgflip.com/i/71mb0v",
        "imgsrc": "https://i.imgflip.com/71mb0v.jpg",
        "noisy": false,
        "tags": [
            "moe throws barney"
        ],
        "Meme Title": "*insert title here*",
        "filename": "71mb0v.jpg"
    },
    {
        "href": "https://imgflip.com/i/73ykg4",
        "imgsrc": "https://i.imgflip.com/73ykg4.jpg",
        "noisy": false,
        "tags": [
            "moe throws barney"
        ],
        "Meme Title": "Moe throws Barney",
        "filename": "73ykg4.jpg"
    },
    {
        "href": "https://imgflip.com/i/6z8vd4",
        "imgsrc": "https://i.imgflip.com/6z8vd4.jpg",
        "noisy": false,
        "tags": [
            "moe throws barney"
        ],
        "Meme Title": "exams in a nustshell",
        "filename": "6z8vd4.jpg"
    },
    {
        "href": "https://imgflip.com/i/63yt4h",
        "imgsrc": "https://i.imgflip.com/63yt4h.jpg",
        "noisy": false,
        "tags": [
            "moe throws barney",
            "what"
        ],
        "Meme Title": "I can use Imgflip again :happy_tears:",
        "filename": "63yt4h.jpg"
    },
    {
        "href": "https://imgflip.com/i/6ysyq6",
        "imgsrc": "https://i.imgflip.com/6ysyq6.jpg",
        "noisy": false,
        "tags": [
            "moe throws barney",
            "mr beast",
            "youtube",
            "youtuber",
            "youtubers"
        ],
        "Meme Title": "*Insert funny title here*",
        "filename": "6ysyq6.jpg"
    },
    {
        "href": "https://imgflip.com/i/70oup5",
        "imgsrc": "https://i.imgflip.com/70oup5.jpg",
        "noisy": false,
        "tags": [
            "moe throws barney"
        ],
        "Meme Title": "Next( I couldn't think of a good name for this meme)",
        "filename": "70oup5.jpg"
    },
    {
        "href": "https://imgflip.com/i/6ipavz",
        "imgsrc": "https://i.imgflip.com/6ipavz.jpg",
        "noisy": false,
        "tags": [
            "moe throws barney",
            "black death",
            "sickness",
            "covid-19",
            "oh wow are you actually reading these tags",
            "stop reading the tags"
        ],
        "Meme Title": "Hey",
        "filename": "6ipavz.jpg"
    },
    {
        "href": "https://imgflip.com/i/5xr2wn",
        "imgsrc": "https://i.imgflip.com/5xr2wn.jpg",
        "noisy": false,
        "tags": [
            "moe throws barney",
            "christmas",
            "mariah carey",
            "i made this during class",
            "oh wow are you actually reading these tags"
        ],
        "Meme Title": "I don't want a lot for Christmas...",
        "filename": "5xr2wn.jpg"
    },
    {
        "href": "https://imgflip.com/i/6y3m0n",
        "imgsrc": "https://i.imgflip.com/6y3m0n.jpg",
        "noisy": false,
        "tags": [
            "moe throws barney"
        ],
        "Meme Title": "Moe throws Barney",
        "filename": "6y3m0n.jpg"
    },
    {
        "href": "https://imgflip.com/i/706np6",
        "imgsrc": "https://i.imgflip.com/706np6.jpg",
        "noisy": false,
        "tags": [
            "moe throws barney",
            "florida",
            "hurricane"
        ],
        "Meme Title": "Moe throws Barney",
        "filename": "706np6.jpg"
    },
    {
        "href": "https://imgflip.com/i/72bp0w",
        "imgsrc": "https://i.imgflip.com/72bp0w.jpg",
        "noisy": false,
        "tags": [
            "moe throws barney"
        ],
        "Meme Title": "Moe throws Barney",
        "filename": "72bp0w.jpg"
    },
    {
        "href": "https://imgflip.com/i/6u5ngo",
        "imgsrc": "https://i.imgflip.com/6u5ngo.jpg",
        "noisy": false,
        "tags": [
            "moe throws barney",
            "memes",
            "funny memes",
            "math"
        ],
        "Meme Title": "When someone says math is an easy subject | Memes By Amaan",
        "filename": "6u5ngo.jpg"
    },
    {
        "href": "https://imgflip.com/i/6ohu82",
        "imgsrc": "https://i.imgflip.com/6ohu82.jpg",
        "noisy": false,
        "tags": [
            "moe throws barney",
            "simpsons",
            "covid",
            "monkeypox",
            "covid-19",
            "just when we thought it was over"
        ],
        "Meme Title": "Monkeypox",
        "filename": "6ohu82.jpg"
    },
    {
        "href": "https://imgflip.com/i/6u2h2p",
        "imgsrc": "https://i.imgflip.com/6u2h2p.jpg",
        "noisy": false,
        "tags": [
            "moe throws barney"
        ],
        "Meme Title": "ADS BE LIKE",
        "filename": "6u2h2p.jpg"
    },
    {
        "href": "https://imgflip.com/i/6gwdo3",
        "imgsrc": "https://i.imgflip.com/6gwdo3.jpg",
        "noisy": false,
        "tags": [
            "moe throws barney"
        ],
        "Meme Title": "You just can't get rid of it.",
        "filename": "6gwdo3.jpg"
    },
    {
        "href": "https://imgflip.com/i/6zb8ei",
        "imgsrc": "https://i.imgflip.com/6zb8ei.jpg",
        "noisy": false,
        "tags": [
            "moe throws barney",
            "christmas",
            "halloween",
            "thanksgiving",
            "the simpsons",
            "memes"
        ],
        "Meme Title": "Its the time of the year again, I guess.",
        "filename": "6zb8ei.jpg"
    },
    {
        "href": "https://imgflip.com/i/6rvveg",
        "imgsrc": "https://i.imgflip.com/6rvveg.jpg",
        "noisy": false,
        "tags": [
            "moe throws barney",
            "youtube"
        ],
        "Meme Title": "This is a title",
        "filename": "6rvveg.jpg"
    },
    {
        "href": "https://imgflip.com/i/6suei8",
        "imgsrc": "https://i.imgflip.com/6suei8.jpg",
        "noisy": false,
        "tags": [
            "moe throws barney",
            "queen elizabeth",
            "the queen elizabeth ii",
            "queen of england"
        ],
        "Meme Title": "Moe throws Barney",
        "filename": "6suei8.jpg"
    },
    {
        "href": "https://imgflip.com/i/65m0pj",
        "imgsrc": "https://i.imgflip.com/65m0pj.jpg",
        "noisy": false,
        "tags": [
            "moe throws barney"
        ],
        "Meme Title": "Moe throws Barney",
        "filename": "65m0pj.jpg"
    },
    {
        "href": "https://imgflip.com/i/64lc83",
        "imgsrc": "https://i.imgflip.com/64lc83.jpg",
        "noisy": false,
        "tags": [
            "moe throws barney",
            "memes",
            "meme",
            "ads"
        ],
        "Meme Title": "Seriousely, what is it with that?",
        "filename": "64lc83.jpg"
    },
    {
        "href": "https://imgflip.com/i/6tw1gk",
        "imgsrc": "https://i.imgflip.com/6tw1gk.jpg",
        "noisy": false,
        "tags": [
            "moe throws barney"
        ],
        "Meme Title": "Moe throws Barney",
        "filename": "6tw1gk.jpg"
    },
    {
        "href": "https://imgflip.com/i/5fclxs",
        "imgsrc": "https://i.imgflip.com/5fclxs.jpg",
        "noisy": false,
        "tags": [
            "moe throws barney"
        ],
        "Meme Title": "thought they killed him eh",
        "filename": "5fclxs.jpg"
    },
    {
        "href": "https://imgflip.com/i/70atx3",
        "imgsrc": "https://i.imgflip.com/70atx3.jpg",
        "noisy": false,
        "tags": [
            "moe throws barney"
        ],
        "Meme Title": "Moe throws Barney",
        "filename": "70atx3.jpg"
    },
    {
        "href": "https://imgflip.com/i/6qkqh0",
        "imgsrc": "https://i.imgflip.com/6qkqh0.jpg",
        "noisy": false,
        "tags": [
            "moe throws barney"
        ],
        "Meme Title": "Moe throws Barney",
        "filename": "6qkqh0.jpg"
    },
    {
        "href": "https://imgflip.com/i/6b4m4p",
        "imgsrc": "https://i.imgflip.com/6b4m4p.jpg",
        "noisy": false,
        "tags": [
            "moe throws barney"
        ],
        "Meme Title": "free epic assam tea",
        "filename": "6b4m4p.jpg"
    },
    {
        "href": "https://imgflip.com/i/6zax8x",
        "imgsrc": "https://i.imgflip.com/6zax8x.jpg",
        "noisy": false,
        "tags": [
            "moe throws barney"
        ],
        "Meme Title": "Moe throws Barney",
        "filename": "6zax8x.jpg"
    },
    {
        "href": "https://imgflip.com/i/3tb992",
        "imgsrc": "https://i.imgflip.com/3tb992.jpg",
        "noisy": false,
        "tags": [
            "moe throws barney",
            "coronavirus",
            "area 51"
        ],
        "Meme Title": "Moe throws Barney",
        "filename": "3tb992.jpg"
    },
    {
        "href": "https://imgflip.com/i/6gi7tk",
        "imgsrc": "https://i.imgflip.com/6gi7tk.jpg",
        "noisy": false,
        "tags": [
            "moe throws barney"
        ],
        "Meme Title": "Moe throws Barney",
        "filename": "6gi7tk.jpg"
    },
    {
        "href": "https://imgflip.com/i/61rfpt",
        "imgsrc": "https://i.imgflip.com/61rfpt.jpg",
        "noisy": false,
        "tags": [
            "moe throws barney",
            "bruh moment"
        ],
        "Meme Title": "\"UNLIMITED POWER!\"",
        "filename": "61rfpt.jpg"
    },
    {
        "href": "https://imgflip.com/i/6ghtr9",
        "imgsrc": "https://i.imgflip.com/6ghtr9.jpg",
        "noisy": false,
        "tags": [
            "moe throws barney"
        ],
        "Meme Title": "Enter title here",
        "filename": "6ghtr9.jpg"
    },
    {
        "href": "https://imgflip.com/i/5nmspo",
        "imgsrc": "https://i.imgflip.com/5nmspo.jpg",
        "noisy": false,
        "tags": [
            "moe throws barney"
        ],
        "Meme Title": "It always happens",
        "filename": "5nmspo.jpg"
    },
    {
        "href": "https://imgflip.com/i/6yck4u",
        "imgsrc": "https://i.imgflip.com/6yck4u.jpg",
        "noisy": false,
        "tags": [
            "moe throws barney"
        ],
        "Meme Title": "Ingenious title here",
        "filename": "6yck4u.jpg"
    },
    {
        "href": "https://imgflip.com/i/62wi67",
        "imgsrc": "https://i.imgflip.com/62wi67.jpg",
        "noisy": false,
        "tags": [
            "moe throws barney"
        ],
        "Meme Title": "Moe throws Barney",
        "filename": "62wi67.jpg"
    },
    {
        "href": "https://imgflip.com/i/6q5d6m",
        "imgsrc": "https://i.imgflip.com/6q5d6m.jpg",
        "noisy": false,
        "tags": [
            "moe throws barney"
        ],
        "Meme Title": "Moe throws Barney",
        "filename": "6q5d6m.jpg"
    },
    {
        "href": "https://imgflip.com/i/52omnj",
        "imgsrc": "https://i.imgflip.com/52omnj.jpg",
        "noisy": false,
        "tags": [
            "moe throws barney"
        ],
        "Meme Title": "Moe throws Barney",
        "filename": "52omnj.jpg"
    },
    {
        "href": "https://imgflip.com/i/5zedlw",
        "imgsrc": "https://i.imgflip.com/5zedlw.jpg",
        "noisy": false,
        "tags": [
            "moe throws barney"
        ],
        "Meme Title": "Moe throws Barney",
        "filename": "5zedlw.jpg"
    },
    {
        "href": "https://imgflip.com/i/6q2i1v",
        "imgsrc": "https://i.imgflip.com/6q2i1v.jpg",
        "noisy": false,
        "tags": [
            "moe throws barney",
            "btd6",
            "fun"
        ],
        "Meme Title": "Co-Op in a nutshell (btd6 meme)",
        "filename": "6q2i1v.jpg"
    },
    {
        "href": "https://imgflip.com/i/55ckem",
        "imgsrc": "https://i.imgflip.com/55ckem.jpg",
        "noisy": false,
        "tags": [
            "moe throws barney"
        ],
        "Meme Title": "oof",
        "filename": "55ckem.jpg"
    },
    {
        "href": "https://imgflip.com/i/67ouzy",
        "imgsrc": "https://i.imgflip.com/67ouzy.jpg",
        "noisy": false,
        "tags": [
            "moe throws barney"
        ],
        "Meme Title": "Moe throws Barney",
        "filename": "67ouzy.jpg"
    },
    {
        "href": "https://imgflip.com/i/5mxmk2",
        "imgsrc": "https://i.imgflip.com/5mxmk2.jpg",
        "noisy": false,
        "tags": [
            "moe throws barney",
            "ifunny",
            "ewwww",
            "tiktok sucks",
            "dumb"
        ],
        "Meme Title": "idk what to put here",
        "filename": "5mxmk2.jpg"
    },
    {
        "href": "https://imgflip.com/i/5perdr",
        "imgsrc": "https://i.imgflip.com/5perdr.jpg",
        "noisy": false,
        "tags": [
            "moe throws barney"
        ],
        "Meme Title": "hehe",
        "filename": "5perdr.jpg"
    },
    {
        "href": "https://imgflip.com/i/5wicw5",
        "imgsrc": "https://i.imgflip.com/5wicw5.jpg",
        "noisy": false,
        "tags": [
            "moe throws barney",
            "covid-19",
            "omicron"
        ],
        "Meme Title": "Omicron Variant",
        "filename": "5wicw5.jpg"
    },
    {
        "href": "https://imgflip.com/i/6kz611",
        "imgsrc": "https://i.imgflip.com/6kz611.jpg",
        "noisy": false,
        "tags": [
            "moe throws barney"
        ],
        "Meme Title": "lol",
        "filename": "6kz611.jpg"
    },
    {
        "href": "https://imgflip.com/i/609jil",
        "imgsrc": "https://i.imgflip.com/609jil.jpg",
        "noisy": false,
        "tags": [
            "no"
        ],
        "Meme Title": "Moe throws Barney",
        "filename": "609jil.jpg"
    },
    {
        "href": "https://imgflip.com/i/6gp6yh",
        "imgsrc": "https://i.imgflip.com/6gp6yh.jpg",
        "noisy": false,
        "tags": [
            "moe throws barney"
        ],
        "Meme Title": "Moe throws Barney",
        "filename": "6gp6yh.jpg"
    },
    {
        "href": "https://imgflip.com/i/62snio",
        "imgsrc": "https://i.imgflip.com/62snio.jpg",
        "noisy": false,
        "tags": [
            "moe throws barney"
        ],
        "Meme Title": "A small history meme",
        "filename": "62snio.jpg"
    },
    {
        "href": "https://imgflip.com/i/6sp46y",
        "imgsrc": "https://i.imgflip.com/6sp46y.jpg",
        "noisy": false,
        "tags": [
            "moe throws barney",
            "long live the queen",
            "queen elizabeth"
        ],
        "Meme Title": "Made this 4 days ago and forgot to share",
        "filename": "6sp46y.jpg"
    },
    {
        "href": "https://imgflip.com/i/6lxk08",
        "imgsrc": "https://i.imgflip.com/6lxk08.jpg",
        "noisy": false,
        "tags": [
            "moe throws barney",
            "china",
            "covid-19",
            "covid",
            "coronavirus",
            "sars"
        ],
        "Meme Title": "Revenge of the Covid.",
        "filename": "6lxk08.jpg"
    },
    {
        "href": "https://imgflip.com/i/6qb65m",
        "imgsrc": "https://i.imgflip.com/6qb65m.jpg",
        "noisy": false,
        "tags": [
            "moe throws barney",
            "trolls",
            "funny",
            "memes",
            "relatable",
            "the truth hurts"
        ],
        "Meme Title": "So true...",
        "filename": "6qb65m.jpg"
    },
    {
        "href": "https://imgflip.com/i/6lh9yw",
        "imgsrc": "https://i.imgflip.com/6lh9yw.jpg",
        "noisy": false,
        "tags": [
            "moe throws barney"
        ],
        "Meme Title": "Moe throws Barney",
        "filename": "6lh9yw.jpg"
    },
    {
        "href": "https://imgflip.com/i/5tqo38",
        "imgsrc": "https://i.imgflip.com/5tqo38.jpg",
        "noisy": false,
        "tags": [
            "moe throws barney"
        ],
        "Meme Title": ":(",
        "filename": "5tqo38.jpg"
    },
    {
        "href": "https://imgflip.com/i/5v8o43",
        "imgsrc": "https://i.imgflip.com/5v8o43.jpg",
        "noisy": false,
        "tags": [
            "moe throws barney"
        ],
        "Meme Title": "Moe throws Barney",
        "filename": "5v8o43.jpg"
    },
    {
        "href": "https://imgflip.com/i/57lhba",
        "imgsrc": "https://i.imgflip.com/57lhba.jpg",
        "noisy": false,
        "tags": [
            "moe throws barney"
        ],
        "Meme Title": "you gone",
        "filename": "57lhba.jpg"
    },
    {
        "href": "https://imgflip.com/i/60q0k1",
        "imgsrc": "https://i.imgflip.com/60q0k1.jpg",
        "noisy": false,
        "tags": [
            "moe throws barney"
        ],
        "Meme Title": "viruses they allways come back",
        "filename": "60q0k1.jpg"
    },
    {
        "href": "https://imgflip.com/i/5vd86g",
        "imgsrc": "https://i.imgflip.com/5vd86g.jpg",
        "noisy": false,
        "tags": [
            "moe throws barney"
        ],
        "Meme Title": "Boneyard Match",
        "filename": "5vd86g.jpg"
    },
    {
        "href": "https://imgflip.com/i/5t0elc",
        "imgsrc": "https://i.imgflip.com/5t0elc.jpg",
        "noisy": false,
        "tags": [
            "moe throws barney"
        ],
        "Meme Title": "Moe throws Barney",
        "filename": "5t0elc.jpg"
    },
    {
        "href": "https://imgflip.com/i/65nap1",
        "imgsrc": "https://i.imgflip.com/65nap1.jpg",
        "noisy": false,
        "tags": [
            "moe throws barney",
            "depression",
            "simpsons",
            "mental health",
            "mental illness"
        ],
        "Meme Title": "me vs depression",
        "filename": "65nap1.jpg"
    },
    {
        "href": "https://imgflip.com/i/63y4cq",
        "imgsrc": "https://i.imgflip.com/63y4cq.jpg",
        "noisy": false,
        "tags": [
            "moe throws barney",
            "raid shadow legends"
        ],
        "Meme Title": "Best game since sliced bread! Right?",
        "filename": "63y4cq.jpg"
    },
    {
        "href": "https://imgflip.com/i/6embk1",
        "imgsrc": "https://i.imgflip.com/6embk1.jpg",
        "noisy": false,
        "tags": [
            "moe throws barney"
        ],
        "Meme Title": "Youtube ads be like:",
        "filename": "6embk1.jpg"
    },
    {
        "href": "https://imgflip.com/i/6kmyia",
        "imgsrc": "https://i.imgflip.com/6kmyia.jpg",
        "noisy": false,
        "tags": [
            "moe throws barney",
            "memes",
            "star wars",
            "obi wan kenobi"
        ],
        "Meme Title": "Episode 5 of Kenobi be like:",
        "filename": "6kmyia.jpg"
    },
    {
        "href": "https://imgflip.com/i/62f3pu",
        "imgsrc": "https://i.imgflip.com/62f3pu.jpg",
        "noisy": false,
        "tags": [
            "moe throws barney"
        ],
        "Meme Title": "Unfunny meme",
        "filename": "62f3pu.jpg"
    },
    {
        "href": "https://imgflip.com/i/6f6ma5",
        "imgsrc": "https://i.imgflip.com/6f6ma5.jpg",
        "noisy": false,
        "tags": [
            "moe throws barney"
        ],
        "Meme Title": "the rising of the dead",
        "filename": "6f6ma5.jpg"
    },
    {
        "href": "https://imgflip.com/i/6ejo8g",
        "imgsrc": "https://i.imgflip.com/6ejo8g.jpg",
        "noisy": false,
        "tags": [
            "moe throws barney"
        ],
        "Meme Title": "Moe throws Barney",
        "filename": "6ejo8g.jpg"
    },
    {
        "href": "https://imgflip.com/i/5xtw3l",
        "imgsrc": "https://i.imgflip.com/5xtw3l.jpg",
        "noisy": false,
        "tags": [
            "moe throws barney",
            "school sucks",
            "youtube",
            "youtube ads"
        ],
        "Meme Title": "Can we just watch the video and have fun, for 5 MINUTES?",
        "filename": "5xtw3l.jpg"
    },
    {
        "href": "https://imgflip.com/i/5952q8",
        "imgsrc": "https://i.imgflip.com/5952q8.jpg",
        "noisy": false,
        "tags": [
            "moe throws barney"
        ],
        "Meme Title": "Henry VIII",
        "filename": "5952q8.jpg"
    },
    {
        "href": "https://imgflip.com/i/63bz47",
        "imgsrc": "https://i.imgflip.com/63bz47.jpg",
        "noisy": false,
        "tags": [
            "moe throws barney"
        ],
        "Meme Title": "anime in a nutshell",
        "filename": "63bz47.jpg"
    },
    {
        "href": "https://imgflip.com/i/5t0qd5",
        "imgsrc": "https://i.imgflip.com/5t0qd5.jpg",
        "noisy": false,
        "tags": [
            "moe throws barney",
            "adhd"
        ],
        "Meme Title": "Adhd meme's #6",
        "filename": "5t0qd5.jpg"
    },
    {
        "href": "https://imgflip.com/i/68vpfv",
        "imgsrc": "https://i.imgflip.com/68vpfv.jpg",
        "noisy": false,
        "tags": [
            "moe throws barney",
            "jacknjellify",
            "bfb",
            "bfdi",
            "tpot",
            "memes"
        ],
        "Meme Title": "Bfb ends and tpot begins",
        "filename": "68vpfv.jpg"
    },
    {
        "href": "https://imgflip.com/i/3kvqxz",
        "imgsrc": "https://i.imgflip.com/3kvqxz.jpg",
        "noisy": false,
        "tags": [
            "moe throws barney",
            "memes",
            "happy new year",
            "2020",
            "we'll see"
        ],
        "Meme Title": "Moe throws Barney",
        "filename": "3kvqxz.jpg"
    },
    {
        "href": "https://imgflip.com/i/6e8ru4",
        "imgsrc": "https://i.imgflip.com/6e8ru4.jpg",
        "noisy": false,
        "tags": [
            "moe throws barney",
            "doggo"
        ],
        "Meme Title": "\"that will take care of that\"",
        "filename": "6e8ru4.jpg"
    },
    {
        "href": "https://imgflip.com/i/50in7s",
        "imgsrc": "https://i.imgflip.com/50in7s.jpg",
        "noisy": false,
        "tags": [
            "moe throws barney"
        ],
        "Meme Title": "Moe throws Barney",
        "filename": "50in7s.jpg"
    },
    {
        "href": "https://imgflip.com/i/5uet27",
        "imgsrc": "https://i.imgflip.com/5uet27.jpg",
        "noisy": false,
        "tags": [
            "moe throws barney"
        ],
        "Meme Title": "Relatable",
        "filename": "5uet27.jpg"
    },
    {
        "href": "https://imgflip.com/i/67otc4",
        "imgsrc": "https://i.imgflip.com/67otc4.jpg",
        "noisy": false,
        "tags": [
            "moe throws barney"
        ],
        "Meme Title": "Moe throws Barney",
        "filename": "67otc4.jpg"
    },
    {
        "href": "https://imgflip.com/i/6bxbgo",
        "imgsrc": "https://i.imgflip.com/6bxbgo.jpg",
        "noisy": false,
        "tags": [
            "moe throws barney"
        ],
        "Meme Title": "stoopid skool",
        "filename": "6bxbgo.jpg"
    },
    {
        "href": "https://imgflip.com/i/6ln4lu",
        "imgsrc": "https://i.imgflip.com/6ln4lu.jpg",
        "noisy": false,
        "tags": [
            "moe throws barney"
        ],
        "Meme Title": "Moe throws Barney",
        "filename": "6ln4lu.jpg"
    },
    {
        "href": "https://imgflip.com/i/65wmol",
        "imgsrc": "https://i.imgflip.com/65wmol.jpg",
        "noisy": false,
        "tags": [
            "moe throws barney",
            "bonehurtingjuice"
        ],
        "Meme Title": "Moe throws Barney",
        "filename": "65wmol.jpg"
    },
    {
        "href": "https://imgflip.com/i/5w3sxq",
        "imgsrc": "https://i.imgflip.com/5w3sxq.jpg",
        "noisy": false,
        "tags": [
            "never give up",
            "homies"
        ],
        "Meme Title": "you: omia wa mu shindaru",
        "filename": "5w3sxq.jpg"
    },
    {
        "href": "https://imgflip.com/i/663o1r",
        "imgsrc": "https://i.imgflip.com/663o1r.jpg",
        "noisy": false,
        "tags": [
            "moe throws barney"
        ],
        "Meme Title": "funny history meme",
        "filename": "663o1r.jpg"
    },
    {
        "href": "https://imgflip.com/i/5lidc8",
        "imgsrc": "https://i.imgflip.com/5lidc8.jpg",
        "noisy": false,
        "tags": [
            "moe throws barney",
            "dishes",
            "funny memes",
            "simpsons"
        ],
        "Meme Title": "Dishes always dishes",
        "filename": "5lidc8.jpg"
    },
    {
        "href": "https://imgflip.com/i/5zuw2j",
        "imgsrc": "https://i.imgflip.com/5zuw2j.jpg",
        "noisy": false,
        "tags": [
            "moe throws barney",
            "memes"
        ],
        "Meme Title": "Okay guys so just in Gambir station",
        "filename": "5zuw2j.jpg"
    },
    {
        "href": "https://imgflip.com/i/651mlk",
        "imgsrc": "https://i.imgflip.com/651mlk.jpg",
        "noisy": false,
        "tags": [
            "moe throws barney",
            "facebook",
            "how about no bear",
            "stalker",
            "emails",
            "advertising"
        ],
        "Meme Title": "I feel like I'm being stalked",
        "filename": "651mlk.jpg"
    },
    {
        "href": "https://imgflip.com/i/65luu0",
        "imgsrc": "https://i.imgflip.com/65luu0.jpg",
        "noisy": false,
        "tags": [
            "moe throws barney"
        ],
        "Meme Title": "Moe throws Barney",
        "filename": "65luu0.jpg"
    },
    {
        "href": "https://imgflip.com/i/65qzxl",
        "imgsrc": "https://i.imgflip.com/65qzxl.jpg",
        "noisy": false,
        "tags": [
            "moe throws barney"
        ],
        "Meme Title": "Moe throws Barney",
        "filename": "65qzxl.jpg"
    },
    {
        "href": "https://imgflip.com/i/69dju3",
        "imgsrc": "https://i.imgflip.com/69dju3.jpg",
        "noisy": false,
        "tags": [
            "moe throws barney"
        ],
        "Meme Title": "Moe throws Barney",
        "filename": "69dju3.jpg"
    },
    {
        "href": "https://imgflip.com/i/68jxwj",
        "imgsrc": "https://i.imgflip.com/68jxwj.jpg",
        "noisy": false,
        "tags": [
            "moe throws barney"
        ],
        "Meme Title": "Moe throws Barney",
        "filename": "68jxwj.jpg"
    },
    {
        "href": "https://imgflip.com/i/5z5pzo",
        "imgsrc": "https://i.imgflip.com/5z5pzo.jpg",
        "noisy": false,
        "tags": [
            "moe throws barney",
            "school",
            "boredom",
            "relatable",
            "dank memes",
            "memes"
        ],
        "Meme Title": "Moe throws Barney",
        "filename": "5z5pzo.jpg"
    },
    {
        "href": "https://imgflip.com/i/5im20q",
        "imgsrc": "https://i.imgflip.com/5im20q.jpg",
        "noisy": false,
        "tags": [
            "moe throws barney"
        ],
        "Meme Title": "cucumber wrench",
        "filename": "5im20q.jpg"
    },
    {
        "href": "https://imgflip.com/i/5ndb4t",
        "imgsrc": "https://i.imgflip.com/5ndb4t.jpg",
        "noisy": false,
        "tags": [
            "moe throws barney",
            "depression sadness hurt pain anxiety",
            "anxiety",
            "the simpsons",
            "memes",
            "truth"
        ],
        "Meme Title": "Anxiety",
        "filename": "5ndb4t.jpg"
    },
    {
        "href": "https://imgflip.com/i/6bjz6b",
        "imgsrc": "https://i.imgflip.com/6bjz6b.jpg",
        "noisy": false,
        "tags": [
            "moe throws barney"
        ],
        "Meme Title": "Moe throws Barney",
        "filename": "6bjz6b.jpg"
    },
    {
        "href": "https://imgflip.com/i/65gheb",
        "imgsrc": "https://i.imgflip.com/65gheb.jpg",
        "noisy": false,
        "tags": [
            "moe throws barney",
            "2021",
            "2022",
            "goodbye",
            "funny",
            "memes"
        ],
        "Meme Title": "I made this in 10 seconds",
        "filename": "65gheb.jpg"
    },
    {
        "href": "https://imgflip.com/i/6b1q1s",
        "imgsrc": "https://i.imgflip.com/6b1q1s.jpg",
        "noisy": false,
        "tags": [
            "moe throws barney",
            "mcu",
            "disney"
        ],
        "Meme Title": "loved this scene",
        "filename": "6b1q1s.jpg"
    },
    {
        "href": "https://imgflip.com/i/64z2rt",
        "imgsrc": "https://i.imgflip.com/64z2rt.jpg",
        "noisy": false,
        "tags": [
            "moe throws barney"
        ],
        "Meme Title": "There's always that ONE jackass who saves a few vials because \"only he can be trusted\"",
        "filename": "64z2rt.jpg"
    },
    {
        "href": "https://imgflip.com/i/64lm2b",
        "imgsrc": "https://i.imgflip.com/64lm2b.jpg",
        "noisy": false,
        "tags": [
            "moe throws barney",
            "vampires",
            "control"
        ],
        "Meme Title": "Blood ties",
        "filename": "64lm2b.jpg"
    },
    {
        "href": "https://imgflip.com/i/6328gq",
        "imgsrc": "https://i.imgflip.com/6328gq.jpg",
        "noisy": false,
        "tags": [
            "moe throws barney"
        ],
        "Meme Title": "Moe throws Barney",
        "filename": "6328gq.jpg"
    },
    {
        "href": "https://imgflip.com/i/692hue",
        "imgsrc": "https://i.imgflip.com/692hue.jpg",
        "noisy": false,
        "tags": [
            "moe throws barney"
        ],
        "Meme Title": "Moe throws Barney",
        "filename": "692hue.jpg"
    },
    {
        "href": "https://imgflip.com/i/5v1syn",
        "imgsrc": "https://i.imgflip.com/5v1syn.jpg",
        "noisy": false,
        "tags": [
            "moe throws barney"
        ],
        "Meme Title": "Plz stop weird stuff on it",
        "filename": "5v1syn.jpg"
    },
    {
        "href": "https://imgflip.com/i/60t5ld",
        "imgsrc": "https://i.imgflip.com/60t5ld.jpg",
        "noisy": false,
        "tags": [
            "moe throws barney"
        ],
        "Meme Title": "My brain every single day",
        "filename": "60t5ld.jpg"
    },
    {
        "href": "https://imgflip.com/i/67w5cm",
        "imgsrc": "https://i.imgflip.com/67w5cm.jpg",
        "noisy": false,
        "tags": [
            "moe throws barney"
        ],
        "Meme Title": "Moe throws Barney",
        "filename": "67w5cm.jpg"
    },
    {
        "href": "https://imgflip.com/i/6idwf6",
        "imgsrc": "https://i.imgflip.com/6idwf6.jpg",
        "noisy": false,
        "tags": [
            "moe throws barney"
        ],
        "Meme Title": "Remember",
        "filename": "6idwf6.jpg"
    },
    {
        "href": "https://imgflip.com/i/5h2dxc",
        "imgsrc": "https://i.imgflip.com/5h2dxc.jpg",
        "noisy": false,
        "tags": [
            "moe throws barney"
        ],
        "Meme Title": "Moe throws Barney",
        "filename": "5h2dxc.jpg"
    },
    {
        "href": "https://imgflip.com/i/5zpsrq",
        "imgsrc": "https://i.imgflip.com/5zpsrq.jpg",
        "noisy": false,
        "tags": [
            "moe throws barney"
        ],
        "Meme Title": "Happy New Year!",
        "filename": "5zpsrq.jpg"
    },
    {
        "href": "https://imgflip.com/i/5rr3z0",
        "imgsrc": "https://i.imgflip.com/5rr3z0.jpg",
        "noisy": false,
        "tags": [
            "hive",
            "curator",
            "meme",
            "cryptocurrency",
            "plagiarism",
            "post"
        ],
        "Meme Title": "the Plagiarism post",
        "filename": "5rr3z0.jpg"
    },
    {
        "href": "https://imgflip.com/i/5mn60x",
        "imgsrc": "https://i.imgflip.com/5mn60x.jpg",
        "noisy": false,
        "tags": [
            "moe throws barney"
        ],
        "Meme Title": "Moe throws Barney",
        "filename": "5mn60x.jpg"
    },
    {
        "href": "https://imgflip.com/i/5gqua4",
        "imgsrc": "https://i.imgflip.com/5gqua4.jpg",
        "noisy": false,
        "tags": [
            "moe throws barney"
        ],
        "Meme Title": "Dormammu i've come to bargain",
        "filename": "5gqua4.jpg"
    },
    {
        "href": "https://imgflip.com/i/68q8ek",
        "imgsrc": "https://i.imgflip.com/68q8ek.jpg",
        "noisy": false,
        "tags": [
            "moe throws barney"
        ],
        "Meme Title": "Moe throws Barney",
        "filename": "68q8ek.jpg"
    },
    {
        "href": "https://imgflip.com/i/5cr5ie",
        "imgsrc": "https://i.imgflip.com/5cr5ie.jpg",
        "noisy": false,
        "tags": [
            "moe throws barney"
        ],
        "Meme Title": "Moe throws Barney",
        "filename": "5cr5ie.jpg"
    },
    {
        "href": "https://imgflip.com/i/6g1mcd",
        "imgsrc": "https://i.imgflip.com/6g1mcd.jpg",
        "noisy": false,
        "tags": [
            "moe throws barney"
        ],
        "Meme Title": "Moe throws Barney",
        "filename": "6g1mcd.jpg"
    },
    {
        "href": "https://imgflip.com/i/678y2g",
        "imgsrc": "https://i.imgflip.com/678y2g.jpg",
        "noisy": false,
        "tags": [
            "moe throws barney"
        ],
        "Meme Title": "made by random games",
        "filename": "678y2g.jpg"
    },
    {
        "href": "https://imgflip.com/i/50z83q",
        "imgsrc": "https://i.imgflip.com/50z83q.jpg",
        "noisy": false,
        "tags": [
            "moe throws barney",
            "among us"
        ],
        "Meme Title": "the real Imposter",
        "filename": "50z83q.jpg"
    },
    {
        "href": "https://imgflip.com/i/5c7htc",
        "imgsrc": "https://i.imgflip.com/5c7htc.jpg",
        "noisy": false,
        "tags": [
            "moe throws barney"
        ],
        "Meme Title": "after completing the easy mode, the game told you to try hard mode",
        "filename": "5c7htc.jpg"
    },
    {
        "href": "https://imgflip.com/i/5myyrc",
        "imgsrc": "https://i.imgflip.com/5myyrc.jpg",
        "noisy": false,
        "tags": [
            "moe throws barney"
        ],
        "Meme Title": "k",
        "filename": "5myyrc.jpg"
    },
    {
        "href": "https://imgflip.com/i/66d9k9",
        "imgsrc": "https://i.imgflip.com/66d9k9.jpg",
        "noisy": false,
        "tags": [
            "moe throws barney"
        ],
        "Meme Title": "Moe throws Barney",
        "filename": "66d9k9.jpg"
    },
    {
        "href": "https://imgflip.com/i/660qx4",
        "imgsrc": "https://i.imgflip.com/660qx4.jpg",
        "noisy": false,
        "tags": [
            "moe throws barney",
            "russian lives matter",
            "american lives matter"
        ],
        "Meme Title": "Moe throws Barney",
        "filename": "660qx4.jpg"
    },
    {
        "href": "https://imgflip.com/i/65z6y9",
        "imgsrc": "https://i.imgflip.com/65z6y9.jpg",
        "noisy": false,
        "tags": [
            "moe throws barney"
        ],
        "Meme Title": "Moe throws Barney",
        "filename": "65z6y9.jpg"
    },
    {
        "href": "https://imgflip.com/i/5vw3be",
        "imgsrc": "https://i.imgflip.com/5vw3be.jpg",
        "noisy": false,
        "tags": [
            "moe throws barney"
        ],
        "Meme Title": "pc is weirdly annoying",
        "filename": "5vw3be.jpg"
    },
    {
        "href": "https://imgflip.com/i/6i48cp",
        "imgsrc": "https://i.imgflip.com/6i48cp.jpg",
        "noisy": false,
        "tags": [
            "moe throws barney"
        ],
        "Meme Title": "since 2020 we have no break",
        "filename": "6i48cp.jpg"
    },
    {
        "href": "https://imgflip.com/i/6a14if",
        "imgsrc": "https://i.imgflip.com/6a14if.jpg",
        "noisy": false,
        "tags": [
            "moe throws barney"
        ],
        "Meme Title": "Moe throws Barney",
        "filename": "6a14if.jpg"
    },
    {
        "href": "https://imgflip.com/i/656b1j",
        "imgsrc": "https://i.imgflip.com/656b1j.jpg",
        "noisy": false,
        "tags": [
            "moe throws barney",
            "lol so funny",
            "funny memes",
            "so true memes"
        ],
        "Meme Title": "am i worng",
        "filename": "656b1j.jpg"
    },
    {
        "href": "https://imgflip.com/i/5n9voa",
        "imgsrc": "https://i.imgflip.com/5n9voa.jpg",
        "noisy": false,
        "tags": [
            "yeet"
        ],
        "Meme Title": "My depression lives on",
        "filename": "5n9voa.jpg"
    },
    {
        "href": "https://imgflip.com/i/5fh8s6",
        "imgsrc": "https://i.imgflip.com/5fh8s6.jpg",
        "noisy": false,
        "tags": [
            "moe throws barney"
        ],
        "Meme Title": "Yup",
        "filename": "5fh8s6.jpg"
    },
    {
        "href": "https://imgflip.com/i/6hhvif",
        "imgsrc": "https://i.imgflip.com/6hhvif.jpg",
        "noisy": false,
        "tags": [
            "moe throws barney"
        ],
        "Meme Title": "Moe throws Barney",
        "filename": "6hhvif.jpg"
    },
    {
        "href": "https://imgflip.com/i/46258i",
        "imgsrc": "https://i.imgflip.com/46258i.jpg",
        "noisy": false,
        "tags": [
            "moe throws barney"
        ],
        "Meme Title": "Moe throws Barney",
        "filename": "46258i.jpg"
    },
    {
        "href": "https://imgflip.com/i/5zmnz8",
        "imgsrc": "https://i.imgflip.com/5zmnz8.jpg",
        "noisy": false,
        "tags": [
            "moe throws barney"
        ],
        "Meme Title": "I hate COVID-19(Mow throwing Barney version)",
        "filename": "5zmnz8.jpg"
    },
    {
        "href": "https://imgflip.com/i/6gkdt9",
        "imgsrc": "https://i.imgflip.com/6gkdt9.jpg",
        "noisy": false,
        "tags": [
            "moe throws barney"
        ],
        "Meme Title": "Moe throws Barney",
        "filename": "6gkdt9.jpg"
    },
    {
        "href": "https://imgflip.com/i/622flk",
        "imgsrc": "https://i.imgflip.com/622flk.jpg",
        "noisy": false,
        "tags": [
            "moe throws barney",
            "memes",
            "the simpsons"
        ],
        "Meme Title": "Moe throws Barney",
        "filename": "622flk.jpg"
    },
    {
        "href": "https://imgflip.com/i/5ry6oa",
        "imgsrc": "https://i.imgflip.com/5ry6oa.jpg",
        "noisy": false,
        "tags": [
            "moe throws barney"
        ],
        "Meme Title": "Minecraft seeds",
        "filename": "5ry6oa.jpg"
    },
    {
        "href": "https://imgflip.com/i/62ww2h",
        "imgsrc": "https://i.imgflip.com/62ww2h.jpg",
        "noisy": false,
        "tags": [
            "moe throws barney"
        ],
        "Meme Title": "Image title",
        "filename": "62ww2h.jpg"
    },
    {
        "href": "https://imgflip.com/i/5t3tdx",
        "imgsrc": "https://i.imgflip.com/5t3tdx.jpg",
        "noisy": false,
        "tags": [
            "moe throws barney"
        ],
        "Meme Title": "Weebs always come back",
        "filename": "5t3tdx.jpg"
    },
    {
        "href": "https://imgflip.com/i/62peq8",
        "imgsrc": "https://i.imgflip.com/62peq8.jpg",
        "noisy": false,
        "tags": [
            "moe throws barney",
            "relatable",
            "memes",
            "fun"
        ],
        "Meme Title": "im introverted to the MAX",
        "filename": "62peq8.jpg"
    },
    {
        "href": "https://imgflip.com/i/6dwefb",
        "imgsrc": "https://i.imgflip.com/6dwefb.jpg",
        "noisy": false,
        "tags": [
            "moe throws barney",
            "bullying",
            "random",
            "memes"
        ],
        "Meme Title": "Moe throws Barney",
        "filename": "6dwefb.jpg"
    },
    {
        "href": "https://imgflip.com/i/5zmlzq",
        "imgsrc": "https://i.imgflip.com/5zmlzq.jpg",
        "noisy": false,
        "tags": [
            "moe throws barney"
        ],
        "Meme Title": "Blockbuster DAO",
        "filename": "5zmlzq.jpg"
    },
    {
        "href": "https://imgflip.com/i/5o0ed9",
        "imgsrc": "https://i.imgflip.com/5o0ed9.jpg",
        "noisy": false,
        "tags": [
            "moe throws barney",
            "peewee herman",
            "comeback",
            "scandal",
            "the nineties",
            "the simpsons"
        ],
        "Meme Title": "Pee-Wee is Back",
        "filename": "5o0ed9.jpg"
    },
    {
        "href": "https://imgflip.com/i/5pdhj0",
        "imgsrc": "https://i.imgflip.com/5pdhj0.jpg",
        "noisy": false,
        "tags": [
            "moe throws barney"
        ],
        "Meme Title": "The literal spawn of Satan.",
        "filename": "5pdhj0.jpg"
    },
    {
        "href": "https://imgflip.com/i/5pa48q",
        "imgsrc": "https://i.imgflip.com/5pa48q.jpg",
        "noisy": false,
        "tags": [
            "moe throws barney"
        ],
        "Meme Title": "Moe throws Barney",
        "filename": "5pa48q.jpg"
    },
    {
        "href": "https://imgflip.com/i/59emgj",
        "imgsrc": "https://i.imgflip.com/59emgj.jpg",
        "noisy": false,
        "tags": [
            "moe throws barney"
        ],
        "Meme Title": "Moe throws Barney",
        "filename": "59emgj.jpg"
    },
    {
        "href": "https://imgflip.com/i/5kq2cu",
        "imgsrc": "https://i.imgflip.com/5kq2cu.jpg",
        "noisy": false,
        "tags": [
            "moe throws barney",
            "historical meme",
            "memes",
            "rasputin"
        ],
        "Meme Title": "Another history meme",
        "filename": "5kq2cu.jpg"
    },
    {
        "href": "https://imgflip.com/i/69lzer",
        "imgsrc": "https://i.imgflip.com/69lzer.jpg",
        "noisy": false,
        "tags": [
            "moe throws barney"
        ],
        "Meme Title": "Ad to Virus",
        "filename": "69lzer.jpg"
    },
    {
        "href": "https://imgflip.com/i/55i7t8",
        "imgsrc": "https://i.imgflip.com/55i7t8.jpg",
        "noisy": false,
        "tags": [
            "moe throws barney"
        ],
        "Meme Title": "me be like in minecraft",
        "filename": "55i7t8.jpg"
    },
    {
        "href": "https://imgflip.com/i/5mwdsw",
        "imgsrc": "https://i.imgflip.com/5mwdsw.jpg",
        "noisy": false,
        "tags": [
            "moe throws barney"
        ],
        "Meme Title": "Tests Be Like",
        "filename": "5mwdsw.jpg"
    },
    {
        "href": "https://imgflip.com/i/6grqih",
        "imgsrc": "https://i.imgflip.com/6grqih.jpg",
        "noisy": false,
        "tags": [
            "moe throws barney",
            "moon knight",
            "mcu",
            "funny memes",
            "funny",
            "marvel comics"
        ],
        "Meme Title": "Three times the charm!",
        "filename": "6grqih.jpg"
    },
    {
        "href": "https://imgflip.com/i/6b6a4j",
        "imgsrc": "https://i.imgflip.com/6b6a4j.jpg",
        "noisy": false,
        "tags": [
            "moe throws barney"
        ],
        "Meme Title": "Moe throws Barney",
        "filename": "6b6a4j.jpg"
    },
    {
        "href": "https://imgflip.com/i/5v84ph",
        "imgsrc": "https://i.imgflip.com/5v84ph.jpg",
        "noisy": false,
        "tags": [
            "moe throws barney",
            "depression"
        ],
        "Meme Title": "Depression coming back to me like",
        "filename": "5v84ph.jpg"
    },
    {
        "href": "https://imgflip.com/i/5ugdjw",
        "imgsrc": "https://i.imgflip.com/5ugdjw.jpg",
        "noisy": false,
        "tags": [
            "moe throws barney"
        ],
        "Meme Title": "i got 4 non submitted memes",
        "filename": "5ugdjw.jpg"
    },
    {
        "href": "https://imgflip.com/i/5u41vt",
        "imgsrc": "https://i.imgflip.com/5u41vt.jpg",
        "noisy": false,
        "tags": [
            "moe throws barney"
        ],
        "Meme Title": "2 doller shops the most",
        "filename": "5u41vt.jpg"
    },
    {
        "href": "https://imgflip.com/i/5rztej",
        "imgsrc": "https://i.imgflip.com/5rztej.jpg",
        "noisy": false,
        "tags": [
            "moe throws barney"
        ],
        "Meme Title": "not you again",
        "filename": "5rztej.jpg"
    },
    {
        "href": "https://imgflip.com/i/69d38q",
        "imgsrc": "https://i.imgflip.com/69d38q.jpg",
        "noisy": false,
        "tags": [
            "moe throws barney",
            "eriksen",
            "coronavirus",
            "covid-19",
            "futbol",
            "memes"
        ],
        "Meme Title": "Eriksen is not having a good day.",
        "filename": "69d38q.jpg"
    },
    {
        "href": "https://imgflip.com/i/5gciwu",
        "imgsrc": "https://i.imgflip.com/5gciwu.jpg",
        "noisy": false,
        "tags": [
            "moe throws barney"
        ],
        "Meme Title": "Naruto deja a Sasuke en paz!",
        "filename": "5gciwu.jpg"
    },
    {
        "href": "https://imgflip.com/i/63qa5p",
        "imgsrc": "https://i.imgflip.com/63qa5p.jpg",
        "noisy": false,
        "tags": [
            "moe throws barney"
        ],
        "Meme Title": "Moe throws Barney",
        "filename": "63qa5p.jpg"
    },
    {
        "href": "https://imgflip.com/i/68179i",
        "imgsrc": "https://i.imgflip.com/68179i.jpg",
        "noisy": false,
        "tags": [
            "moe throws barney"
        ],
        "Meme Title": "Bar",
        "filename": "68179i.jpg"
    },
    {
        "href": "https://imgflip.com/i/5f5a59",
        "imgsrc": "https://i.imgflip.com/5f5a59.jpg",
        "noisy": false,
        "tags": [
            "moe throws barney"
        ],
        "Meme Title": "Moe throws Barney",
        "filename": "5f5a59.jpg"
    },
    {
        "href": "https://imgflip.com/i/67j9lb",
        "imgsrc": "https://i.imgflip.com/67j9lb.jpg",
        "noisy": false,
        "tags": [
            "moe throws barney"
        ],
        "Meme Title": "Moe throws Barney",
        "filename": "67j9lb.jpg"
    },
    {
        "href": "https://imgflip.com/i/5nt9ys",
        "imgsrc": "https://i.imgflip.com/5nt9ys.jpg",
        "noisy": false,
        "tags": [
            "moe throws barney",
            "justin trudeau"
        ],
        "Meme Title": "Sneaky guy",
        "filename": "5nt9ys.jpg"
    },
    {
        "href": "https://imgflip.com/i/6745h3",
        "imgsrc": "https://i.imgflip.com/6745h3.jpg",
        "noisy": false,
        "tags": [
            "moe throws barney",
            "dark",
            "dark webseries",
            "dark season",
            "character return"
        ],
        "Meme Title": "Dark Web series character return",
        "filename": "6745h3.jpg"
    },
    {
        "href": "https://imgflip.com/i/5oh5zf",
        "imgsrc": "https://i.imgflip.com/5oh5zf.jpg",
        "noisy": false,
        "tags": [
            "moe throws barney",
            "roblox",
            "simpsons"
        ],
        "Meme Title": "I got robux yesterday",
        "filename": "5oh5zf.jpg"
    },
    {
        "href": "https://imgflip.com/i/4zbecw",
        "imgsrc": "https://i.imgflip.com/4zbecw.jpg",
        "noisy": false,
        "tags": [
            "moe throws barney",
            "memes",
            "funny",
            "lmao",
            "lol",
            "school"
        ],
        "Meme Title": "So relatable",
        "filename": "4zbecw.jpg"
    },
    {
        "href": "https://imgflip.com/i/4wxisl",
        "imgsrc": "https://i.imgflip.com/4wxisl.jpg",
        "noisy": false,
        "tags": [
            "moe throws barney"
        ],
        "Meme Title": "I hate when this happens",
        "filename": "4wxisl.jpg"
    },
    {
        "href": "https://imgflip.com/i/597y11",
        "imgsrc": "https://i.imgflip.com/597y11.jpg",
        "noisy": false,
        "tags": [
            "moe throws barney"
        ],
        "Meme Title": "Moonlord",
        "filename": "597y11.jpg"
    },
    {
        "href": "https://imgflip.com/i/657noq",
        "imgsrc": "https://i.imgflip.com/657noq.jpg",
        "noisy": false,
        "tags": [
            "moe throws barney",
            "ukrainian lives matter",
            "russian lives matter"
        ],
        "Meme Title": "Moe throws Barney",
        "filename": "657noq.jpg"
    },
    {
        "href": "https://imgflip.com/i/64ljwn",
        "imgsrc": "https://i.imgflip.com/64ljwn.jpg",
        "noisy": false,
        "tags": [
            "moe throws barney"
        ],
        "Meme Title": "Moe throws Barney",
        "filename": "64ljwn.jpg"
    },
    {
        "href": "https://imgflip.com/i/5n23jx",
        "imgsrc": "https://i.imgflip.com/5n23jx.jpg",
        "noisy": false,
        "tags": [
            "moe throws barney",
            "school",
            "chores",
            "moms"
        ],
        "Meme Title": "how my life going rn",
        "filename": "5n23jx.jpg"
    },
    {
        "href": "https://imgflip.com/i/5msdr8",
        "imgsrc": "https://i.imgflip.com/5msdr8.jpg",
        "noisy": false,
        "tags": [
            "moe throws barney"
        ],
        "Meme Title": "Moe throws Barney",
        "filename": "5msdr8.jpg"
    },
    {
        "href": "https://imgflip.com/i/4si6w0",
        "imgsrc": "https://i.imgflip.com/4si6w0.jpg",
        "noisy": false,
        "tags": [
            "moe throws barney"
        ],
        "Meme Title": "Red Giants",
        "filename": "4si6w0.jpg"
    },
    {
        "href": "https://imgflip.com/i/5mnizc",
        "imgsrc": "https://i.imgflip.com/5mnizc.jpg",
        "noisy": false,
        "tags": [
            "moe throws barney"
        ],
        "Meme Title": "Daddy long-legs",
        "filename": "5mnizc.jpg"
    },
    {
        "href": "https://imgflip.com/i/63yxai",
        "imgsrc": "https://i.imgflip.com/63yxai.jpg",
        "noisy": false,
        "tags": [
            "moe throws barney"
        ],
        "Meme Title": "so true (unfortunately)",
        "filename": "63yxai.jpg"
    },
    {
        "href": "https://imgflip.com/i/565smb",
        "imgsrc": "https://i.imgflip.com/565smb.jpg",
        "noisy": false,
        "tags": [
            "moe throws barney",
            "history",
            "historical meme"
        ],
        "Meme Title": "How to replace a problem with another",
        "filename": "565smb.jpg"
    },
    {
        "href": "https://imgflip.com/i/38tav8",
        "imgsrc": "https://i.imgflip.com/38tav8.jpg",
        "noisy": false,
        "tags": [
            "moe throws barney"
        ],
        "Meme Title": "Moe throws Barney",
        "filename": "38tav8.jpg"
    },
    {
        "href": "https://imgflip.com/i/4plpcp",
        "imgsrc": "https://i.imgflip.com/4plpcp.jpg",
        "noisy": false,
        "tags": [
            "moe throws barney"
        ],
        "Meme Title": "Moe throws Barney",
        "filename": "4plpcp.jpg"
    },
    {
        "href": "https://imgflip.com/i/3n35oh",
        "imgsrc": "https://i.imgflip.com/3n35oh.jpg",
        "noisy": false,
        "tags": [
            "moe throws barney"
        ],
        "Meme Title": "Moe throws Barney",
        "filename": "3n35oh.jpg"
    },
    {
        "href": "https://imgflip.com/i/4zztv8",
        "imgsrc": "https://i.imgflip.com/4zztv8.jpg",
        "noisy": false,
        "tags": [
            "moe throws barney"
        ],
        "Meme Title": "Moe throws Barney",
        "filename": "4zztv8.jpg"
    },
    {
        "href": "https://imgflip.com/i/5eq1n4",
        "imgsrc": "https://i.imgflip.com/5eq1n4.jpg",
        "noisy": false,
        "tags": [
            "moe throws barney"
        ],
        "Meme Title": "Moe throws Barney",
        "filename": "5eq1n4.jpg"
    },
    {
        "href": "https://imgflip.com/i/5xq14t",
        "imgsrc": "https://i.imgflip.com/5xq14t.jpg",
        "noisy": false,
        "tags": [
            "moe throws barney"
        ],
        "Meme Title": "Moe throws Barney",
        "filename": "5xq14t.jpg"
    },
    {
        "href": "https://imgflip.com/i/4y08z8",
        "imgsrc": "https://i.imgflip.com/4y08z8.jpg",
        "noisy": false,
        "tags": [
            "moe throws barney"
        ],
        "Meme Title": "assignment",
        "filename": "4y08z8.jpg"
    },
    {
        "href": "https://imgflip.com/i/56e3tu",
        "imgsrc": "https://i.imgflip.com/56e3tu.jpg",
        "noisy": false,
        "tags": [
            "moe throws barney"
        ],
        "Meme Title": "Moe throws Barney",
        "filename": "56e3tu.jpg"
    },
    {
        "href": "https://imgflip.com/i/4lrwnz",
        "imgsrc": "https://i.imgflip.com/4lrwnz.jpg",
        "noisy": false,
        "tags": [
            "moe throws barney"
        ],
        "Meme Title": "Moe throws Barney",
        "filename": "4lrwnz.jpg"
    },
    {
        "href": "https://imgflip.com/i/4yypap",
        "imgsrc": "https://i.imgflip.com/4yypap.jpg",
        "noisy": false,
        "tags": [
            "moe throws barney"
        ],
        "Meme Title": "barney yeeted NOT!",
        "filename": "4yypap.jpg"
    },
    {
        "href": "https://imgflip.com/i/4yfd5w",
        "imgsrc": "https://i.imgflip.com/4yfd5w.jpg",
        "noisy": false,
        "tags": [
            "moe throws barney"
        ],
        "Meme Title": "friday night funkin'",
        "filename": "4yfd5w.jpg"
    },
    {
        "href": "https://imgflip.com/i/5p1lqo",
        "imgsrc": "https://i.imgflip.com/5p1lqo.jpg",
        "noisy": false,
        "tags": [
            "moe throws barney",
            "historical meme"
        ],
        "Meme Title": "History Much??",
        "filename": "5p1lqo.jpg"
    },
    {
        "href": "https://imgflip.com/i/5cmxud",
        "imgsrc": "https://i.imgflip.com/5cmxud.jpg",
        "noisy": false,
        "tags": [
            "moe throws barney",
            "youtube",
            "youtube ban"
        ],
        "Meme Title": "*gets banned* *immediately comes back*",
        "filename": "5cmxud.jpg"
    },
    {
        "href": "https://imgflip.com/i/57qlvm",
        "imgsrc": "https://i.imgflip.com/57qlvm.jpg",
        "noisy": false,
        "tags": [
            "moe throws barney"
        ],
        "Meme Title": "Moe throws Barney",
        "filename": "57qlvm.jpg"
    },
    {
        "href": "https://imgflip.com/i/5un1t4",
        "imgsrc": "https://i.imgflip.com/5un1t4.jpg",
        "noisy": false,
        "tags": [
            "moe throws barney"
        ],
        "Meme Title": "Moe throws Barney",
        "filename": "5un1t4.jpg"
    },
    {
        "href": "https://imgflip.com/i/5r4zyz",
        "imgsrc": "https://i.imgflip.com/5r4zyz.jpg",
        "noisy": false,
        "tags": [
            "moe throws barney"
        ],
        "Meme Title": "1945 in WW2",
        "filename": "5r4zyz.jpg"
    },
    {
        "href": "https://imgflip.com/i/5qvda7",
        "imgsrc": "https://i.imgflip.com/5qvda7.jpg",
        "noisy": false,
        "tags": [
            "moe throws barney"
        ],
        "Meme Title": "Moe throws Barney",
        "filename": "5qvda7.jpg"
    },
    {
        "href": "https://imgflip.com/i/5s3txf",
        "imgsrc": "https://i.imgflip.com/5s3txf.jpg",
        "noisy": false,
        "tags": [
            "moe throws barney"
        ],
        "Meme Title": "Moe throws Barney",
        "filename": "5s3txf.jpg"
    },
    {
        "href": "https://imgflip.com/i/5pl1pf",
        "imgsrc": "https://i.imgflip.com/5pl1pf.jpg",
        "noisy": false,
        "tags": [
            "moe throws barney"
        ],
        "Meme Title": "Moe throws Barney",
        "filename": "5pl1pf.jpg"
    },
    {
        "href": "https://imgflip.com/i/4ltvel",
        "imgsrc": "https://i.imgflip.com/4ltvel.jpg",
        "noisy": false,
        "tags": [
            "moe throws barney"
        ],
        "Meme Title": "Moe throws Barney",
        "filename": "4ltvel.jpg"
    },
    {
        "href": "https://imgflip.com/i/5rrmr9",
        "imgsrc": "https://i.imgflip.com/5rrmr9.jpg",
        "noisy": false,
        "tags": [
            "moe throws barney"
        ],
        "Meme Title": "Moe throws Barney",
        "filename": "5rrmr9.jpg"
    },
    {
        "href": "https://imgflip.com/i/38cobw",
        "imgsrc": "https://i.imgflip.com/38cobw.jpg",
        "noisy": false,
        "tags": [
            "moe throws barney",
            "transformers",
            "transformers megatron and starscream",
            "starscream",
            "megatron",
            "g1 transformers"
        ],
        "Meme Title": "How it pains me to do this!",
        "filename": "38cobw.jpg"
    },
    {
        "href": "https://imgflip.com/i/6ro9nf",
        "imgsrc": "https://i.imgflip.com/6ro9nf.jpg",
        "noisy": false,
        "tags": [
            "moe throws barney",
            "mexican"
        ],
        "Meme Title": "Mexican grandmas be killing them roaches",
        "filename": "6ro9nf.jpg"
    },
    {
        "href": "https://imgflip.com/i/4z2hab",
        "imgsrc": "https://i.imgflip.com/4z2hab.jpg",
        "noisy": false,
        "tags": [
            "moe throws barney"
        ],
        "Meme Title": "homework never ends",
        "filename": "4z2hab.jpg"
    },
    {
        "href": "https://imgflip.com/i/510bo4",
        "imgsrc": "https://i.imgflip.com/510bo4.jpg",
        "noisy": false,
        "tags": [
            "moe throws barney"
        ],
        "Meme Title": "it will never leave",
        "filename": "510bo4.jpg"
    },
    {
        "href": "https://imgflip.com/i/5i7exl",
        "imgsrc": "https://i.imgflip.com/5i7exl.jpg",
        "noisy": false,
        "tags": [
            "moe throws barney"
        ],
        "Meme Title": "I hate Miss Kobayashi's dragon maid",
        "filename": "5i7exl.jpg"
    },
    {
        "href": "https://imgflip.com/i/4ubkq6",
        "imgsrc": "https://i.imgflip.com/4ubkq6.jpg",
        "noisy": false,
        "tags": [
            "moe throws barney"
        ],
        "Meme Title": "Moe throws Barney",
        "filename": "4ubkq6.jpg"
    },
    {
        "href": "https://imgflip.com/i/5ot5ac",
        "imgsrc": "https://i.imgflip.com/5ot5ac.jpg",
        "noisy": false,
        "tags": [
            "moe throws barney"
        ],
        "Meme Title": "Moe throws Barney",
        "filename": "5ot5ac.jpg"
    },
    {
        "href": "https://imgflip.com/i/432zyg",
        "imgsrc": "https://i.imgflip.com/432zyg.jpg",
        "noisy": false,
        "tags": [
            "moe throws barney"
        ],
        "Meme Title": "Moe throws Barney",
        "filename": "432zyg.jpg"
    },
    {
        "href": "https://imgflip.com/i/5ffh5v",
        "imgsrc": "https://i.imgflip.com/5ffh5v.jpg",
        "noisy": false,
        "tags": [
            "moe throws barney"
        ],
        "Meme Title": "Moe throws Barney",
        "filename": "5ffh5v.jpg"
    },
    {
        "href": "https://imgflip.com/i/5nsoag",
        "imgsrc": "https://i.imgflip.com/5nsoag.jpg",
        "noisy": false,
        "tags": [
            "moe throws barney"
        ],
        "Meme Title": "Day three having no idea to put in the title",
        "filename": "5nsoag.jpg"
    },
    {
        "href": "https://imgflip.com/i/5nj46h",
        "imgsrc": "https://i.imgflip.com/5nj46h.jpg",
        "noisy": false,
        "tags": [
            "moe throws barney"
        ],
        "Meme Title": "Moe throws Barney",
        "filename": "5nj46h.jpg"
    },
    {
        "href": "https://imgflip.com/i/5naota",
        "imgsrc": "https://i.imgflip.com/5naota.jpg",
        "noisy": false,
        "tags": [
            "moe throws barney"
        ],
        "Meme Title": "Furries and Weebs use the same OwO's and UwU's",
        "filename": "5naota.jpg"
    },
    {
        "href": "https://imgflip.com/i/5n00a5",
        "imgsrc": "https://i.imgflip.com/5n00a5.jpg",
        "noisy": false,
        "tags": [
            "moe throws barney"
        ],
        "Meme Title": "Moe throws Barney",
        "filename": "5n00a5.jpg"
    },
    {
        "href": "https://imgflip.com/i/4cnalb",
        "imgsrc": "https://i.imgflip.com/4cnalb.jpg",
        "noisy": false,
        "tags": [
            "moe throws barney"
        ],
        "Meme Title": "It always comes back",
        "filename": "4cnalb.jpg"
    },
    {
        "href": "https://imgflip.com/i/5l847f",
        "imgsrc": "https://i.imgflip.com/5l847f.jpg",
        "noisy": false,
        "tags": [
            "moe throws barney",
            "world events",
            "planetary madness",
            "persistent weather trolling"
        ],
        "Meme Title": "I think we need an extra planet to help shove off all these disasters onto.",
        "filename": "5l847f.jpg"
    },
    {
        "href": "https://imgflip.com/i/3qzz2x",
        "imgsrc": "https://i.imgflip.com/3qzz2x.jpg",
        "noisy": false,
        "tags": [
            "moe throws barney"
        ],
        "Meme Title": "Moe throws Barney",
        "filename": "3qzz2x.jpg"
    },
    {
        "href": "https://imgflip.com/i/6dxwkj",
        "imgsrc": "https://i.imgflip.com/6dxwkj.jpg",
        "noisy": false,
        "tags": [
            "moe throws barney"
        ],
        "Meme Title": "idk",
        "filename": "6dxwkj.jpg"
    },
    {
        "href": "https://imgflip.com/i/5fha4o",
        "imgsrc": "https://i.imgflip.com/5fha4o.jpg",
        "noisy": false,
        "tags": [
            "moe throws barney"
        ],
        "Meme Title": "It's different this time",
        "filename": "5fha4o.jpg"
    },
    {
        "href": "https://imgflip.com/i/5g6lid",
        "imgsrc": "https://i.imgflip.com/5g6lid.jpg",
        "noisy": false,
        "tags": [
            "moe throws barney",
            "visual novel"
        ],
        "Meme Title": "Playing in romance Apps sometimes",
        "filename": "5g6lid.jpg"
    },
    {
        "href": "https://imgflip.com/i/40msu3",
        "imgsrc": "https://i.imgflip.com/40msu3.jpg",
        "noisy": false,
        "tags": [
            "moe throws barney",
            "coronavirus",
            "dhaka",
            "bangladesh",
            "lockdown"
        ],
        "Meme Title": "Moe throws Barney",
        "filename": "40msu3.jpg"
    },
    {
        "href": "https://imgflip.com/i/59sfis",
        "imgsrc": "https://i.imgflip.com/59sfis.jpg",
        "noisy": false,
        "tags": [
            "moe throws barney"
        ],
        "Meme Title": "Moe throws Barney",
        "filename": "59sfis.jpg"
    },
    {
        "href": "https://imgflip.com/i/4dp20x",
        "imgsrc": "https://i.imgflip.com/4dp20x.jpg",
        "noisy": false,
        "tags": [
            "moe throws barney"
        ],
        "Meme Title": "Ah shit here we go again",
        "filename": "4dp20x.jpg"
    },
    {
        "href": "https://imgflip.com/i/59e1h7",
        "imgsrc": "https://i.imgflip.com/59e1h7.jpg",
        "noisy": false,
        "tags": [
            "moe throws barney"
        ],
        "Meme Title": "Moe throws Barney",
        "filename": "59e1h7.jpg"
    },
    {
        "href": "https://imgflip.com/i/585yzh",
        "imgsrc": "https://i.imgflip.com/585yzh.jpg",
        "noisy": false,
        "tags": [
            "moe throws barney"
        ],
        "Meme Title": "Moe throws Barney",
        "filename": "585yzh.jpg"
    },
    {
        "href": "https://imgflip.com/i/50ma29",
        "imgsrc": "https://i.imgflip.com/50ma29.jpg",
        "noisy": false,
        "tags": [
            "moe throws barney",
            "wandavision",
            "wanda"
        ],
        "Meme Title": "Just started watching WandaVision AND OH BOY MY PANSEXUAL INSTINCTS ARE HERE AGAIN AND IM TRYING NOT TO SOUND AWKWARD",
        "filename": "50ma29.jpg"
    },
    {
        "href": "https://imgflip.com/i/51tya4",
        "imgsrc": "https://i.imgflip.com/51tya4.jpg",
        "noisy": false,
        "tags": [
            "moe throws barney",
            "windows",
            "true",
            "gifs",
            "memes",
            "funny"
        ],
        "Meme Title": "Relatable",
        "filename": "51tya4.jpg"
    },
    {
        "href": "https://imgflip.com/i/4rys6f",
        "imgsrc": "https://i.imgflip.com/4rys6f.jpg",
        "noisy": false,
        "tags": [
            "moe throws barney"
        ],
        "Meme Title": "life in a nutshel",
        "filename": "4rys6f.jpg"
    },
    {
        "href": "https://imgflip.com/i/49swzr",
        "imgsrc": "https://i.imgflip.com/49swzr.jpg",
        "noisy": false,
        "tags": [
            "moe throws barney"
        ],
        "Meme Title": "just a thought defenitly not happend",
        "filename": "49swzr.jpg"
    },
    {
        "href": "https://imgflip.com/i/3sdzh1",
        "imgsrc": "https://i.imgflip.com/3sdzh1.jpg",
        "noisy": false,
        "tags": [
            "moe throws barney"
        ],
        "Meme Title": "Moe throws Barney",
        "filename": "3sdzh1.jpg"
    },
    {
        "href": "https://imgflip.com/i/3vqb3q",
        "imgsrc": "https://i.imgflip.com/3vqb3q.jpg",
        "noisy": false,
        "tags": [
            "moe throws barney",
            "memes",
            "funny",
            "covid-19",
            "coronavirus",
            "dank memes"
        ],
        "Meme Title": "hippity hoppity your happiness is my property",
        "filename": "3vqb3q.jpg"
    },
    {
        "href": "https://imgflip.com/i/6y98da",
        "imgsrc": "https://i.imgflip.com/6y98da.jpg",
        "noisy": false,
        "tags": [
            "ableism",
            "autism",
            "adhd",
            "internalised ableism",
            "masking",
            "impostor syndrome"
        ],
        "Meme Title": "Unmasking is only the start",
        "filename": "6y98da.jpg"
    },
    {
        "href": "https://imgflip.com/i/3s90ob",
        "imgsrc": "https://i.imgflip.com/3s90ob.jpg",
        "noisy": false,
        "tags": [
            "moe throws barney"
        ],
        "Meme Title": "Moe throws Barney",
        "filename": "3s90ob.jpg"
    },
    {
        "href": "https://imgflip.com/i/35xbys",
        "imgsrc": "https://i.imgflip.com/35xbys.jpg",
        "noisy": false,
        "tags": [
            "moe throws barney"
        ],
        "Meme Title": "Moe throws Barney",
        "filename": "35xbys.jpg"
    },
    {
        "href": "https://imgflip.com/i/5jceck",
        "imgsrc": "https://i.imgflip.com/5jceck.jpg",
        "noisy": false,
        "tags": [
            "moe throws barney"
        ],
        "Meme Title": "We r gonna a server Soon",
        "filename": "5jceck.jpg"
    },
    {
        "href": "https://imgflip.com/i/3x2oic",
        "imgsrc": "https://i.imgflip.com/3x2oic.jpg",
        "noisy": false,
        "tags": [
            "moe throws barney",
            "vs battles wiki"
        ],
        "Meme Title": "Moe throws Barney",
        "filename": "3x2oic.jpg"
    },
    {
        "href": "https://imgflip.com/i/5oqgjt",
        "imgsrc": "https://i.imgflip.com/5oqgjt.jpg",
        "noisy": false,
        "tags": [
            "moe throws barney"
        ],
        "Meme Title": "Those dang Europeans, what do they want now!!!",
        "filename": "5oqgjt.jpg"
    },
    {
        "href": "https://imgflip.com/i/5j93wf",
        "imgsrc": "https://i.imgflip.com/5j93wf.jpg",
        "noisy": false,
        "tags": [
            "moe throws barney"
        ],
        "Meme Title": "Moe throws Barney",
        "filename": "5j93wf.jpg"
    },
    {
        "href": "https://imgflip.com/i/5l2uva",
        "imgsrc": "https://i.imgflip.com/5l2uva.jpg",
        "noisy": false,
        "tags": [
            "moe throws barney"
        ],
        "Meme Title": "Moe throws Barney",
        "filename": "5l2uva.jpg"
    },
    {
        "href": "https://imgflip.com/i/62uaqh",
        "imgsrc": "https://i.imgflip.com/62uaqh.jpg",
        "noisy": false,
        "tags": [
            "moe throws barney"
        ],
        "Meme Title": "Moe throws Barney",
        "filename": "62uaqh.jpg"
    },
    {
        "href": "https://imgflip.com/i/4fz3r1",
        "imgsrc": "https://i.imgflip.com/4fz3r1.jpg",
        "noisy": false,
        "tags": [
            "moe throws barney",
            "memes",
            "sweden",
            "coronavirus",
            "covid-19",
            "covid"
        ],
        "Meme Title": "oh no...COVID is back in Sweden...",
        "filename": "4fz3r1.jpg"
    },
    {
        "href": "https://imgflip.com/i/59e29j",
        "imgsrc": "https://i.imgflip.com/59e29j.jpg",
        "noisy": false,
        "tags": [
            "moe throws barney"
        ],
        "Meme Title": "Moe throws Barney",
        "filename": "59e29j.jpg"
    },
    {
        "href": "https://imgflip.com/i/57t2mz",
        "imgsrc": "https://i.imgflip.com/57t2mz.jpg",
        "noisy": false,
        "tags": [
            "moe throws barney"
        ],
        "Meme Title": "Pretty much the whole 2020 election",
        "filename": "57t2mz.jpg"
    },
    {
        "href": "https://imgflip.com/i/4izzsf",
        "imgsrc": "https://i.imgflip.com/4izzsf.jpg",
        "noisy": false,
        "tags": [
            "moe throws barney"
        ],
        "Meme Title": "Moe throws Barney",
        "filename": "4izzsf.jpg"
    },
    {
        "href": "https://imgflip.com/i/6cvvif",
        "imgsrc": "https://i.imgflip.com/6cvvif.jpg",
        "noisy": false,
        "tags": [
            "moe throws barney",
            "liverpool",
            "chelsea",
            "fa cup",
            "futbol",
            "sports"
        ],
        "Meme Title": "Liverpool - Chelsea in the FA Cup Final",
        "filename": "6cvvif.jpg"
    },
    {
        "href": "https://imgflip.com/i/718k9x",
        "imgsrc": "https://i.imgflip.com/718k9x.jpg",
        "noisy": false,
        "tags": [
            "moe throws barney"
        ],
        "Meme Title": "Rip no nut november",
        "filename": "718k9x.jpg"
    },
    {
        "href": "https://imgflip.com/i/713icl",
        "imgsrc": "https://i.imgflip.com/713icl.jpg",
        "noisy": false,
        "tags": [
            "moe throws barney"
        ],
        "Meme Title": "The frenchies done goofed up",
        "filename": "713icl.jpg"
    },
    {
        "href": "https://imgflip.com/i/70cf9v",
        "imgsrc": "https://i.imgflip.com/70cf9v.jpg",
        "noisy": false,
        "tags": [
            "moe throws barney"
        ],
        "Meme Title": "King Edward VIII Comes Back as Duke of Windsor, Both Nazis",
        "filename": "70cf9v.jpg"
    },
    {
        "href": "https://imgflip.com/i/6ylhq7",
        "imgsrc": "https://i.imgflip.com/6ylhq7.jpg",
        "noisy": false,
        "tags": [
            "moe throws barney"
        ],
        "Meme Title": "Moe throws Barney",
        "filename": "6ylhq7.jpg"
    },
    {
        "href": "https://imgflip.com/i/6yl0a8",
        "imgsrc": "https://i.imgflip.com/6yl0a8.jpg",
        "noisy": false,
        "tags": [
            "moe throws barney",
            "jazz",
            "funk"
        ],
        "Meme Title": "Jazz Barney out, Funk Barney in",
        "filename": "6yl0a8.jpg"
    },
    {
        "href": "https://imgflip.com/i/6tk2yf",
        "imgsrc": "https://i.imgflip.com/6tk2yf.jpg",
        "noisy": false,
        "tags": [
            "moe throws barney"
        ],
        "Meme Title": "relatible?",
        "filename": "6tk2yf.jpg"
    },
    {
        "href": "https://imgflip.com/i/6lo98v",
        "imgsrc": "https://i.imgflip.com/6lo98v.jpg",
        "noisy": false,
        "tags": [
            "moe throws barney"
        ],
        "Meme Title": "crypto haters",
        "filename": "6lo98v.jpg"
    },
    {
        "href": "https://imgflip.com/i/6lbo4p",
        "imgsrc": "https://i.imgflip.com/6lbo4p.jpg",
        "noisy": false,
        "tags": [
            "moe throws barney"
        ],
        "Meme Title": "Flaky Test",
        "filename": "6lbo4p.jpg"
    },
    {
        "href": "https://imgflip.com/i/6dx54d",
        "imgsrc": "https://i.imgflip.com/6dx54d.jpg",
        "noisy": false,
        "tags": [
            "moe throws barney",
            "covid-19",
            "coronavirus",
            "hepatitis",
            "bruh",
            "not again"
        ],
        "Meme Title": "Coming Soon?",
        "filename": "6dx54d.jpg"
    },
    {
        "href": "https://imgflip.com/i/6dss68",
        "imgsrc": "https://i.imgflip.com/6dss68.jpg",
        "noisy": false,
        "tags": [
            "moe throws barney",
            "socks",
            "relatable"
        ],
        "Meme Title": "Yeet",
        "filename": "6dss68.jpg"
    },
    {
        "href": "https://imgflip.com/i/6dsj6j",
        "imgsrc": "https://i.imgflip.com/6dsj6j.jpg",
        "noisy": false,
        "tags": [
            "moe throws barney"
        ],
        "Meme Title": "Hmmmmmmmmmmmmmm",
        "filename": "6dsj6j.jpg"
    },
    {
        "href": "https://imgflip.com/i/6c9i53",
        "imgsrc": "https://i.imgflip.com/6c9i53.jpg",
        "noisy": false,
        "tags": [
            "moe throws barney",
            "slavic lives matter",
            "chip skylark",
            "freddie fingaz"
        ],
        "Meme Title": "Moe throws Barney",
        "filename": "6c9i53.jpg"
    },
    {
        "href": "https://imgflip.com/i/6c611a",
        "imgsrc": "https://i.imgflip.com/6c611a.jpg",
        "noisy": false,
        "tags": [
            "moe throws barney"
        ],
        "Meme Title": "Moe throws Barney",
        "filename": "6c611a.jpg"
    },
    {
        "href": "https://imgflip.com/i/6c5og1",
        "imgsrc": "https://i.imgflip.com/6c5og1.jpg",
        "noisy": false,
        "tags": [
            "moe throws barney"
        ],
        "Meme Title": "Moe throws Barney",
        "filename": "6c5og1.jpg"
    },
    {
        "href": "https://imgflip.com/i/68l09l",
        "imgsrc": "https://i.imgflip.com/68l09l.jpg",
        "noisy": false,
        "tags": [
            "moe throws barney"
        ],
        "Meme Title": "Stardust",
        "filename": "68l09l.jpg"
    },
    {
        "href": "https://imgflip.com/i/688c63",
        "imgsrc": "https://i.imgflip.com/688c63.jpg",
        "noisy": false,
        "tags": [
            "moe throws barney"
        ],
        "Meme Title": "america",
        "filename": "688c63.jpg"
    },
    {
        "href": "https://imgflip.com/i/67w40s",
        "imgsrc": "https://i.imgflip.com/67w40s.jpg",
        "noisy": false,
        "tags": [
            "moe throws barney"
        ],
        "Meme Title": "Moe throws Barney",
        "filename": "67w40s.jpg"
    },
    {
        "href": "https://imgflip.com/i/67b1t8",
        "imgsrc": "https://i.imgflip.com/67b1t8.jpg",
        "noisy": false,
        "tags": [
            "moe throws barney"
        ],
        "Meme Title": "Seriously stop",
        "filename": "67b1t8.jpg"
    },
    {
        "href": "https://imgflip.com/i/65bk14",
        "imgsrc": "https://i.imgflip.com/65bk14.jpg",
        "noisy": false,
        "tags": [
            "moe throws barney"
        ],
        "Meme Title": "Moe throws Barney",
        "filename": "65bk14.jpg"
    },
    {
        "href": "https://imgflip.com/i/64ljgn",
        "imgsrc": "https://i.imgflip.com/64ljgn.jpg",
        "noisy": false,
        "tags": [
            "moe throws barney"
        ],
        "Meme Title": "Moe throws Barney",
        "filename": "64ljgn.jpg"
    },
    {
        "href": "https://imgflip.com/i/62tavw",
        "imgsrc": "https://i.imgflip.com/62tavw.jpg",
        "noisy": false,
        "tags": [
            "moe throws barney"
        ],
        "Meme Title": "Moe throws Barney",
        "filename": "62tavw.jpg"
    },
    {
        "href": "https://imgflip.com/i/60tywf",
        "imgsrc": "https://i.imgflip.com/60tywf.jpg",
        "noisy": false,
        "tags": [
            "moe throws barney",
            "pokemon"
        ],
        "Meme Title": "Dammit",
        "filename": "60tywf.jpg"
    },
    {
        "href": "https://imgflip.com/i/5wtxdp",
        "imgsrc": "https://i.imgflip.com/5wtxdp.jpg",
        "noisy": false,
        "tags": [
            "moe throws barney"
        ],
        "Meme Title": "Couldn't think of a title",
        "filename": "5wtxdp.jpg"
    },
    {
        "href": "https://imgflip.com/i/5un2g3",
        "imgsrc": "https://i.imgflip.com/5un2g3.jpg",
        "noisy": false,
        "tags": [
            "moe throws barney"
        ],
        "Meme Title": "Moe throws Barney",
        "filename": "5un2g3.jpg"
    },
    {
        "href": "https://imgflip.com/i/5tvuto",
        "imgsrc": "https://i.imgflip.com/5tvuto.jpg",
        "noisy": false,
        "tags": [
            "moe throws barney"
        ],
        "Meme Title": "Moe throws Barney",
        "filename": "5tvuto.jpg"
    },
    {
        "href": "https://imgflip.com/i/5hiq21",
        "imgsrc": "https://i.imgflip.com/5hiq21.jpg",
        "noisy": false,
        "tags": [
            "moe throws barney"
        ],
        "Meme Title": "1942 joint strike be like\u2026",
        "filename": "5hiq21.jpg"
    },
    {
        "href": "https://imgflip.com/i/5dlhjx",
        "imgsrc": "https://i.imgflip.com/5dlhjx.jpg",
        "noisy": false,
        "tags": [
            "moe throws barney"
        ],
        "Meme Title": "Moe throws Barney",
        "filename": "5dlhjx.jpg"
    },
    {
        "href": "https://imgflip.com/i/561wv5",
        "imgsrc": "https://i.imgflip.com/561wv5.jpg",
        "noisy": false,
        "tags": [
            "moe throws barney"
        ],
        "Meme Title": "TXDPSRP - MEMES",
        "filename": "561wv5.jpg"
    },
    {
        "href": "https://imgflip.com/i/55hrau",
        "imgsrc": "https://i.imgflip.com/55hrau.jpg",
        "noisy": false,
        "tags": [
            "moe throws barney"
        ],
        "Meme Title": "Wow",
        "filename": "55hrau.jpg"
    },
    {
        "href": "https://imgflip.com/i/55c9ro",
        "imgsrc": "https://i.imgflip.com/55c9ro.jpg",
        "noisy": false,
        "tags": [
            "moe throws barney",
            "tik tok sucks",
            "meme"
        ],
        "Meme Title": "Im talking about you sHeLbY",
        "filename": "55c9ro.jpg"
    },
    {
        "href": "https://imgflip.com/i/552jhi",
        "imgsrc": "https://i.imgflip.com/552jhi.jpg",
        "noisy": false,
        "tags": [
            "moe throws barney"
        ],
        "Meme Title": "Moe throws Barney",
        "filename": "552jhi.jpg"
    },
    {
        "href": "https://imgflip.com/i/50ncq2",
        "imgsrc": "https://i.imgflip.com/50ncq2.jpg",
        "noisy": false,
        "tags": [
            "moe throws barney"
        ],
        "Meme Title": "Moe throws Barney",
        "filename": "50ncq2.jpg"
    },
    {
        "href": "https://imgflip.com/i/49462l",
        "imgsrc": "https://i.imgflip.com/49462l.jpg",
        "noisy": false,
        "tags": [
            "moe throws barney"
        ],
        "Meme Title": "what happens in schools",
        "filename": "49462l.jpg"
    }
]