[
    {
        "href": "https://imgflip.com/i/79shfd",
        "imgsrc": "https://i.imgflip.com/79shfd.jpg",
        "noisy": false,
        "tags": [
            "two paths",
            "undertale",
            "deltarune"
        ],
        "Meme Title": "Choose",
        "filename": "79shfd.jpg"
    },
    {
        "href": "https://imgflip.com/i/77yqpu",
        "imgsrc": "https://i.imgflip.com/77yqpu.jpg",
        "noisy": false,
        "tags": [
            "two paths"
        ],
        "Meme Title": "Imdb Tv was better",
        "filename": "77yqpu.jpg"
    },
    {
        "href": "https://imgflip.com/i/76y88k",
        "imgsrc": "https://i.imgflip.com/76y88k.jpg",
        "noisy": false,
        "tags": [
            "two paths"
        ],
        "Meme Title": "Two Paths",
        "filename": "76y88k.jpg"
    },
    {
        "href": "https://imgflip.com/i/77gc8f",
        "imgsrc": "https://i.imgflip.com/77gc8f.jpg",
        "noisy": false,
        "tags": [
            "two paths",
            "butter",
            "toast",
            "indecision"
        ],
        "Meme Title": "Deep intellectual conversation",
        "filename": "77gc8f.jpg"
    },
    {
        "href": "https://imgflip.com/i/753m64",
        "imgsrc": "https://i.imgflip.com/753m64.jpg",
        "noisy": false,
        "tags": [
            "two paths"
        ],
        "Meme Title": "Two Paths",
        "filename": "753m64.jpg"
    },
    {
        "href": "https://imgflip.com/i/74wrmc",
        "imgsrc": "https://i.imgflip.com/74wrmc.jpg",
        "noisy": false,
        "tags": [
            "two paths",
            "funny",
            "indians",
            "hard choice"
        ],
        "Meme Title": "POV: Your indian.",
        "filename": "74wrmc.jpg"
    },
    {
        "href": "https://imgflip.com/i/73r97j",
        "imgsrc": "https://i.imgflip.com/73r97j.jpg",
        "noisy": false,
        "tags": [
            "two paths",
            "memes",
            "geometry dash"
        ],
        "Meme Title": "Title",
        "filename": "73r97j.jpg"
    },
    {
        "href": "https://imgflip.com/i/6y212t",
        "imgsrc": "https://i.imgflip.com/6y212t.jpg",
        "noisy": false,
        "tags": [
            "two paths",
            "memes",
            "russia",
            "military",
            "ukraine",
            "afghanistan"
        ],
        "Meme Title": "You must choose the path",
        "filename": "6y212t.jpg"
    },
    {
        "href": "https://imgflip.com/i/74b9vn",
        "imgsrc": "https://i.imgflip.com/74b9vn.jpg",
        "noisy": false,
        "tags": [
            "two paths"
        ],
        "Meme Title": "Two Paths",
        "filename": "74b9vn.jpg"
    },
    {
        "href": "https://imgflip.com/i/6yfiam",
        "imgsrc": "https://i.imgflip.com/6yfiam.jpg",
        "noisy": false,
        "tags": [
            "two paths",
            "smart fella",
            "fart smella"
        ],
        "Meme Title": "Two Paths",
        "filename": "6yfiam.jpg"
    },
    {
        "href": "https://imgflip.com/i/72oln3",
        "imgsrc": "https://i.imgflip.com/72oln3.jpg",
        "noisy": false,
        "tags": [
            "two paths",
            "memes",
            "question",
            "answer"
        ],
        "Meme Title": "Quora",
        "filename": "72oln3.jpg"
    },
    {
        "href": "https://imgflip.com/i/6y1tz3",
        "imgsrc": "https://i.imgflip.com/6y1tz3.jpg",
        "noisy": false,
        "tags": [
            "two paths",
            "halloween",
            "happy halloween",
            "halloween costume"
        ],
        "Meme Title": "Every single year, every single Halloween, the choice that determines what kind of person you are.",
        "filename": "6y1tz3.jpg"
    },
    {
        "href": "https://imgflip.com/i/70vilv",
        "imgsrc": "https://i.imgflip.com/70vilv.jpg",
        "noisy": false,
        "tags": [
            "two paths"
        ],
        "Meme Title": "Two Paths",
        "filename": "70vilv.jpg"
    },
    {
        "href": "https://imgflip.com/i/6q4muf",
        "imgsrc": "https://i.imgflip.com/6q4muf.jpg",
        "noisy": false,
        "tags": [
            "two paths",
            "indian",
            "funny",
            "fun",
            "memes",
            "youtube"
        ],
        "Meme Title": "truth",
        "filename": "6q4muf.jpg"
    },
    {
        "href": "https://imgflip.com/i/6zh3pv",
        "imgsrc": "https://i.imgflip.com/6zh3pv.jpg",
        "noisy": false,
        "tags": [
            "two paths",
            "memes",
            "chinese",
            "song"
        ],
        "Meme Title": "No offense to chinese people (btw I like Flower of Freedom though)",
        "filename": "6zh3pv.jpg"
    },
    {
        "href": "https://imgflip.com/i/5e9fc9",
        "imgsrc": "https://i.imgflip.com/5e9fc9.jpg",
        "noisy": false,
        "tags": [
            "two paths"
        ],
        "Meme Title": "Choose wisely",
        "filename": "5e9fc9.jpg"
    },
    {
        "href": "https://imgflip.com/i/6yms4z",
        "imgsrc": "https://i.imgflip.com/6yms4z.jpg",
        "noisy": false,
        "tags": [
            "two paths",
            "meme",
            "fun",
            "funny",
            "idk",
            "memes"
        ],
        "Meme Title": "Two Paths",
        "filename": "6yms4z.jpg"
    },
    {
        "href": "https://imgflip.com/i/75m7kr",
        "imgsrc": "https://i.imgflip.com/75m7kr.jpg",
        "noisy": false,
        "tags": [
            "two paths"
        ],
        "Meme Title": "Good Character Design",
        "filename": "75m7kr.jpg"
    },
    {
        "href": "https://imgflip.com/i/6v58ia",
        "imgsrc": "https://i.imgflip.com/6v58ia.jpg",
        "noisy": false,
        "tags": [
            "two paths"
        ],
        "Meme Title": "Two Paths",
        "filename": "6v58ia.jpg"
    },
    {
        "href": "https://imgflip.com/i/6f89cr",
        "imgsrc": "https://i.imgflip.com/6f89cr.jpg",
        "noisy": false,
        "tags": [
            "two paths"
        ],
        "Meme Title": "you must choose the path",
        "filename": "6f89cr.jpg"
    },
    {
        "href": "https://imgflip.com/i/6aaj3x",
        "imgsrc": "https://i.imgflip.com/6aaj3x.jpg",
        "noisy": false,
        "tags": [
            "two paths"
        ],
        "Meme Title": "Two Paths",
        "filename": "6aaj3x.jpg"
    },
    {
        "href": "https://imgflip.com/i/6o2z15",
        "imgsrc": "https://i.imgflip.com/6o2z15.jpg",
        "noisy": false,
        "tags": [
            "running up that hill",
            "running in the 90's",
            "two paths"
        ],
        "Meme Title": "(My personal opinion)",
        "filename": "6o2z15.jpg"
    },
    {
        "href": "https://imgflip.com/i/6o3096",
        "imgsrc": "https://i.imgflip.com/6o3096.jpg",
        "noisy": false,
        "tags": [
            "two paths"
        ],
        "Meme Title": "Which one...",
        "filename": "6o3096.jpg"
    },
    {
        "href": "https://imgflip.com/i/6o2zbb",
        "imgsrc": "https://i.imgflip.com/6o2zbb.jpg",
        "noisy": false,
        "tags": [
            "killer queen",
            "two paths",
            "mad tsai",
            "queen"
        ],
        "Meme Title": "(My opinion)",
        "filename": "6o2zbb.jpg"
    },
    {
        "href": "https://imgflip.com/i/6cnke5",
        "imgsrc": "https://i.imgflip.com/6cnke5.jpg",
        "noisy": false,
        "tags": [
            "two paths",
            "lean",
            "clash of clans",
            "clash royale",
            "drugs"
        ],
        "Meme Title": "Two Paths",
        "filename": "6cnke5.jpg"
    },
    {
        "href": "https://imgflip.com/i/5zfvvz",
        "imgsrc": "https://i.imgflip.com/5zfvvz.jpg",
        "noisy": false,
        "tags": [
            "two paths",
            "antimeme"
        ],
        "Meme Title": "why are both of the houses on a cliff?",
        "filename": "5zfvvz.jpg"
    },
    {
        "href": "https://imgflip.com/i/61ql97",
        "imgsrc": "https://i.imgflip.com/61ql97.jpg",
        "noisy": false,
        "tags": [
            "two paths"
        ],
        "Meme Title": "pls stop",
        "filename": "61ql97.jpg"
    },
    {
        "href": "https://imgflip.com/i/6k8dr5",
        "imgsrc": "https://i.imgflip.com/6k8dr5.jpg",
        "noisy": false,
        "tags": [
            "two paths"
        ],
        "Meme Title": "Cuphead picking whare to go",
        "filename": "6k8dr5.jpg"
    },
    {
        "href": "https://imgflip.com/i/6o2zj9",
        "imgsrc": "https://i.imgflip.com/6o2zj9.jpg",
        "noisy": false,
        "tags": [
            "the only thing they fear is you",
            "the only thing i know for real",
            "two paths"
        ],
        "Meme Title": "(Both are bangers)",
        "filename": "6o2zj9.jpg"
    },
    {
        "href": "https://imgflip.com/i/6ds7mt",
        "imgsrc": "https://i.imgflip.com/6ds7mt.jpg",
        "noisy": false,
        "tags": [
            "two paths"
        ],
        "Meme Title": "Every guy I know who grew up rural became either a concrete pourer or a car mechanic",
        "filename": "6ds7mt.jpg"
    },
    {
        "href": "https://imgflip.com/i/6bfuja",
        "imgsrc": "https://i.imgflip.com/6bfuja.jpg",
        "noisy": false,
        "tags": [
            "two paths"
        ],
        "Meme Title": "i dont care, both are good",
        "filename": "6bfuja.jpg"
    },
    {
        "href": "https://imgflip.com/i/6ctlll",
        "imgsrc": "https://i.imgflip.com/6ctlll.jpg",
        "noisy": false,
        "tags": [
            "two paths",
            "slavic empire",
            "american empire"
        ],
        "Meme Title": "Two Paths",
        "filename": "6ctlll.jpg"
    },
    {
        "href": "https://imgflip.com/i/5oilfv",
        "imgsrc": "https://i.imgflip.com/5oilfv.jpg",
        "noisy": false,
        "tags": [
            "two paths"
        ],
        "Meme Title": "Make sense,right?",
        "filename": "5oilfv.jpg"
    },
    {
        "href": "https://imgflip.com/i/5ee8j9",
        "imgsrc": "https://i.imgflip.com/5ee8j9.jpg",
        "noisy": false,
        "tags": [
            "two paths",
            "funny",
            "memes",
            "meme",
            "pineapple pizza",
            "fries"
        ],
        "Meme Title": "Two paths: Dipping fries in ice cream or Pineapple on pizza",
        "filename": "5ee8j9.jpg"
    },
    {
        "href": "https://imgflip.com/i/6eyx4i",
        "imgsrc": "https://i.imgflip.com/6eyx4i.jpg",
        "noisy": false,
        "tags": [
            "two paths",
            "memes",
            "eurovision",
            "stage",
            "sun"
        ],
        "Meme Title": "Eurovision 2022 in a nutshell",
        "filename": "6eyx4i.jpg"
    },
    {
        "href": "https://imgflip.com/i/6f10d3",
        "imgsrc": "https://i.imgflip.com/6f10d3.jpg",
        "noisy": false,
        "tags": [
            "two paths"
        ],
        "Meme Title": "PART 2!",
        "filename": "6f10d3.jpg"
    },
    {
        "href": "https://imgflip.com/i/5mk098",
        "imgsrc": "https://i.imgflip.com/5mk098.jpg",
        "noisy": false,
        "tags": [
            "two paths"
        ],
        "Meme Title": "Two Paths",
        "filename": "5mk098.jpg"
    },
    {
        "href": "https://imgflip.com/i/5pxixp",
        "imgsrc": "https://i.imgflip.com/5pxixp.jpg",
        "noisy": false,
        "tags": [
            "two paths",
            "super smash bros",
            "smash",
            "smash bros"
        ],
        "Meme Title": "Close enough",
        "filename": "5pxixp.jpg"
    },
    {
        "href": "https://imgflip.com/i/5qcaum",
        "imgsrc": "https://i.imgflip.com/5qcaum.jpg",
        "noisy": false,
        "tags": [
            "two paths",
            "school",
            "life"
        ],
        "Meme Title": "If this meme doesn't make you feel better i don't know what will?",
        "filename": "5qcaum.jpg"
    },
    {
        "href": "https://imgflip.com/i/6f9orr",
        "imgsrc": "https://i.imgflip.com/6f9orr.jpg",
        "noisy": false,
        "tags": [
            "two paths",
            "jojo's bizarre adventure",
            "jojo",
            "furry",
            "beastars"
        ],
        "Meme Title": "Furry's bizarre adventure",
        "filename": "6f9orr.jpg"
    },
    {
        "href": "https://imgflip.com/i/5p41pn",
        "imgsrc": "https://i.imgflip.com/5p41pn.jpg",
        "noisy": false,
        "tags": [
            "two paths"
        ],
        "Meme Title": "Two Paths",
        "filename": "5p41pn.jpg"
    },
    {
        "href": "https://imgflip.com/i/6u9jzh",
        "imgsrc": "https://i.imgflip.com/6u9jzh.jpg",
        "noisy": false,
        "tags": [
            "two paths"
        ],
        "Meme Title": "Two Paths",
        "filename": "6u9jzh.jpg"
    },
    {
        "href": "https://imgflip.com/i/62v3in",
        "imgsrc": "https://i.imgflip.com/62v3in.jpg",
        "noisy": false,
        "tags": [
            "two paths",
            "history memes",
            "italy",
            "wwii"
        ],
        "Meme Title": "Two Paths",
        "filename": "62v3in.jpg"
    },
    {
        "href": "https://imgflip.com/i/5hrtt5",
        "imgsrc": "https://i.imgflip.com/5hrtt5.jpg",
        "noisy": false,
        "tags": [
            "two paths"
        ],
        "Meme Title": "Individual ethical behavior is the only way forward.",
        "filename": "5hrtt5.jpg"
    },
    {
        "href": "https://imgflip.com/i/56ecjl",
        "imgsrc": "https://i.imgflip.com/56ecjl.jpg",
        "noisy": false,
        "tags": [
            "two paths",
            "byskeskolan-memes"
        ],
        "Meme Title": "Two Paths",
        "filename": "56ecjl.jpg"
    },
    {
        "href": "https://imgflip.com/i/5goqwb",
        "imgsrc": "https://i.imgflip.com/5goqwb.jpg",
        "noisy": false,
        "tags": [
            "two paths",
            "memes"
        ],
        "Meme Title": "Two Paths",
        "filename": "5goqwb.jpg"
    },
    {
        "href": "https://imgflip.com/i/71mkri",
        "imgsrc": "https://i.imgflip.com/71mkri.jpg",
        "noisy": false,
        "tags": [
            "two paths",
            "memes"
        ],
        "Meme Title": "Did you know?",
        "filename": "71mkri.jpg"
    },
    {
        "href": "https://imgflip.com/i/6jezjn",
        "imgsrc": "https://i.imgflip.com/6jezjn.jpg",
        "noisy": false,
        "tags": [
            "two paths",
            "bloons"
        ],
        "Meme Title": "Two Paths",
        "filename": "6jezjn.jpg"
    },
    {
        "href": "https://imgflip.com/i/6jdrpy",
        "imgsrc": "https://i.imgflip.com/6jdrpy.jpg",
        "noisy": false,
        "tags": [
            "two paths"
        ],
        "Meme Title": "Two Paths",
        "filename": "6jdrpy.jpg"
    },
    {
        "href": "https://imgflip.com/i/6devfh",
        "imgsrc": "https://i.imgflip.com/6devfh.jpg",
        "noisy": false,
        "tags": [
            "two paths",
            "slavs",
            "freddie fingaz",
            "blacklabel jedih"
        ],
        "Meme Title": "Two Paths",
        "filename": "6devfh.jpg"
    },
    {
        "href": "https://imgflip.com/i/6dwna4",
        "imgsrc": "https://i.imgflip.com/6dwna4.jpg",
        "noisy": false,
        "tags": [
            "two paths"
        ],
        "Meme Title": "Two Paths",
        "filename": "6dwna4.jpg"
    },
    {
        "href": "https://imgflip.com/i/6ce5qs",
        "imgsrc": "https://i.imgflip.com/6ce5qs.jpg",
        "noisy": false,
        "tags": [
            "two paths"
        ],
        "Meme Title": "Two Paths",
        "filename": "6ce5qs.jpg"
    },
    {
        "href": "https://imgflip.com/i/70wd9u",
        "imgsrc": "https://i.imgflip.com/70wd9u.jpg",
        "noisy": false,
        "tags": [
            "two paths"
        ],
        "Meme Title": "Two Paths",
        "filename": "70wd9u.jpg"
    }
]