[
    {
        "href": "https://imgflip.com/i/76rm6q",
        "imgsrc": "https://i.imgflip.com/76rm6q.jpg",
        "noisy": false,
        "tags": [
            "skinner out of touch",
            "youtube",
            "funny",
            "funny memes",
            "memes",
            "internet"
        ],
        "Meme Title": "so do we have a replacement for when this ship sinks or?",
        "filename": "76rm6q.jpg"
    },
    {
        "href": "https://imgflip.com/i/73lxgr",
        "imgsrc": "https://i.imgflip.com/73lxgr.jpg",
        "noisy": false,
        "tags": [
            "skinner out of touch"
        ],
        "Meme Title": "Skinner Out Of Touch",
        "filename": "73lxgr.jpg"
    },
    {
        "href": "https://imgflip.com/i/73t5x5",
        "imgsrc": "https://i.imgflip.com/73t5x5.jpg",
        "noisy": false,
        "tags": [
            "skinner out of touch"
        ],
        "Meme Title": "Skinner Out Of Touch",
        "filename": "73t5x5.jpg"
    },
    {
        "href": "https://imgflip.com/i/72eh3o",
        "imgsrc": "https://i.imgflip.com/72eh3o.jpg",
        "noisy": false,
        "tags": [
            "skinner out of touch",
            "slavic",
            "russian",
            "blm",
            "slm"
        ],
        "Meme Title": "Skinner Out Of Touch",
        "filename": "72eh3o.jpg"
    },
    {
        "href": "https://imgflip.com/i/6zaud9",
        "imgsrc": "https://i.imgflip.com/6zaud9.jpg",
        "noisy": false,
        "tags": [
            "skinner out of touch"
        ],
        "Meme Title": "Skinner Out Of Touch",
        "filename": "6zaud9.jpg"
    },
    {
        "href": "https://imgflip.com/i/70n4lh",
        "imgsrc": "https://i.imgflip.com/70n4lh.jpg",
        "noisy": false,
        "tags": [
            "skinner out of touch"
        ],
        "Meme Title": "skinner",
        "filename": "70n4lh.jpg"
    },
    {
        "href": "https://imgflip.com/i/5a6bl2",
        "imgsrc": "https://i.imgflip.com/5a6bl2.jpg",
        "noisy": false,
        "tags": [
            "memes",
            "skinner out of touch",
            "electronic arts",
            "gaming",
            "funny",
            "stupidity"
        ],
        "Meme Title": "EA in one image",
        "filename": "5a6bl2.jpg"
    },
    {
        "href": "https://imgflip.com/i/6nztt4",
        "imgsrc": "https://i.imgflip.com/6nztt4.jpg",
        "noisy": false,
        "tags": [
            "skinner out of touch"
        ],
        "Meme Title": "I forgot",
        "filename": "6nztt4.jpg"
    },
    {
        "href": "https://imgflip.com/i/6go1yr",
        "imgsrc": "https://i.imgflip.com/6go1yr.jpg",
        "noisy": false,
        "tags": [
            "skinner out of touch"
        ],
        "Meme Title": "Skinner Out Of Touch",
        "filename": "6go1yr.jpg"
    },
    {
        "href": "https://imgflip.com/i/63jjj2",
        "imgsrc": "https://i.imgflip.com/63jjj2.jpg",
        "noisy": false,
        "tags": [
            "skinner out of touch",
            "memes"
        ],
        "Meme Title": "Yeah",
        "filename": "63jjj2.jpg"
    },
    {
        "href": "https://imgflip.com/i/6i18um",
        "imgsrc": "https://i.imgflip.com/6i18um.jpg",
        "noisy": false,
        "tags": [
            "skinner out of touch"
        ],
        "Meme Title": "I think 9+10= 21",
        "filename": "6i18um.jpg"
    },
    {
        "href": "https://imgflip.com/i/6dllw5",
        "imgsrc": "https://i.imgflip.com/6dllw5.jpg",
        "noisy": false,
        "tags": [
            "skinner out of touch",
            "netflix",
            "animation",
            "simpsons"
        ],
        "Meme Title": "2022 Netflix in a nutshell",
        "filename": "6dllw5.jpg"
    },
    {
        "href": "https://imgflip.com/i/2ao9rl",
        "imgsrc": "https://i.imgflip.com/2ao9rl.jpg",
        "noisy": false,
        "tags": [
            "skinner out of touch"
        ],
        "Meme Title": "Trying to watch the music awards.",
        "filename": "2ao9rl.jpg"
    },
    {
        "href": "https://imgflip.com/i/63hogs",
        "imgsrc": "https://i.imgflip.com/63hogs.jpg",
        "noisy": false,
        "tags": [
            "skinner out of touch",
            "boomers",
            "baby boomers",
            "selfish generation",
            "millennials",
            "gen z"
        ],
        "Meme Title": "Boomers: Younger generations are choosing not to have children, is that our fault? No. Of course not.",
        "filename": "63hogs.jpg"
    },
    {
        "href": "https://imgflip.com/i/6925vi",
        "imgsrc": "https://i.imgflip.com/6925vi.jpg",
        "noisy": false,
        "tags": [
            "skinner out of touch"
        ],
        "Meme Title": "Skinner Out Of Touch",
        "filename": "6925vi.jpg"
    },
    {
        "href": "https://imgflip.com/i/5k7o5e",
        "imgsrc": "https://i.imgflip.com/5k7o5e.jpg",
        "noisy": false,
        "tags": [
            "skinner out of touch",
            "conspiracy theories",
            "morons"
        ],
        "Meme Title": "It's the scientists who are wrong.",
        "filename": "5k7o5e.jpg"
    },
    {
        "href": "https://imgflip.com/i/5wwpgn",
        "imgsrc": "https://i.imgflip.com/5wwpgn.jpg",
        "noisy": false,
        "tags": [
            "skinner out of touch"
        ],
        "Meme Title": "Skinner Out Of Touch",
        "filename": "5wwpgn.jpg"
    },
    {
        "href": "https://imgflip.com/i/63hpe2",
        "imgsrc": "https://i.imgflip.com/63hpe2.jpg",
        "noisy": false,
        "tags": [
            "skinner out of touch",
            "boomers",
            "baby boomers",
            "debt",
            "climate crisis",
            "climate emergency"
        ],
        "Meme Title": "Boomers: Younger generations face crushing debt and a planet on fire. Is that our fault? No. It was a different time back then.",
        "filename": "63hpe2.jpg"
    },
    {
        "href": "https://imgflip.com/i/5uuyby",
        "imgsrc": "https://i.imgflip.com/5uuyby.jpg",
        "noisy": false,
        "tags": [
            "skinner out of touch"
        ],
        "Meme Title": "Skinner Out Of Touch",
        "filename": "5uuyby.jpg"
    },
    {
        "href": "https://imgflip.com/i/66aqwz",
        "imgsrc": "https://i.imgflip.com/66aqwz.jpg",
        "noisy": false,
        "tags": [
            "skinner out of touch"
        ],
        "Meme Title": "Skinner Out Of Touch",
        "filename": "66aqwz.jpg"
    },
    {
        "href": "https://imgflip.com/i/59hdrr",
        "imgsrc": "https://i.imgflip.com/59hdrr.jpg",
        "noisy": false,
        "tags": [
            "skinner out of touch",
            "froot loops"
        ],
        "Meme Title": "Oh nu",
        "filename": "59hdrr.jpg"
    },
    {
        "href": "https://imgflip.com/i/6sduej",
        "imgsrc": "https://i.imgflip.com/6sduej.jpg",
        "noisy": false,
        "tags": [
            "skinner out of touch",
            "memes"
        ],
        "Meme Title": "Do you think so that day with a man?",
        "filename": "6sduej.jpg"
    },
    {
        "href": "https://imgflip.com/i/56iidm",
        "imgsrc": "https://i.imgflip.com/56iidm.jpg",
        "noisy": false,
        "tags": [
            "skinner out of touch",
            "masks",
            "karen"
        ],
        "Meme Title": "Pro-maskers hijacked the Karen meme but are unaware of what Karens they are",
        "filename": "56iidm.jpg"
    },
    {
        "href": "https://imgflip.com/i/539nyd",
        "imgsrc": "https://i.imgflip.com/539nyd.jpg",
        "noisy": false,
        "tags": [
            "skinner out of touch"
        ],
        "Meme Title": "thinks of something and then forgets it.",
        "filename": "539nyd.jpg"
    },
    {
        "href": "https://imgflip.com/i/5c7tex",
        "imgsrc": "https://i.imgflip.com/5c7tex.jpg",
        "noisy": false,
        "tags": [
            "skinner out of touch"
        ],
        "Meme Title": "#Nuerodivergentfansproblems",
        "filename": "5c7tex.jpg"
    },
    {
        "href": "https://imgflip.com/i/49qdmd",
        "imgsrc": "https://i.imgflip.com/49qdmd.jpg",
        "noisy": false,
        "tags": [
            "skinner out of touch"
        ],
        "Meme Title": "Facebook Political-Meme Posters These Days",
        "filename": "49qdmd.jpg"
    },
    {
        "href": "https://imgflip.com/i/481f2p",
        "imgsrc": "https://i.imgflip.com/481f2p.jpg",
        "noisy": false,
        "tags": [
            "skinner out of touch"
        ],
        "Meme Title": "technology bad, book good",
        "filename": "481f2p.jpg"
    },
    {
        "href": "https://imgflip.com/i/5140u9",
        "imgsrc": "https://i.imgflip.com/5140u9.jpg",
        "noisy": false,
        "tags": [
            "skinner out of touch"
        ],
        "Meme Title": "Sia out of touch",
        "filename": "5140u9.jpg"
    },
    {
        "href": "https://imgflip.com/i/2betak",
        "imgsrc": "https://i.imgflip.com/2betak.jpg",
        "noisy": false,
        "tags": [
            "skinner out of touch",
            "memes",
            "2 genders",
            "genders"
        ],
        "Meme Title": "Skinner Out Of Touch",
        "filename": "2betak.jpg"
    },
    {
        "href": "https://imgflip.com/i/2ubfvz",
        "imgsrc": "https://i.imgflip.com/2ubfvz.jpg",
        "noisy": false,
        "tags": [
            "skinner out of touch"
        ],
        "Meme Title": "Skinner Out Of Touch",
        "filename": "2ubfvz.jpg"
    },
    {
        "href": "https://imgflip.com/i/224h1e",
        "imgsrc": "https://i.imgflip.com/224h1e.jpg",
        "noisy": false,
        "tags": [
            "skinner out of touch"
        ],
        "Meme Title": "Skinner Out Of Touch",
        "filename": "224h1e.jpg"
    },
    {
        "href": "https://imgflip.com/i/2duye6",
        "imgsrc": "https://i.imgflip.com/2duye6.jpg",
        "noisy": false,
        "tags": [
            "skinner out of touch",
            "memes",
            "imgflip",
            "upvotes"
        ],
        "Meme Title": "Almost Lose It",
        "filename": "2duye6.jpg"
    },
    {
        "href": "https://imgflip.com/i/3hun1u",
        "imgsrc": "https://i.imgflip.com/3hun1u.jpg",
        "noisy": false,
        "tags": [
            "skinner out of touch",
            "memes",
            "funny memes",
            "simpsons"
        ],
        "Meme Title": "Skinner Out Of Touch",
        "filename": "3hun1u.jpg"
    },
    {
        "href": "https://imgflip.com/i/4v8qeh",
        "imgsrc": "https://i.imgflip.com/4v8qeh.jpg",
        "noisy": false,
        "tags": [
            "skinner out of touch",
            "google",
            "australia",
            "freedom of speech",
            "mainstream media"
        ],
        "Meme Title": "Media in Australia owns google",
        "filename": "4v8qeh.jpg"
    },
    {
        "href": "https://imgflip.com/i/4u8rfm",
        "imgsrc": "https://i.imgflip.com/4u8rfm.jpg",
        "noisy": false,
        "tags": [
            "skinner out of touch"
        ],
        "Meme Title": "Skinner Out Of Touch",
        "filename": "4u8rfm.jpg"
    },
    {
        "href": "https://imgflip.com/i/2znxjw",
        "imgsrc": "https://i.imgflip.com/2znxjw.jpg",
        "noisy": false,
        "tags": [
            "skinner out of touch"
        ],
        "Meme Title": "Whenever I'm the second to last car to blow through a yellow light as it turns red...",
        "filename": "2znxjw.jpg"
    },
    {
        "href": "https://imgflip.com/i/3187y0",
        "imgsrc": "https://i.imgflip.com/3187y0.jpg",
        "noisy": false,
        "tags": [
            "skinner out of touch"
        ],
        "Meme Title": "Skinner Out Of Touch",
        "filename": "3187y0.jpg"
    },
    {
        "href": "https://imgflip.com/i/2wwf9h",
        "imgsrc": "https://i.imgflip.com/2wwf9h.jpg",
        "noisy": false,
        "tags": [
            "skinner out of touch"
        ],
        "Meme Title": "Reddit for the last 4 days",
        "filename": "2wwf9h.jpg"
    },
    {
        "href": "https://imgflip.com/i/2sm6jk",
        "imgsrc": "https://i.imgflip.com/2sm6jk.jpg",
        "noisy": false,
        "tags": [
            "skinner out of touch"
        ],
        "Meme Title": "Skinner Out Of Touch",
        "filename": "2sm6jk.jpg"
    },
    {
        "href": "https://imgflip.com/i/2irrgp",
        "imgsrc": "https://i.imgflip.com/2irrgp.jpg",
        "noisy": false,
        "tags": [
            "skinner out of touch"
        ],
        "Meme Title": "Skinner Out Of Touch",
        "filename": "2irrgp.jpg"
    },
    {
        "href": "https://imgflip.com/i/2lr3k9",
        "imgsrc": "https://i.imgflip.com/2lr3k9.jpg",
        "noisy": false,
        "tags": [
            "skinner out of touch"
        ],
        "Meme Title": "Blizzard after the Blizzcon weekend",
        "filename": "2lr3k9.jpg"
    },
    {
        "href": "https://imgflip.com/i/29ujwb",
        "imgsrc": "https://i.imgflip.com/29ujwb.jpg",
        "noisy": false,
        "tags": [
            "skinner out of touch"
        ],
        "Meme Title": "I'm 32 and I gave up on Fortnite after 15 minutes",
        "filename": "29ujwb.jpg"
    },
    {
        "href": "https://imgflip.com/i/2qsweu",
        "imgsrc": "https://i.imgflip.com/2qsweu.jpg",
        "noisy": false,
        "tags": [
            "skinner out of touch"
        ],
        "Meme Title": "You come to us for help with technology but somehow we are always wrong....",
        "filename": "2qsweu.jpg"
    },
    {
        "href": "https://imgflip.com/i/2bbm73",
        "imgsrc": "https://i.imgflip.com/2bbm73.jpg",
        "noisy": false,
        "tags": [
            "memes",
            "skinner out of touch",
            "dank memes",
            "roseanne",
            "political memes",
            "funny"
        ],
        "Meme Title": "Must be something political. Whatever it is, I don't wanna know.",
        "filename": "2bbm73.jpg"
    },
    {
        "href": "https://imgflip.com/i/2lo95x",
        "imgsrc": "https://i.imgflip.com/2lo95x.jpg",
        "noisy": false,
        "tags": [
            "skinner out of touch"
        ],
        "Meme Title": "Blizzard's director of PR right before making the decision to take down and resubmit the trailer",
        "filename": "2lo95x.jpg"
    },
    {
        "href": "https://imgflip.com/i/4bqh5y",
        "imgsrc": "https://i.imgflip.com/4bqh5y.jpg",
        "noisy": false,
        "tags": [
            "skinner out of touch"
        ],
        "Meme Title": "Skinner Out Of Touch",
        "filename": "4bqh5y.jpg"
    },
    {
        "href": "https://imgflip.com/i/24hq9m",
        "imgsrc": "https://i.imgflip.com/24hq9m.jpg",
        "noisy": false,
        "tags": [
            "skinner out of touch",
            "thins",
            "fatacceptance",
            "soundslikeanelaborateexcusetostayobesebutokay"
        ],
        "Meme Title": "The thins are at it again.",
        "filename": "24hq9m.jpg"
    },
    {
        "href": "https://imgflip.com/i/2f6uul",
        "imgsrc": "https://i.imgflip.com/2f6uul.jpg",
        "noisy": false,
        "tags": [
            "skinner out of touch"
        ],
        "Meme Title": "Skinner Out Of Touch",
        "filename": "2f6uul.jpg"
    },
    {
        "href": "https://imgflip.com/i/2cli60",
        "imgsrc": "https://i.imgflip.com/2cli60.jpg",
        "noisy": false,
        "tags": [
            "skinner out of touch"
        ],
        "Meme Title": "Skinner Out Of Touch",
        "filename": "2cli60.jpg"
    },
    {
        "href": "https://imgflip.com/i/25v9qm",
        "imgsrc": "https://i.imgflip.com/25v9qm.jpg",
        "noisy": false,
        "tags": [
            "skinner out of touch"
        ],
        "Meme Title": "Skinner Out Of Touch",
        "filename": "25v9qm.jpg"
    },
    {
        "href": "https://imgflip.com/i/1u2h2q",
        "imgsrc": "https://i.imgflip.com/1u2h2q.jpg",
        "noisy": false,
        "tags": [
            "skinner out of touch",
            "fascist",
            "antifa",
            "trump",
            "charlottesville"
        ],
        "Meme Title": "Could it be that fascists are bad?",
        "filename": "1u2h2q.jpg"
    },
    {
        "href": "https://imgflip.com/i/2auwzl",
        "imgsrc": "https://i.imgflip.com/2auwzl.jpg",
        "noisy": false,
        "tags": [
            "skinner out of touch"
        ],
        "Meme Title": "Skinner Out Of Touch",
        "filename": "2auwzl.jpg"
    },
    {
        "href": "https://imgflip.com/i/5acc1w",
        "imgsrc": "https://i.imgflip.com/5acc1w.jpg",
        "noisy": false,
        "tags": [
            "skinner out of touch"
        ],
        "Meme Title": "Skinner Out Of Touch",
        "filename": "5acc1w.jpg"
    }
]