[
    {
        "href": "https://imgflip.com/i/77hlfs",
        "imgsrc": "https://i.imgflip.com/77hlfs.jpg",
        "noisy": false,
        "tags": [
            "weak vs strong spongebob",
            "memes",
            "funny",
            "holidays"
        ],
        "Meme Title": "Weak vs Strong Spongebob",
        "filename": "77hlfs.jpg"
    },
    {
        "href": "https://imgflip.com/i/7869om",
        "imgsrc": "https://i.imgflip.com/7869om.jpg",
        "noisy": false,
        "tags": [
            "weak vs strong spongebob"
        ],
        "Meme Title": "Who relates?",
        "filename": "7869om.jpg"
    },
    {
        "href": "https://imgflip.com/i/6y4x5t",
        "imgsrc": "https://i.imgflip.com/6y4x5t.jpg",
        "noisy": false,
        "tags": [
            "weak vs strong spongebob"
        ],
        "Meme Title": "This be my life",
        "filename": "6y4x5t.jpg"
    },
    {
        "href": "https://imgflip.com/i/76bf2i",
        "imgsrc": "https://i.imgflip.com/76bf2i.jpg",
        "noisy": false,
        "tags": [
            "weak vs strong spongebob"
        ],
        "Meme Title": "reality",
        "filename": "76bf2i.jpg"
    },
    {
        "href": "https://imgflip.com/i/76paan",
        "imgsrc": "https://i.imgflip.com/76paan.jpg",
        "noisy": false,
        "tags": [
            "weak vs strong spongebob",
            "fun",
            "iceu"
        ],
        "Meme Title": "Zad :(",
        "filename": "76paan.jpg"
    },
    {
        "href": "https://imgflip.com/i/75z2xk",
        "imgsrc": "https://i.imgflip.com/75z2xk.jpg",
        "noisy": false,
        "tags": [
            "weak vs strong spongebob",
            "relatable"
        ],
        "Meme Title": "Relatable",
        "filename": "75z2xk.jpg"
    },
    {
        "href": "https://imgflip.com/i/73ulhq",
        "imgsrc": "https://i.imgflip.com/73ulhq.jpg",
        "noisy": false,
        "tags": [
            "weak vs strong spongebob",
            "birthday",
            "adult vs kid",
            "spongebob",
            "happy birthday"
        ],
        "Meme Title": "Your Birthday",
        "filename": "73ulhq.jpg"
    },
    {
        "href": "https://imgflip.com/i/6wx6w1",
        "imgsrc": "https://i.imgflip.com/6wx6w1.jpg",
        "noisy": false,
        "tags": [
            "weak vs strong spongebob"
        ],
        "Meme Title": "really happend",
        "filename": "6wx6w1.jpg"
    },
    {
        "href": "https://imgflip.com/i/5683uz",
        "imgsrc": "https://i.imgflip.com/5683uz.jpg",
        "noisy": false,
        "tags": [
            "weak vs strong spongebob"
        ],
        "Meme Title": "Weak vs Strong Spongebob",
        "filename": "5683uz.jpg"
    },
    {
        "href": "https://imgflip.com/i/4sgmhm",
        "imgsrc": "https://i.imgflip.com/4sgmhm.jpg",
        "noisy": false,
        "tags": [
            "weak vs strong spongebob",
            "youtube",
            "ads"
        ],
        "Meme Title": "Maybe a repost, idk",
        "filename": "4sgmhm.jpg"
    },
    {
        "href": "https://imgflip.com/i/40e6wp",
        "imgsrc": "https://i.imgflip.com/40e6wp.jpg",
        "noisy": false,
        "tags": [
            "weak vs strong spongebob",
            "memes",
            "funny",
            "so true memes",
            "stop reading the tags"
        ],
        "Meme Title": "Weak vs Strong Spongebob",
        "filename": "40e6wp.jpg"
    },
    {
        "href": "https://imgflip.com/i/6vjpg9",
        "imgsrc": "https://i.imgflip.com/6vjpg9.jpg",
        "noisy": false,
        "tags": [
            "weak vs strong spongebob"
        ],
        "Meme Title": "aw hell naw",
        "filename": "6vjpg9.jpg"
    },
    {
        "href": "https://imgflip.com/i/74sxd9",
        "imgsrc": "https://i.imgflip.com/74sxd9.jpg",
        "noisy": false,
        "tags": [
            "weak vs strong spongebob"
        ],
        "Meme Title": "69=Overused Meme even though 44% of people don't know what it means",
        "filename": "74sxd9.jpg"
    },
    {
        "href": "https://imgflip.com/i/5pzu32",
        "imgsrc": "https://i.imgflip.com/5pzu32.jpg",
        "noisy": false,
        "tags": [
            "weak vs strong spongebob",
            "upvote begging",
            "memes"
        ],
        "Meme Title": "Upvote beggers die",
        "filename": "5pzu32.jpg"
    },
    {
        "href": "https://imgflip.com/i/71uux0",
        "imgsrc": "https://i.imgflip.com/71uux0.jpg",
        "noisy": false,
        "tags": [
            "weak vs strong spongebob"
        ],
        "Meme Title": "Weak vs Strong Spongebob",
        "filename": "71uux0.jpg"
    },
    {
        "href": "https://imgflip.com/i/6bcbod",
        "imgsrc": "https://i.imgflip.com/6bcbod.jpg",
        "noisy": false,
        "tags": [
            "weak vs strong spongebob",
            "how",
            "why",
            "buff",
            "spongebob squarepants"
        ],
        "Meme Title": "Has anyone else noticed?",
        "filename": "6bcbod.jpg"
    },
    {
        "href": "https://imgflip.com/i/6u25fa",
        "imgsrc": "https://i.imgflip.com/6u25fa.jpg",
        "noisy": false,
        "tags": [
            "weak vs strong spongebob"
        ],
        "Meme Title": "i dont even know",
        "filename": "6u25fa.jpg"
    },
    {
        "href": "https://imgflip.com/i/6ziku6",
        "imgsrc": "https://i.imgflip.com/6ziku6.jpg",
        "noisy": false,
        "tags": [
            "weak vs strong spongebob"
        ],
        "Meme Title": "im Canadian btw",
        "filename": "6ziku6.jpg"
    },
    {
        "href": "https://imgflip.com/i/707u49",
        "imgsrc": "https://i.imgflip.com/707u49.jpg",
        "noisy": false,
        "tags": [
            "weak vs strong spongebob",
            "periodic table"
        ],
        "Meme Title": "Uran",
        "filename": "707u49.jpg"
    },
    {
        "href": "https://imgflip.com/i/6zspf0",
        "imgsrc": "https://i.imgflip.com/6zspf0.jpg",
        "noisy": false,
        "tags": [
            "weak vs strong spongebob"
        ],
        "Meme Title": "no tirle",
        "filename": "6zspf0.jpg"
    },
    {
        "href": "https://imgflip.com/i/6zsp63",
        "imgsrc": "https://i.imgflip.com/6zsp63.jpg",
        "noisy": false,
        "tags": [
            "weak vs strong spongebob"
        ],
        "Meme Title": "(insert title) XD",
        "filename": "6zsp63.jpg"
    },
    {
        "href": "https://imgflip.com/i/71yf9g",
        "imgsrc": "https://i.imgflip.com/71yf9g.jpg",
        "noisy": false,
        "tags": [
            "weak vs strong spongebob"
        ],
        "Meme Title": "Social skills",
        "filename": "71yf9g.jpg"
    },
    {
        "href": "https://imgflip.com/i/6ojxc0",
        "imgsrc": "https://i.imgflip.com/6ojxc0.jpg",
        "noisy": false,
        "tags": [
            "weak vs strong spongebob"
        ],
        "Meme Title": "Weak vs Strong Spongebob",
        "filename": "6ojxc0.jpg"
    },
    {
        "href": "https://imgflip.com/i/48op0i",
        "imgsrc": "https://i.imgflip.com/48op0i.jpg",
        "noisy": false,
        "tags": [
            "weak vs strong spongebob",
            "memes"
        ],
        "Meme Title": "So true",
        "filename": "48op0i.jpg"
    },
    {
        "href": "https://imgflip.com/i/49y4jl",
        "imgsrc": "https://i.imgflip.com/49y4jl.jpg",
        "noisy": false,
        "tags": [
            "nickelodeon",
            "dab",
            "dabbing",
            "welcome to downtown coolsville",
            "cringe",
            "cringe worthy"
        ],
        "Meme Title": "You think this is funny?",
        "filename": "49y4jl.jpg"
    },
    {
        "href": "https://imgflip.com/i/70suxi",
        "imgsrc": "https://i.imgflip.com/70suxi.jpg",
        "noisy": false,
        "tags": [
            "weak vs strong spongebob"
        ],
        "Meme Title": "A tale of two seasons",
        "filename": "70suxi.jpg"
    },
    {
        "href": "https://imgflip.com/i/70c3t0",
        "imgsrc": "https://i.imgflip.com/70c3t0.jpg",
        "noisy": false,
        "tags": [
            "weak vs strong spongebob"
        ],
        "Meme Title": "just my opinion",
        "filename": "70c3t0.jpg"
    },
    {
        "href": "https://imgflip.com/i/6m05de",
        "imgsrc": "https://i.imgflip.com/6m05de.jpg",
        "noisy": false,
        "tags": [
            "weak vs strong spongebob",
            "memes",
            "relatable"
        ],
        "Meme Title": "Last night I had some meme ideas though I don't remember much of them now",
        "filename": "6m05de.jpg"
    },
    {
        "href": "https://imgflip.com/i/5f215b",
        "imgsrc": "https://i.imgflip.com/5f215b.jpg",
        "noisy": false,
        "tags": [
            "weak vs strong spongebob",
            "memes",
            "funny",
            "spongebob",
            "funny memes"
        ],
        "Meme Title": "Every time...",
        "filename": "5f215b.jpg"
    },
    {
        "href": "https://imgflip.com/i/5i7fco",
        "imgsrc": "https://i.imgflip.com/5i7fco.jpg",
        "noisy": false,
        "tags": [
            "weak vs strong spongebob",
            "google",
            "account",
            "strong",
            "spongebob strong"
        ],
        "Meme Title": "\"Security\" of Google",
        "filename": "5i7fco.jpg"
    },
    {
        "href": "https://imgflip.com/i/6c9vq4",
        "imgsrc": "https://i.imgflip.com/6c9vq4.jpg",
        "noisy": false,
        "tags": [
            "weak vs strong spongebob"
        ],
        "Meme Title": "Weak vs Strong Spongebob",
        "filename": "6c9vq4.jpg"
    },
    {
        "href": "https://imgflip.com/i/6wyqgk",
        "imgsrc": "https://i.imgflip.com/6wyqgk.jpg",
        "noisy": false,
        "tags": [
            "weak vs strong spongebob",
            "memes"
        ],
        "Meme Title": "How come they seem to de-evolve and de-age as we grow. we expect tough classmates but they are more babyish",
        "filename": "6wyqgk.jpg"
    },
    {
        "href": "https://imgflip.com/i/4i5wzn",
        "imgsrc": "https://i.imgflip.com/4i5wzn.jpg",
        "noisy": false,
        "tags": [
            "weak vs strong spongebob"
        ],
        "Meme Title": "Instagram is easy",
        "filename": "4i5wzn.jpg"
    },
    {
        "href": "https://imgflip.com/i/6d2shd",
        "imgsrc": "https://i.imgflip.com/6d2shd.jpg",
        "noisy": false,
        "tags": [
            "weak vs strong spongebob"
        ],
        "Meme Title": "free epic honey powder",
        "filename": "6d2shd.jpg"
    },
    {
        "href": "https://imgflip.com/i/6t11g3",
        "imgsrc": "https://i.imgflip.com/6t11g3.jpg",
        "noisy": false,
        "tags": [
            "weak vs strong spongebob"
        ],
        "Meme Title": "Weak vs Strong Spongebob",
        "filename": "6t11g3.jpg"
    },
    {
        "href": "https://imgflip.com/i/6bcofm",
        "imgsrc": "https://i.imgflip.com/6bcofm.jpg",
        "noisy": false,
        "tags": [
            "weak vs strong spongebob"
        ],
        "Meme Title": "Weak vs Strong Spongebob",
        "filename": "6bcofm.jpg"
    },
    {
        "href": "https://imgflip.com/i/6hzwiq",
        "imgsrc": "https://i.imgflip.com/6hzwiq.jpg",
        "noisy": false,
        "tags": [
            "weak vs strong spongebob"
        ],
        "Meme Title": "Weak vs Strong Spongebob",
        "filename": "6hzwiq.jpg"
    },
    {
        "href": "https://imgflip.com/i/4gkjwu",
        "imgsrc": "https://i.imgflip.com/4gkjwu.jpg",
        "noisy": false,
        "tags": [
            "weak vs strong spongebob"
        ],
        "Meme Title": "Weak vs Strong Spongebob",
        "filename": "4gkjwu.jpg"
    },
    {
        "href": "https://imgflip.com/i/6kov26",
        "imgsrc": "https://i.imgflip.com/6kov26.jpg",
        "noisy": false,
        "tags": [
            "weak vs strong spongebob",
            "movies",
            "movie",
            "bee movie",
            "sci-fi",
            "horror"
        ],
        "Meme Title": "Don't judge a movie by it's poster.",
        "filename": "6kov26.jpg"
    },
    {
        "href": "https://imgflip.com/i/56fti1",
        "imgsrc": "https://i.imgflip.com/56fti1.jpg",
        "noisy": false,
        "tags": [
            "weak vs strong spongebob"
        ],
        "Meme Title": "TV these days...",
        "filename": "56fti1.jpg"
    },
    {
        "href": "https://imgflip.com/i/6f9xgq",
        "imgsrc": "https://i.imgflip.com/6f9xgq.jpg",
        "noisy": false,
        "tags": [
            "weak vs strong spongebob"
        ],
        "Meme Title": "EVERY TEACHERS BE LIKE:",
        "filename": "6f9xgq.jpg"
    },
    {
        "href": "https://imgflip.com/i/5h4t92",
        "imgsrc": "https://i.imgflip.com/5h4t92.jpg",
        "noisy": false,
        "tags": [
            "weak vs strong spongebob"
        ],
        "Meme Title": "relatable meme",
        "filename": "5h4t92.jpg"
    },
    {
        "href": "https://imgflip.com/i/69s6o8",
        "imgsrc": "https://i.imgflip.com/69s6o8.jpg",
        "noisy": false,
        "tags": [
            "weak vs strong spongebob",
            "gta",
            "funny",
            "funny memes",
            "memes",
            "fun"
        ],
        "Meme Title": "gta be like",
        "filename": "69s6o8.jpg"
    },
    {
        "href": "https://imgflip.com/i/5ale0g",
        "imgsrc": "https://i.imgflip.com/5ale0g.jpg",
        "noisy": false,
        "tags": [
            "weak vs strong spongebob"
        ],
        "Meme Title": "Weak vs Strong Spongebob",
        "filename": "5ale0g.jpg"
    },
    {
        "href": "https://imgflip.com/i/5phag1",
        "imgsrc": "https://i.imgflip.com/5phag1.jpg",
        "noisy": false,
        "tags": [
            "weak vs strong spongebob",
            "memes",
            "funny",
            "microsoft",
            "windows"
        ],
        "Meme Title": "only TRUE gamers use windows 7",
        "filename": "5phag1.jpg"
    },
    {
        "href": "https://imgflip.com/i/65jqk1",
        "imgsrc": "https://i.imgflip.com/65jqk1.jpg",
        "noisy": false,
        "tags": [
            "weak vs strong spongebob"
        ],
        "Meme Title": "Weak vs Strong Spongebob",
        "filename": "65jqk1.jpg"
    },
    {
        "href": "https://imgflip.com/i/4j84gl",
        "imgsrc": "https://i.imgflip.com/4j84gl.jpg",
        "noisy": false,
        "tags": [
            "weak vs strong spongebob",
            "gaming",
            "fortnite",
            "fortnite meme",
            "fortnite memes",
            "damage"
        ],
        "Meme Title": "srsly tho",
        "filename": "4j84gl.jpg"
    },
    {
        "href": "https://imgflip.com/i/6pikdu",
        "imgsrc": "https://i.imgflip.com/6pikdu.jpg",
        "noisy": false,
        "tags": [
            "weak vs strong spongebob"
        ],
        "Meme Title": "Weak vs Strong Spongebob",
        "filename": "6pikdu.jpg"
    },
    {
        "href": "https://imgflip.com/i/4irk7a",
        "imgsrc": "https://i.imgflip.com/4irk7a.jpg",
        "noisy": false,
        "tags": [
            "weak vs strong spongebob"
        ],
        "Meme Title": "Weak vs Strong Spongebob",
        "filename": "4irk7a.jpg"
    },
    {
        "href": "https://imgflip.com/i/61o1u7",
        "imgsrc": "https://i.imgflip.com/61o1u7.jpg",
        "noisy": false,
        "tags": [
            "weak vs strong spongebob",
            "venezuela",
            "memes",
            "funny",
            "gifs"
        ],
        "Meme Title": "Get it? Inflation?",
        "filename": "61o1u7.jpg"
    },
    {
        "href": "https://imgflip.com/i/6o9sz0",
        "imgsrc": "https://i.imgflip.com/6o9sz0.jpg",
        "noisy": false,
        "tags": [
            "weak vs strong spongebob",
            "nextgenwaifu",
            "nextgenweebs",
            "nextgenwaifus"
        ],
        "Meme Title": "Weak vs Strong Spongebob",
        "filename": "6o9sz0.jpg"
    },
    {
        "href": "https://imgflip.com/i/56fzlk",
        "imgsrc": "https://i.imgflip.com/56fzlk.jpg",
        "noisy": false,
        "tags": [
            "weak vs strong spongebob",
            "frozen",
            "frozen 2",
            "frozen anna snowman"
        ],
        "Meme Title": "Weak vs Strong Spongebob",
        "filename": "56fzlk.jpg"
    },
    {
        "href": "https://imgflip.com/i/66m3rq",
        "imgsrc": "https://i.imgflip.com/66m3rq.jpg",
        "noisy": false,
        "tags": [
            "weak vs strong spongebob"
        ],
        "Meme Title": "Weak vs Strong Spongebob",
        "filename": "66m3rq.jpg"
    },
    {
        "href": "https://imgflip.com/i/5xe8fc",
        "imgsrc": "https://i.imgflip.com/5xe8fc.jpg",
        "noisy": false,
        "tags": [
            "weak vs strong spongebob"
        ],
        "Meme Title": "Tik tok and imgfilp",
        "filename": "5xe8fc.jpg"
    },
    {
        "href": "https://imgflip.com/i/5rbbjz",
        "imgsrc": "https://i.imgflip.com/5rbbjz.jpg",
        "noisy": false,
        "tags": [
            "weak vs strong spongebob"
        ],
        "Meme Title": "Weak vs Strong Spongebob",
        "filename": "5rbbjz.jpg"
    },
    {
        "href": "https://imgflip.com/i/6e5sdc",
        "imgsrc": "https://i.imgflip.com/6e5sdc.jpg",
        "noisy": false,
        "tags": [
            "weak vs strong spongebob",
            "memes"
        ],
        "Meme Title": "Weak vs Strong Spongebob",
        "filename": "6e5sdc.jpg"
    },
    {
        "href": "https://imgflip.com/i/5z4158",
        "imgsrc": "https://i.imgflip.com/5z4158.jpg",
        "noisy": false,
        "tags": [
            "weak vs strong spongebob"
        ],
        "Meme Title": "Weak vs Strong Spongebob",
        "filename": "5z4158.jpg"
    },
    {
        "href": "https://imgflip.com/i/513lt7",
        "imgsrc": "https://i.imgflip.com/513lt7.jpg",
        "noisy": false,
        "tags": [
            "weak vs strong spongebob",
            "memes",
            "sleep",
            "spongebob",
            "imgflip",
            "meme"
        ],
        "Meme Title": "ah yes, relatable",
        "filename": "513lt7.jpg"
    },
    {
        "href": "https://imgflip.com/i/5hcffv",
        "imgsrc": "https://i.imgflip.com/5hcffv.jpg",
        "noisy": false,
        "tags": [
            "weak vs strong spongebob"
        ],
        "Meme Title": "Movie logic",
        "filename": "5hcffv.jpg"
    },
    {
        "href": "https://imgflip.com/i/6e5s7i",
        "imgsrc": "https://i.imgflip.com/6e5s7i.jpg",
        "noisy": false,
        "tags": [
            "weak vs strong spongebob",
            "memes"
        ],
        "Meme Title": "Weak vs Strong Spongebob",
        "filename": "6e5s7i.jpg"
    },
    {
        "href": "https://imgflip.com/i/6jur1u",
        "imgsrc": "https://i.imgflip.com/6jur1u.jpg",
        "noisy": false,
        "tags": [
            "weak vs strong spongebob"
        ],
        "Meme Title": "Weak vs Strong Spongebob",
        "filename": "6jur1u.jpg"
    },
    {
        "href": "https://imgflip.com/i/5v4yhz",
        "imgsrc": "https://i.imgflip.com/5v4yhz.jpg",
        "noisy": false,
        "tags": [
            "weak vs strong spongebob"
        ],
        "Meme Title": "Weak vs Strong Spongebob",
        "filename": "5v4yhz.jpg"
    },
    {
        "href": "https://imgflip.com/i/5uwt2o",
        "imgsrc": "https://i.imgflip.com/5uwt2o.jpg",
        "noisy": false,
        "tags": [
            "weak vs strong spongebob"
        ],
        "Meme Title": "Weak vs Strong Spongebob",
        "filename": "5uwt2o.jpg"
    },
    {
        "href": "https://imgflip.com/i/5rzg1q",
        "imgsrc": "https://i.imgflip.com/5rzg1q.jpg",
        "noisy": false,
        "tags": [
            "weak vs strong spongebob"
        ],
        "Meme Title": "Triggered",
        "filename": "5rzg1q.jpg"
    },
    {
        "href": "https://imgflip.com/i/4xszbb",
        "imgsrc": "https://i.imgflip.com/4xszbb.jpg",
        "noisy": false,
        "tags": [
            "weak vs strong spongebob"
        ],
        "Meme Title": "you know its true",
        "filename": "4xszbb.jpg"
    },
    {
        "href": "https://imgflip.com/i/5j74er",
        "imgsrc": "https://i.imgflip.com/5j74er.jpg",
        "noisy": false,
        "tags": [
            "weak vs strong spongebob"
        ],
        "Meme Title": "Weak vs Strong Spongebob",
        "filename": "5j74er.jpg"
    },
    {
        "href": "https://imgflip.com/i/5rvmiv",
        "imgsrc": "https://i.imgflip.com/5rvmiv.jpg",
        "noisy": false,
        "tags": [
            "weak vs strong spongebob"
        ],
        "Meme Title": "my eyesssssssssssssssssss",
        "filename": "5rvmiv.jpg"
    },
    {
        "href": "https://imgflip.com/i/5pnjdt",
        "imgsrc": "https://i.imgflip.com/5pnjdt.jpg",
        "noisy": false,
        "tags": [
            "weak vs strong spongebob",
            "johnny bravo",
            "hbo"
        ],
        "Meme Title": "HBOMax Doesn't Have Johnny Bravo Or Cow And Chicken",
        "filename": "5pnjdt.jpg"
    },
    {
        "href": "https://imgflip.com/i/6j57y2",
        "imgsrc": "https://i.imgflip.com/6j57y2.jpg",
        "noisy": false,
        "tags": [
            "weak vs strong spongebob"
        ],
        "Meme Title": "spongeyboi",
        "filename": "6j57y2.jpg"
    },
    {
        "href": "https://imgflip.com/i/6hgth4",
        "imgsrc": "https://i.imgflip.com/6hgth4.jpg",
        "noisy": false,
        "tags": [
            "weak vs strong spongebob"
        ],
        "Meme Title": "idk",
        "filename": "6hgth4.jpg"
    },
    {
        "href": "https://imgflip.com/i/47hv0o",
        "imgsrc": "https://i.imgflip.com/47hv0o.jpg",
        "noisy": false,
        "tags": [
            "weak vs strong spongebob",
            "ads",
            "youtube"
        ],
        "Meme Title": "ADS",
        "filename": "47hv0o.jpg"
    },
    {
        "href": "https://imgflip.com/i/532zdv",
        "imgsrc": "https://i.imgflip.com/532zdv.jpg",
        "noisy": false,
        "tags": [
            "weak vs strong spongebob"
        ],
        "Meme Title": "free epic scooby doo pasta",
        "filename": "532zdv.jpg"
    },
    {
        "href": "https://imgflip.com/i/5peg29",
        "imgsrc": "https://i.imgflip.com/5peg29.jpg",
        "noisy": false,
        "tags": [
            "weak vs strong spongebob"
        ],
        "Meme Title": "those gains tho",
        "filename": "5peg29.jpg"
    },
    {
        "href": "https://imgflip.com/i/4xjfob",
        "imgsrc": "https://i.imgflip.com/4xjfob.jpg",
        "noisy": false,
        "tags": [
            "weak vs strong spongebob",
            "memes",
            "school"
        ],
        "Meme Title": "Weak vs Strong Spongebob",
        "filename": "4xjfob.jpg"
    },
    {
        "href": "https://imgflip.com/i/638wo4",
        "imgsrc": "https://i.imgflip.com/638wo4.jpg",
        "noisy": false,
        "tags": [
            "weak vs strong spongebob",
            "amogus",
            "sussy",
            "sussy baka"
        ],
        "Meme Title": "Hm",
        "filename": "638wo4.jpg"
    },
    {
        "href": "https://imgflip.com/i/42gyc0",
        "imgsrc": "https://i.imgflip.com/42gyc0.jpg",
        "noisy": false,
        "tags": [
            "weak vs strong spongebob",
            "memes",
            "funny",
            "minecraft",
            "so true memes"
        ],
        "Meme Title": "Minecraft Redstone engineers",
        "filename": "42gyc0.jpg"
    },
    {
        "href": "https://imgflip.com/i/5gsoug",
        "imgsrc": "https://i.imgflip.com/5gsoug.jpg",
        "noisy": false,
        "tags": [
            "weak vs strong spongebob",
            "roblox meme",
            "so true memes"
        ],
        "Meme Title": "???????????????????\ufe0f????",
        "filename": "5gsoug.jpg"
    },
    {
        "href": "https://imgflip.com/i/48cx6t",
        "imgsrc": "https://i.imgflip.com/48cx6t.jpg",
        "noisy": false,
        "tags": [
            "weak vs strong spongebob",
            "pokemon"
        ],
        "Meme Title": "Weak vs Strong Spongebob",
        "filename": "48cx6t.jpg"
    },
    {
        "href": "https://imgflip.com/i/4xckbi",
        "imgsrc": "https://i.imgflip.com/4xckbi.jpg",
        "noisy": false,
        "tags": [
            "weak vs strong spongebob"
        ],
        "Meme Title": "I haven\u2019t made a meme in a while",
        "filename": "4xckbi.jpg"
    },
    {
        "href": "https://imgflip.com/i/52zqpe",
        "imgsrc": "https://i.imgflip.com/52zqpe.jpg",
        "noisy": false,
        "tags": [
            "weak vs strong spongebob",
            "movies",
            "funny memes"
        ],
        "Meme Title": "movie logic",
        "filename": "52zqpe.jpg"
    },
    {
        "href": "https://imgflip.com/i/63o0zj",
        "imgsrc": "https://i.imgflip.com/63o0zj.jpg",
        "noisy": false,
        "tags": [
            "weak vs strong spongebob"
        ],
        "Meme Title": "winter meme.",
        "filename": "63o0zj.jpg"
    },
    {
        "href": "https://imgflip.com/i/4asl7h",
        "imgsrc": "https://i.imgflip.com/4asl7h.jpg",
        "noisy": false,
        "tags": [
            "weak vs strong spongebob",
            "pokemon",
            "ash ketchum"
        ],
        "Meme Title": "Ash Ketchum's incarnation",
        "filename": "4asl7h.jpg"
    },
    {
        "href": "https://imgflip.com/i/5tiz7c",
        "imgsrc": "https://i.imgflip.com/5tiz7c.jpg",
        "noisy": false,
        "tags": [
            "weak vs strong spongebob"
        ],
        "Meme Title": "mistakes make you stronger",
        "filename": "5tiz7c.jpg"
    },
    {
        "href": "https://imgflip.com/i/595utg",
        "imgsrc": "https://i.imgflip.com/595utg.jpg",
        "noisy": false,
        "tags": [
            "weak vs strong spongebob"
        ],
        "Meme Title": "Very true",
        "filename": "595utg.jpg"
    },
    {
        "href": "https://imgflip.com/i/6fd2sd",
        "imgsrc": "https://i.imgflip.com/6fd2sd.jpg",
        "noisy": false,
        "tags": [
            "weak vs strong spongebob"
        ],
        "Meme Title": "There are no equalities",
        "filename": "6fd2sd.jpg"
    },
    {
        "href": "https://imgflip.com/i/5d5ex6",
        "imgsrc": "https://i.imgflip.com/5d5ex6.jpg",
        "noisy": false,
        "tags": [
            "weak vs strong spongebob"
        ],
        "Meme Title": "Weak vs Strong Spongebob",
        "filename": "5d5ex6.jpg"
    },
    {
        "href": "https://imgflip.com/i/4w51g4",
        "imgsrc": "https://i.imgflip.com/4w51g4.jpg",
        "noisy": false,
        "tags": [
            "weak vs strong spongebob",
            "memes",
            "soup",
            "funny memes"
        ],
        "Meme Title": "Weak vs Strong Spongebob",
        "filename": "4w51g4.jpg"
    },
    {
        "href": "https://imgflip.com/i/5i2rx4",
        "imgsrc": "https://i.imgflip.com/5i2rx4.jpg",
        "noisy": false,
        "tags": [
            "weak vs strong spongebob"
        ],
        "Meme Title": "Corrin be strong",
        "filename": "5i2rx4.jpg"
    },
    {
        "href": "https://imgflip.com/i/527o65",
        "imgsrc": "https://i.imgflip.com/527o65.jpg",
        "noisy": false,
        "tags": [
            "weak vs strong spongebob"
        ],
        "Meme Title": "Weak vs Strong Spongebob",
        "filename": "527o65.jpg"
    },
    {
        "href": "https://imgflip.com/i/6efh1z",
        "imgsrc": "https://i.imgflip.com/6efh1z.jpg",
        "noisy": false,
        "tags": [
            "weak vs strong spongebob",
            "school"
        ],
        "Meme Title": "yudjvgfhjdjxsk",
        "filename": "6efh1z.jpg"
    },
    {
        "href": "https://imgflip.com/i/50zfz6",
        "imgsrc": "https://i.imgflip.com/50zfz6.jpg",
        "noisy": false,
        "tags": [
            "weak vs strong spongebob"
        ],
        "Meme Title": "Weak vs Strong Spongebob",
        "filename": "50zfz6.jpg"
    },
    {
        "href": "https://imgflip.com/i/57fwib",
        "imgsrc": "https://i.imgflip.com/57fwib.jpg",
        "noisy": false,
        "tags": [
            "weak vs strong spongebob"
        ],
        "Meme Title": "sponge",
        "filename": "57fwib.jpg"
    },
    {
        "href": "https://imgflip.com/i/5lujb4",
        "imgsrc": "https://i.imgflip.com/5lujb4.jpg",
        "noisy": false,
        "tags": [
            "weak vs strong spongebob"
        ],
        "Meme Title": "One of the joys of being hard of hearing...",
        "filename": "5lujb4.jpg"
    },
    {
        "href": "https://imgflip.com/i/56shwm",
        "imgsrc": "https://i.imgflip.com/56shwm.jpg",
        "noisy": false,
        "tags": [
            "weak vs strong",
            "spongebob"
        ],
        "Meme Title": "Weak vs Strong Spongebob",
        "filename": "56shwm.jpg"
    },
    {
        "href": "https://imgflip.com/i/56g13j",
        "imgsrc": "https://i.imgflip.com/56g13j.jpg",
        "noisy": false,
        "tags": [
            "weak vs strong spongebob"
        ],
        "Meme Title": "Weak vs Strong Spongebob",
        "filename": "56g13j.jpg"
    },
    {
        "href": "https://imgflip.com/i/55mvuv",
        "imgsrc": "https://i.imgflip.com/55mvuv.jpg",
        "noisy": false,
        "tags": [
            "weak vs strong spongebob"
        ],
        "Meme Title": "Weak vs Strong Spongebob",
        "filename": "55mvuv.jpg"
    },
    {
        "href": "https://imgflip.com/i/5tyrwk",
        "imgsrc": "https://i.imgflip.com/5tyrwk.jpg",
        "noisy": false,
        "tags": [
            "weak vs strong spongebob",
            "youtube"
        ],
        "Meme Title": "Youtube will never remove comment texted dislike",
        "filename": "5tyrwk.jpg"
    },
    {
        "href": "https://imgflip.com/i/4wrh8g",
        "imgsrc": "https://i.imgflip.com/4wrh8g.jpg",
        "noisy": false,
        "tags": [
            "weak vs strong spongebob"
        ],
        "Meme Title": "IM TALKING TO YOU DISNEY",
        "filename": "4wrh8g.jpg"
    },
    {
        "href": "https://imgflip.com/i/5yye8x",
        "imgsrc": "https://i.imgflip.com/5yye8x.jpg",
        "noisy": false,
        "tags": [
            "weak vs strong spongebob"
        ],
        "Meme Title": "UR MEMES:*CLOWN EMOJI* MY MEMES: *STRONG EMOJI* UPVOTE ME NOW IM THE BEST MEME MAKER!!!!!!",
        "filename": "5yye8x.jpg"
    },
    {
        "href": "https://imgflip.com/i/5c9lrc",
        "imgsrc": "https://i.imgflip.com/5c9lrc.jpg",
        "noisy": false,
        "tags": [
            "weak vs strong spongebob"
        ],
        "Meme Title": "Purell approaching the speed of sound",
        "filename": "5c9lrc.jpg"
    },
    {
        "href": "https://imgflip.com/i/6aa31i",
        "imgsrc": "https://i.imgflip.com/6aa31i.jpg",
        "noisy": false,
        "tags": [
            "weak vs strong spongebob"
        ],
        "Meme Title": "All girls school",
        "filename": "6aa31i.jpg"
    },
    {
        "href": "https://imgflip.com/i/3r2cyv",
        "imgsrc": "https://i.imgflip.com/3r2cyv.jpg",
        "noisy": false,
        "tags": [
            "weak vs strong spongebob"
        ],
        "Meme Title": "Weak vs Strong Spongebob",
        "filename": "3r2cyv.jpg"
    },
    {
        "href": "https://imgflip.com/i/6axvxt",
        "imgsrc": "https://i.imgflip.com/6axvxt.jpg",
        "noisy": false,
        "tags": [
            "weak vs strong spongebob"
        ],
        "Meme Title": "novice vs varsity",
        "filename": "6axvxt.jpg"
    },
    {
        "href": "https://imgflip.com/i/4a5x2w",
        "imgsrc": "https://i.imgflip.com/4a5x2w.jpg",
        "noisy": false,
        "tags": [
            "weak vs strong spongebob"
        ],
        "Meme Title": "Weak vs Strong Spongebob",
        "filename": "4a5x2w.jpg"
    },
    {
        "href": "https://imgflip.com/i/599boa",
        "imgsrc": "https://i.imgflip.com/599boa.jpg",
        "noisy": false,
        "tags": [
            "weak vs strong spongebob"
        ],
        "Meme Title": "black ops clod war in a nutshell",
        "filename": "599boa.jpg"
    },
    {
        "href": "https://imgflip.com/i/5axa7w",
        "imgsrc": "https://i.imgflip.com/5axa7w.jpg",
        "noisy": false,
        "tags": [
            "weak vs strong spongebob"
        ],
        "Meme Title": "Sponge",
        "filename": "5axa7w.jpg"
    },
    {
        "href": "https://imgflip.com/i/66qp1e",
        "imgsrc": "https://i.imgflip.com/66qp1e.jpg",
        "noisy": false,
        "tags": [
            "weak vs strong spongebob",
            "science",
            "cells at work",
            "memes",
            "funny"
        ],
        "Meme Title": "Cells at Work",
        "filename": "66qp1e.jpg"
    },
    {
        "href": "https://imgflip.com/i/4rg8en",
        "imgsrc": "https://i.imgflip.com/4rg8en.jpg",
        "noisy": false,
        "tags": [
            "weak vs strong spongebob"
        ],
        "Meme Title": "fall guys vs among us",
        "filename": "4rg8en.jpg"
    },
    {
        "href": "https://imgflip.com/i/4hcpve",
        "imgsrc": "https://i.imgflip.com/4hcpve.jpg",
        "noisy": false,
        "tags": [
            "weak vs strong spongebob",
            "hero factory",
            "spongebob",
            "vapor",
            "rotor",
            "lego"
        ],
        "Meme Title": "Vapor is weak, Rotor is strong...",
        "filename": "4hcpve.jpg"
    },
    {
        "href": "https://imgflip.com/i/58coty",
        "imgsrc": "https://i.imgflip.com/58coty.jpg",
        "noisy": false,
        "tags": [
            "weak vs strong spongebob"
        ],
        "Meme Title": "Weak vs Strong Spongebob",
        "filename": "58coty.jpg"
    },
    {
        "href": "https://imgflip.com/i/5d232j",
        "imgsrc": "https://i.imgflip.com/5d232j.jpg",
        "noisy": false,
        "tags": [
            "weak vs strong spongebob"
        ],
        "Meme Title": "Weak vs Strong Spongebob",
        "filename": "5d232j.jpg"
    },
    {
        "href": "https://imgflip.com/i/5syb7i",
        "imgsrc": "https://i.imgflip.com/5syb7i.jpg",
        "noisy": false,
        "tags": [
            "weak vs strong spongebob"
        ],
        "Meme Title": "just a fun fact",
        "filename": "5syb7i.jpg"
    },
    {
        "href": "https://imgflip.com/i/4ezr50",
        "imgsrc": "https://i.imgflip.com/4ezr50.jpg",
        "noisy": false,
        "tags": [
            "weak vs strong spongebob"
        ],
        "Meme Title": "Weak vs Strong Spongebob",
        "filename": "4ezr50.jpg"
    },
    {
        "href": "https://imgflip.com/i/4ggfbr",
        "imgsrc": "https://i.imgflip.com/4ggfbr.jpg",
        "noisy": false,
        "tags": [
            "weak vs strong spongebob"
        ],
        "Meme Title": "LOL",
        "filename": "4ggfbr.jpg"
    },
    {
        "href": "https://imgflip.com/i/570rl3",
        "imgsrc": "https://i.imgflip.com/570rl3.jpg",
        "noisy": false,
        "tags": [
            "weak vs strong spongebob"
        ],
        "Meme Title": "covid",
        "filename": "570rl3.jpg"
    },
    {
        "href": "https://imgflip.com/i/56yflz",
        "imgsrc": "https://i.imgflip.com/56yflz.jpg",
        "noisy": false,
        "tags": [
            "weak vs strong spongebob"
        ],
        "Meme Title": "John wick be like",
        "filename": "56yflz.jpg"
    },
    {
        "href": "https://imgflip.com/i/5rz531",
        "imgsrc": "https://i.imgflip.com/5rz531.jpg",
        "noisy": false,
        "tags": [
            "weak vs strong spongebob"
        ],
        "Meme Title": "Roman Numerals Vs Algebra",
        "filename": "5rz531.jpg"
    },
    {
        "href": "https://imgflip.com/i/5avcj9",
        "imgsrc": "https://i.imgflip.com/5avcj9.jpg",
        "noisy": false,
        "tags": [
            "weak vs strong spongebob",
            "friday night funkin",
            "fnf"
        ],
        "Meme Title": "Me Playing Tricky vs Me Playing Beatstreets tricky",
        "filename": "5avcj9.jpg"
    },
    {
        "href": "https://imgflip.com/i/55nsoe",
        "imgsrc": "https://i.imgflip.com/55nsoe.jpg",
        "noisy": false,
        "tags": [
            "weak vs strong spongebob"
        ],
        "Meme Title": "Weak vs Strong Spongebob",
        "filename": "55nsoe.jpg"
    },
    {
        "href": "https://imgflip.com/i/5rjti6",
        "imgsrc": "https://i.imgflip.com/5rjti6.jpg",
        "noisy": false,
        "tags": [
            "weak vs strong spongebob"
        ],
        "Meme Title": "Weak vs Strong Spongebob",
        "filename": "5rjti6.jpg"
    },
    {
        "href": "https://imgflip.com/i/6640jd",
        "imgsrc": "https://i.imgflip.com/6640jd.jpg",
        "noisy": false,
        "tags": [
            "weak vs strong spongebob",
            "roblox",
            "me vs dad",
            "samsung"
        ],
        "Meme Title": "My Samsung tablet vs my dad Samsung phone",
        "filename": "6640jd.jpg"
    },
    {
        "href": "https://imgflip.com/i/51a3w5",
        "imgsrc": "https://i.imgflip.com/51a3w5.jpg",
        "noisy": false,
        "tags": [
            "weak vs strong spongebob"
        ],
        "Meme Title": "Weak vs Strong Spongebob",
        "filename": "51a3w5.jpg"
    },
    {
        "href": "https://imgflip.com/i/659qym",
        "imgsrc": "https://i.imgflip.com/659qym.jpg",
        "noisy": false,
        "tags": [
            "weak vs strong spongebob"
        ],
        "Meme Title": "Pokemon Gen 4 Remakes",
        "filename": "659qym.jpg"
    },
    {
        "href": "https://imgflip.com/i/64xyau",
        "imgsrc": "https://i.imgflip.com/64xyau.jpg",
        "noisy": false,
        "tags": [
            "weak vs strong spongebob"
        ],
        "Meme Title": "csgo > valorant",
        "filename": "64xyau.jpg"
    },
    {
        "href": "https://imgflip.com/i/4ppovu",
        "imgsrc": "https://i.imgflip.com/4ppovu.jpg",
        "noisy": false,
        "tags": [
            "weak vs strong spongebob"
        ],
        "Meme Title": "bendys",
        "filename": "4ppovu.jpg"
    },
    {
        "href": "https://imgflip.com/i/5nzvib",
        "imgsrc": "https://i.imgflip.com/5nzvib.jpg",
        "noisy": false,
        "tags": [
            "weak vs strong spongebob"
        ],
        "Meme Title": "Nuclear power",
        "filename": "5nzvib.jpg"
    },
    {
        "href": "https://imgflip.com/i/5avkqd",
        "imgsrc": "https://i.imgflip.com/5avkqd.jpg",
        "noisy": false,
        "tags": [
            "weak vs strong spongebob"
        ],
        "Meme Title": "SMPS from the start then one week later",
        "filename": "5avkqd.jpg"
    },
    {
        "href": "https://imgflip.com/i/5brp86",
        "imgsrc": "https://i.imgflip.com/5brp86.jpg",
        "noisy": false,
        "tags": [
            "weak vs strong spongebob"
        ],
        "Meme Title": "Weak vs Strong Spongebob",
        "filename": "5brp86.jpg"
    },
    {
        "href": "https://imgflip.com/i/4yoczh",
        "imgsrc": "https://i.imgflip.com/4yoczh.jpg",
        "noisy": false,
        "tags": [
            "weak vs strong spongebob",
            "spongebob"
        ],
        "Meme Title": "Spongebob",
        "filename": "4yoczh.jpg"
    },
    {
        "href": "https://imgflip.com/i/46k8xh",
        "imgsrc": "https://i.imgflip.com/46k8xh.jpg",
        "noisy": false,
        "tags": [
            "weak vs strong spongebob"
        ],
        "Meme Title": "Weak vs Strong Spongebob",
        "filename": "46k8xh.jpg"
    },
    {
        "href": "https://imgflip.com/i/473avd",
        "imgsrc": "https://i.imgflip.com/473avd.jpg",
        "noisy": false,
        "tags": [
            "weak vs strong spongebob"
        ],
        "Meme Title": "Weak vs Strong Spongebob",
        "filename": "473avd.jpg"
    },
    {
        "href": "https://imgflip.com/i/64h3dx",
        "imgsrc": "https://i.imgflip.com/64h3dx.jpg",
        "noisy": false,
        "tags": [
            "weak vs strong spongebob"
        ],
        "Meme Title": "Weak vs Strong Spongebob",
        "filename": "64h3dx.jpg"
    },
    {
        "href": "https://imgflip.com/i/4mkwxe",
        "imgsrc": "https://i.imgflip.com/4mkwxe.jpg",
        "noisy": false,
        "tags": [
            "weak vs strong spongebob"
        ],
        "Meme Title": "Johhny Lawrence",
        "filename": "4mkwxe.jpg"
    },
    {
        "href": "https://imgflip.com/i/5yohrw",
        "imgsrc": "https://i.imgflip.com/5yohrw.jpg",
        "noisy": false,
        "tags": [
            "weak vs strong spongebob"
        ],
        "Meme Title": "Weak vs Strong Spongebob",
        "filename": "5yohrw.jpg"
    },
    {
        "href": "https://imgflip.com/i/58tbfb",
        "imgsrc": "https://i.imgflip.com/58tbfb.jpg",
        "noisy": false,
        "tags": [
            "weak vs strong spongebob"
        ],
        "Meme Title": "Weak vs Strong Spongebob",
        "filename": "58tbfb.jpg"
    },
    {
        "href": "https://imgflip.com/i/5jlr7z",
        "imgsrc": "https://i.imgflip.com/5jlr7z.jpg",
        "noisy": false,
        "tags": [
            "memes",
            "weak vs strong spongebob",
            "language",
            "so true meme"
        ],
        "Meme Title": "Japanese is the worst",
        "filename": "5jlr7z.jpg"
    },
    {
        "href": "https://imgflip.com/i/54h2kg",
        "imgsrc": "https://i.imgflip.com/54h2kg.jpg",
        "noisy": false,
        "tags": [
            "weak vs strong spongebob"
        ],
        "Meme Title": "Minecraft Meme",
        "filename": "54h2kg.jpg"
    },
    {
        "href": "https://imgflip.com/i/42u9eh",
        "imgsrc": "https://i.imgflip.com/42u9eh.jpg",
        "noisy": false,
        "tags": [
            "weak vs strong spongebob"
        ],
        "Meme Title": "pandemic usa",
        "filename": "42u9eh.jpg"
    },
    {
        "href": "https://imgflip.com/i/4t41g7",
        "imgsrc": "https://i.imgflip.com/4t41g7.jpg",
        "noisy": false,
        "tags": [
            "weak vs strong spongebob"
        ],
        "Meme Title": "how do heros win like this?",
        "filename": "4t41g7.jpg"
    },
    {
        "href": "https://imgflip.com/i/56jlvg",
        "imgsrc": "https://i.imgflip.com/56jlvg.jpg",
        "noisy": false,
        "tags": [
            "weak vs strong spongebob",
            "byskeskolan-memes"
        ],
        "Meme Title": "stockholm vs norrland",
        "filename": "56jlvg.jpg"
    },
    {
        "href": "https://imgflip.com/i/4uwjpg",
        "imgsrc": "https://i.imgflip.com/4uwjpg.jpg",
        "noisy": false,
        "tags": [
            "weak vs strong spongebob"
        ],
        "Meme Title": "Weak vs Strong Spongebob",
        "filename": "4uwjpg.jpg"
    },
    {
        "href": "https://imgflip.com/i/3trtwn",
        "imgsrc": "https://i.imgflip.com/3trtwn.jpg",
        "noisy": false,
        "tags": [
            "weak vs strong spongebob"
        ],
        "Meme Title": "Weak vs Strong Spongebob",
        "filename": "3trtwn.jpg"
    },
    {
        "href": "https://imgflip.com/i/5fb855",
        "imgsrc": "https://i.imgflip.com/5fb855.jpg",
        "noisy": false,
        "tags": [
            "weak vs strong spongebob"
        ],
        "Meme Title": "Chess be like",
        "filename": "5fb855.jpg"
    },
    {
        "href": "https://imgflip.com/i/5uampq",
        "imgsrc": "https://i.imgflip.com/5uampq.jpg",
        "noisy": false,
        "tags": [
            "weak vs strong spongebob"
        ],
        "Meme Title": "Life is full of lies",
        "filename": "5uampq.jpg"
    },
    {
        "href": "https://imgflip.com/i/4m4gut",
        "imgsrc": "https://i.imgflip.com/4m4gut.jpg",
        "noisy": false,
        "tags": [
            "weak vs strong spongebob"
        ],
        "Meme Title": "because we gotta thank them mods.",
        "filename": "4m4gut.jpg"
    },
    {
        "href": "https://imgflip.com/i/5ctwrn",
        "imgsrc": "https://i.imgflip.com/5ctwrn.jpg",
        "noisy": false,
        "tags": [
            "weak vs strong spongebob"
        ],
        "Meme Title": "Funny history meme",
        "filename": "5ctwrn.jpg"
    },
    {
        "href": "https://imgflip.com/i/4152jl",
        "imgsrc": "https://i.imgflip.com/4152jl.jpg",
        "noisy": false,
        "tags": [
            "weak vs strong spongebob"
        ],
        "Meme Title": "Weak vs Strong Spongebob",
        "filename": "4152jl.jpg"
    },
    {
        "href": "https://imgflip.com/i/47hxxz",
        "imgsrc": "https://i.imgflip.com/47hxxz.jpg",
        "noisy": false,
        "tags": [
            "weak vs strong spongebob"
        ],
        "Meme Title": "Public VS Private",
        "filename": "47hxxz.jpg"
    },
    {
        "href": "https://imgflip.com/i/579kkb",
        "imgsrc": "https://i.imgflip.com/579kkb.jpg",
        "noisy": false,
        "tags": [
            "weak vs strong spongebob"
        ],
        "Meme Title": "Weak vs Strong Spongebob",
        "filename": "579kkb.jpg"
    },
    {
        "href": "https://imgflip.com/i/5asj7s",
        "imgsrc": "https://i.imgflip.com/5asj7s.jpg",
        "noisy": false,
        "tags": [
            "weak vs strong spongebob"
        ],
        "Meme Title": "Weak vs Strong Spongebob",
        "filename": "5asj7s.jpg"
    },
    {
        "href": "https://imgflip.com/i/5aln4l",
        "imgsrc": "https://i.imgflip.com/5aln4l.jpg",
        "noisy": false,
        "tags": [
            "weak vs strong spongebob"
        ],
        "Meme Title": "Weak vs Strong Spongebob",
        "filename": "5aln4l.jpg"
    },
    {
        "href": "https://imgflip.com/i/57mcna",
        "imgsrc": "https://i.imgflip.com/57mcna.jpg",
        "noisy": false,
        "tags": [
            "weak vs strong spongebob"
        ],
        "Meme Title": "Weak vs Strong Spongebob",
        "filename": "57mcna.jpg"
    },
    {
        "href": "https://imgflip.com/i/55k5k6",
        "imgsrc": "https://i.imgflip.com/55k5k6.jpg",
        "noisy": false,
        "tags": [
            "weak vs strong spongebob"
        ],
        "Meme Title": "Code by yourself vs stack overflow",
        "filename": "55k5k6.jpg"
    },
    {
        "href": "https://imgflip.com/i/3svkjc",
        "imgsrc": "https://i.imgflip.com/3svkjc.jpg",
        "noisy": false,
        "tags": [
            "weak vs strong spongebob",
            "minecraft",
            "herobrine"
        ],
        "Meme Title": "Herobrine then vs now",
        "filename": "3svkjc.jpg"
    },
    {
        "href": "https://imgflip.com/i/4s1h16",
        "imgsrc": "https://i.imgflip.com/4s1h16.jpg",
        "noisy": false,
        "tags": [
            "weak vs strong spongebob"
        ],
        "Meme Title": "Especially small ones",
        "filename": "4s1h16.jpg"
    },
    {
        "href": "https://imgflip.com/i/5u5ihu",
        "imgsrc": "https://i.imgflip.com/5u5ihu.jpg",
        "noisy": false,
        "tags": [
            "weak vs strong spongebob"
        ],
        "Meme Title": "a little weak",
        "filename": "5u5ihu.jpg"
    },
    {
        "href": "https://imgflip.com/i/599tpn",
        "imgsrc": "https://i.imgflip.com/599tpn.jpg",
        "noisy": false,
        "tags": [
            "weak vs strong spongebob"
        ],
        "Meme Title": "Which is better",
        "filename": "599tpn.jpg"
    },
    {
        "href": "https://imgflip.com/i/4c0mxu",
        "imgsrc": "https://i.imgflip.com/4c0mxu.jpg",
        "noisy": false,
        "tags": [
            "weak vs strong spongebob"
        ],
        "Meme Title": "Weak vs Strong Spongebob",
        "filename": "4c0mxu.jpg"
    },
    {
        "href": "https://imgflip.com/i/5n4vju",
        "imgsrc": "https://i.imgflip.com/5n4vju.jpg",
        "noisy": false,
        "tags": [
            "weak vs strong spongebob"
        ],
        "Meme Title": "Weak vs Strong Spongebob",
        "filename": "5n4vju.jpg"
    },
    {
        "href": "https://imgflip.com/i/4p31ew",
        "imgsrc": "https://i.imgflip.com/4p31ew.jpg",
        "noisy": false,
        "tags": [
            "weak vs strong spongebob"
        ],
        "Meme Title": "Daily meme I've lost count",
        "filename": "4p31ew.jpg"
    },
    {
        "href": "https://imgflip.com/i/4m3ehr",
        "imgsrc": "https://i.imgflip.com/4m3ehr.jpg",
        "noisy": false,
        "tags": [
            "weak vs strong spongebob"
        ],
        "Meme Title": "Weak vs Strong Spongebob",
        "filename": "4m3ehr.jpg"
    },
    {
        "href": "https://imgflip.com/i/5ssckt",
        "imgsrc": "https://i.imgflip.com/5ssckt.jpg",
        "noisy": false,
        "tags": [
            "weak vs strong spongebob"
        ],
        "Meme Title": "Weet-box eaten differently",
        "filename": "5ssckt.jpg"
    },
    {
        "href": "https://imgflip.com/i/4odo21",
        "imgsrc": "https://i.imgflip.com/4odo21.jpg",
        "noisy": false,
        "tags": [
            "weak vs strong spongebob"
        ],
        "Meme Title": "Weak vs Strong Spongebob",
        "filename": "4odo21.jpg"
    },
    {
        "href": "https://imgflip.com/i/4od33s",
        "imgsrc": "https://i.imgflip.com/4od33s.jpg",
        "noisy": false,
        "tags": [
            "weak vs strong spongebob"
        ],
        "Meme Title": "Weak vs Strong Spongebob",
        "filename": "4od33s.jpg"
    },
    {
        "href": "https://imgflip.com/i/55obdj",
        "imgsrc": "https://i.imgflip.com/55obdj.jpg",
        "noisy": false,
        "tags": [
            "weak vs strong spongebob"
        ],
        "Meme Title": "Weak vs Strong Spongebob",
        "filename": "55obdj.jpg"
    },
    {
        "href": "https://imgflip.com/i/55s6f9",
        "imgsrc": "https://i.imgflip.com/55s6f9.jpg",
        "noisy": false,
        "tags": [
            "weak vs strong spongebob"
        ],
        "Meme Title": "Is this true?",
        "filename": "55s6f9.jpg"
    },
    {
        "href": "https://imgflip.com/i/5oy3qv",
        "imgsrc": "https://i.imgflip.com/5oy3qv.jpg",
        "noisy": false,
        "tags": [
            "weak vs strong spongebob"
        ],
        "Meme Title": "Weak vs strong Patrick",
        "filename": "5oy3qv.jpg"
    },
    {
        "href": "https://imgflip.com/i/3nrit5",
        "imgsrc": "https://i.imgflip.com/3nrit5.jpg",
        "noisy": false,
        "tags": [
            "weak vs strong spongebob"
        ],
        "Meme Title": "Weak vs Strong Spongebob",
        "filename": "3nrit5.jpg"
    },
    {
        "href": "https://imgflip.com/i/5jsci5",
        "imgsrc": "https://i.imgflip.com/5jsci5.jpg",
        "noisy": false,
        "tags": [
            "weak vs strong spongebob"
        ],
        "Meme Title": "Weak vs Strong Spongebob",
        "filename": "5jsci5.jpg"
    },
    {
        "href": "https://imgflip.com/i/4jak6y",
        "imgsrc": "https://i.imgflip.com/4jak6y.jpg",
        "noisy": false,
        "tags": [
            "weak vs strong spongebob"
        ],
        "Meme Title": "Weak vs Strong Spongebob",
        "filename": "4jak6y.jpg"
    },
    {
        "href": "https://imgflip.com/i/4ikldy",
        "imgsrc": "https://i.imgflip.com/4ikldy.jpg",
        "noisy": false,
        "tags": [
            "weak vs strong spongebob"
        ],
        "Meme Title": "My hidden side",
        "filename": "4ikldy.jpg"
    },
    {
        "href": "https://imgflip.com/i/3zjuy0",
        "imgsrc": "https://i.imgflip.com/3zjuy0.jpg",
        "noisy": false,
        "tags": [
            "weak vs strong spongebob"
        ],
        "Meme Title": "Weak vs Strong Spongebob",
        "filename": "3zjuy0.jpg"
    },
    {
        "href": "https://imgflip.com/i/473q7r",
        "imgsrc": "https://i.imgflip.com/473q7r.jpg",
        "noisy": false,
        "tags": [
            "weak vs strong spongebob"
        ],
        "Meme Title": "Weak vs Strong Spongebob",
        "filename": "473q7r.jpg"
    },
    {
        "href": "https://imgflip.com/i/4fwtul",
        "imgsrc": "https://i.imgflip.com/4fwtul.jpg",
        "noisy": false,
        "tags": [
            "weak vs strong spongebob",
            "imgflip",
            "fun",
            "upvote if you agree"
        ],
        "Meme Title": "True",
        "filename": "4fwtul.jpg"
    },
    {
        "href": "https://imgflip.com/i/417666",
        "imgsrc": "https://i.imgflip.com/417666.jpg",
        "noisy": false,
        "tags": [
            "weak vs strong spongebob"
        ],
        "Meme Title": "Weak vs Strong Spongebob",
        "filename": "417666.jpg"
    },
    {
        "href": "https://imgflip.com/i/5kxqyb",
        "imgsrc": "https://i.imgflip.com/5kxqyb.jpg",
        "noisy": false,
        "tags": [
            "weak vs strong spongebob",
            "youtube",
            "spongebob"
        ],
        "Meme Title": "1 minute too long",
        "filename": "5kxqyb.jpg"
    },
    {
        "href": "https://imgflip.com/i/3ktqs9",
        "imgsrc": "https://i.imgflip.com/3ktqs9.jpg",
        "noisy": false,
        "tags": [
            "weak vs strong spongebob"
        ],
        "Meme Title": "Weak vs Strong Spongebob",
        "filename": "3ktqs9.jpg"
    },
    {
        "href": "https://imgflip.com/i/4hy1mz",
        "imgsrc": "https://i.imgflip.com/4hy1mz.jpg",
        "noisy": false,
        "tags": [
            "weak vs strong spongebob"
        ],
        "Meme Title": "c l i c k i n t h e upvote plz",
        "filename": "4hy1mz.jpg"
    },
    {
        "href": "https://imgflip.com/i/4co2n9",
        "imgsrc": "https://i.imgflip.com/4co2n9.jpg",
        "noisy": false,
        "tags": [
            "weak vs strong spongebob"
        ],
        "Meme Title": "its so annoying",
        "filename": "4co2n9.jpg"
    },
    {
        "href": "https://imgflip.com/i/5fpdxr",
        "imgsrc": "https://i.imgflip.com/5fpdxr.jpg",
        "noisy": false,
        "tags": [
            "weak vs strong spongebob"
        ],
        "Meme Title": "Weak vs Strong Spongebob",
        "filename": "5fpdxr.jpg"
    },
    {
        "href": "https://imgflip.com/i/3g5d83",
        "imgsrc": "https://i.imgflip.com/3g5d83.jpg",
        "noisy": false,
        "tags": [
            "weak vs strong spongebob"
        ],
        "Meme Title": "Weak vs Strong Spongebob",
        "filename": "3g5d83.jpg"
    },
    {
        "href": "https://imgflip.com/i/50iydh",
        "imgsrc": "https://i.imgflip.com/50iydh.jpg",
        "noisy": false,
        "tags": [
            "weak vs strong spongebob"
        ],
        "Meme Title": "Joe says so",
        "filename": "50iydh.jpg"
    },
    {
        "href": "https://imgflip.com/i/5irf19",
        "imgsrc": "https://i.imgflip.com/5irf19.jpg",
        "noisy": false,
        "tags": [
            "weak vs strong spongebob",
            "spongebob"
        ],
        "Meme Title": "Lockdown spongebob",
        "filename": "5irf19.jpg"
    },
    {
        "href": "https://imgflip.com/i/5fl5bp",
        "imgsrc": "https://i.imgflip.com/5fl5bp.jpg",
        "noisy": false,
        "tags": [
            "weak vs strong spongebob"
        ],
        "Meme Title": "mobile game ads",
        "filename": "5fl5bp.jpg"
    },
    {
        "href": "https://imgflip.com/i/4kiilh",
        "imgsrc": "https://i.imgflip.com/4kiilh.jpg",
        "noisy": false,
        "tags": [
            "weak vs strong spongebob"
        ],
        "Meme Title": "Weak vs Strong Spongebob",
        "filename": "4kiilh.jpg"
    },
    {
        "href": "https://imgflip.com/i/3x1xrl",
        "imgsrc": "https://i.imgflip.com/3x1xrl.jpg",
        "noisy": false,
        "tags": [
            "weak vs strong spongebob"
        ],
        "Meme Title": "Weak vs Strong Spongebob",
        "filename": "3x1xrl.jpg"
    },
    {
        "href": "https://imgflip.com/i/3wpaep",
        "imgsrc": "https://i.imgflip.com/3wpaep.jpg",
        "noisy": false,
        "tags": [
            "weak vs strong spongebob"
        ],
        "Meme Title": "Weak vs Strong Spongebob",
        "filename": "3wpaep.jpg"
    },
    {
        "href": "https://imgflip.com/i/5d2z9h",
        "imgsrc": "https://i.imgflip.com/5d2z9h.jpg",
        "noisy": false,
        "tags": [
            "weak vs strong spongebob"
        ],
        "Meme Title": "Weak vs Strong Spongebob",
        "filename": "5d2z9h.jpg"
    },
    {
        "href": "https://imgflip.com/i/3ua9ii",
        "imgsrc": "https://i.imgflip.com/3ua9ii.jpg",
        "noisy": false,
        "tags": [
            "weak vs strong spongebob"
        ],
        "Meme Title": "Weak vs Strong Spongebob",
        "filename": "3ua9ii.jpg"
    },
    {
        "href": "https://imgflip.com/i/4a9eib",
        "imgsrc": "https://i.imgflip.com/4a9eib.jpg",
        "noisy": false,
        "tags": [
            "weak vs strong spongebob"
        ],
        "Meme Title": "Weak vs Strong Spongebob",
        "filename": "4a9eib.jpg"
    },
    {
        "href": "https://imgflip.com/i/3mgfai",
        "imgsrc": "https://i.imgflip.com/3mgfai.jpg",
        "noisy": false,
        "tags": [
            "weak vs strong spongebob"
        ],
        "Meme Title": "Weak vs Strong Spongebob",
        "filename": "3mgfai.jpg"
    },
    {
        "href": "https://imgflip.com/i/4e6sl4",
        "imgsrc": "https://i.imgflip.com/4e6sl4.jpg",
        "noisy": false,
        "tags": [
            "weak vs strong spongebob"
        ],
        "Meme Title": "Weak vs Strong Spongebob",
        "filename": "4e6sl4.jpg"
    },
    {
        "href": "https://imgflip.com/i/47khj9",
        "imgsrc": "https://i.imgflip.com/47khj9.jpg",
        "noisy": false,
        "tags": [
            "weak vs strong spongebob"
        ],
        "Meme Title": "Boris from Batim",
        "filename": "47khj9.jpg"
    },
    {
        "href": "https://imgflip.com/i/585lyu",
        "imgsrc": "https://i.imgflip.com/585lyu.jpg",
        "noisy": false,
        "tags": [
            "weak vs strong spongebob"
        ],
        "Meme Title": "Weak vs Strong Spongebob",
        "filename": "585lyu.jpg"
    },
    {
        "href": "https://imgflip.com/i/578ftt",
        "imgsrc": "https://i.imgflip.com/578ftt.jpg",
        "noisy": false,
        "tags": [
            "weak vs strong spongebob"
        ],
        "Meme Title": "Weak vs Strong Spongebob",
        "filename": "578ftt.jpg"
    },
    {
        "href": "https://imgflip.com/i/4aa0bc",
        "imgsrc": "https://i.imgflip.com/4aa0bc.jpg",
        "noisy": false,
        "tags": [
            "weak vs strong spongebob"
        ],
        "Meme Title": "Weak vs Strong Spongebob",
        "filename": "4aa0bc.jpg"
    },
    {
        "href": "https://imgflip.com/i/49dom0",
        "imgsrc": "https://i.imgflip.com/49dom0.jpg",
        "noisy": false,
        "tags": [
            "weak vs strong spongebob"
        ],
        "Meme Title": "Weak vs Strong Spongebob",
        "filename": "49dom0.jpg"
    },
    {
        "href": "https://imgflip.com/i/3k7lfb",
        "imgsrc": "https://i.imgflip.com/3k7lfb.jpg",
        "noisy": false,
        "tags": [
            "weak vs strong spongebob"
        ],
        "Meme Title": "Weak vs Strong Spongebob",
        "filename": "3k7lfb.jpg"
    },
    {
        "href": "https://imgflip.com/i/54z77g",
        "imgsrc": "https://i.imgflip.com/54z77g.jpg",
        "noisy": false,
        "tags": [
            "weak vs strong spongebob"
        ],
        "Meme Title": "Weak vs Strong Spongebob",
        "filename": "54z77g.jpg"
    },
    {
        "href": "https://imgflip.com/i/54nzp7",
        "imgsrc": "https://i.imgflip.com/54nzp7.jpg",
        "noisy": false,
        "tags": [
            "weak vs strong spongebob"
        ],
        "Meme Title": "I don't know why",
        "filename": "54nzp7.jpg"
    },
    {
        "href": "https://imgflip.com/i/46octv",
        "imgsrc": "https://i.imgflip.com/46octv.jpg",
        "noisy": false,
        "tags": [
            "weak vs strong spongebob"
        ],
        "Meme Title": "i dunno",
        "filename": "46octv.jpg"
    },
    {
        "href": "https://imgflip.com/i/46fgmd",
        "imgsrc": "https://i.imgflip.com/46fgmd.jpg",
        "noisy": false,
        "tags": [
            "weak vs strong spongebob",
            "funny"
        ],
        "Meme Title": "Russians in general",
        "filename": "46fgmd.jpg"
    },
    {
        "href": "https://imgflip.com/i/53t0be",
        "imgsrc": "https://i.imgflip.com/53t0be.jpg",
        "noisy": false,
        "tags": [
            "weak vs strong spongebob"
        ],
        "Meme Title": "Weak vs Strong Spongebob",
        "filename": "53t0be.jpg"
    },
    {
        "href": "https://imgflip.com/i/3c6kqt",
        "imgsrc": "https://i.imgflip.com/3c6kqt.jpg",
        "noisy": false,
        "tags": [
            "weak vs strong spongebob"
        ],
        "Meme Title": "Weak vs Strong Spongebob",
        "filename": "3c6kqt.jpg"
    },
    {
        "href": "https://imgflip.com/i/43my3j",
        "imgsrc": "https://i.imgflip.com/43my3j.jpg",
        "noisy": false,
        "tags": [
            "weak vs strong spongebob"
        ],
        "Meme Title": "Weak vs Strong Spongebob",
        "filename": "43my3j.jpg"
    },
    {
        "href": "https://imgflip.com/i/4zg9vh",
        "imgsrc": "https://i.imgflip.com/4zg9vh.jpg",
        "noisy": false,
        "tags": [
            "weak vs strong spongebob",
            "funny memes"
        ],
        "Meme Title": "red sus",
        "filename": "4zg9vh.jpg"
    },
    {
        "href": "https://imgflip.com/i/4zja8u",
        "imgsrc": "https://i.imgflip.com/4zja8u.jpg",
        "noisy": false,
        "tags": [
            "weak vs strong spongebob"
        ],
        "Meme Title": "Weak vs Strong Spongebob",
        "filename": "4zja8u.jpg"
    },
    {
        "href": "https://imgflip.com/i/3l7b6z",
        "imgsrc": "https://i.imgflip.com/3l7b6z.jpg",
        "noisy": false,
        "tags": [
            "weak vs strong spongebob"
        ],
        "Meme Title": "Weak vs Strong Spongebob",
        "filename": "3l7b6z.jpg"
    },
    {
        "href": "https://imgflip.com/i/4xe7tp",
        "imgsrc": "https://i.imgflip.com/4xe7tp.jpg",
        "noisy": false,
        "tags": [
            "weak vs strong spongebob"
        ],
        "Meme Title": "Weak vs Strong Spongebob",
        "filename": "4xe7tp.jpg"
    },
    {
        "href": "https://imgflip.com/i/3wq09x",
        "imgsrc": "https://i.imgflip.com/3wq09x.jpg",
        "noisy": false,
        "tags": [
            "weak vs strong spongebob"
        ],
        "Meme Title": "Weak vs Strong Spongebob",
        "filename": "3wq09x.jpg"
    },
    {
        "href": "https://imgflip.com/i/3q8afn",
        "imgsrc": "https://i.imgflip.com/3q8afn.jpg",
        "noisy": false,
        "tags": [
            "weak vs strong spongebob"
        ],
        "Meme Title": "Weak vs Strong Spongebob",
        "filename": "3q8afn.jpg"
    },
    {
        "href": "https://imgflip.com/i/4u0x3d",
        "imgsrc": "https://i.imgflip.com/4u0x3d.jpg",
        "noisy": false,
        "tags": [
            "weak vs strong spongebob"
        ],
        "Meme Title": "Weak vs Strong Spongebob",
        "filename": "4u0x3d.jpg"
    },
    {
        "href": "https://imgflip.com/i/3q04w9",
        "imgsrc": "https://i.imgflip.com/3q04w9.jpg",
        "noisy": false,
        "tags": [
            "weak vs strong spongebob"
        ],
        "Meme Title": "Weak vs Strong Spongebob",
        "filename": "3q04w9.jpg"
    },
    {
        "href": "https://imgflip.com/i/3ogu6a",
        "imgsrc": "https://i.imgflip.com/3ogu6a.jpg",
        "noisy": false,
        "tags": [
            "weak vs strong spongebob"
        ],
        "Meme Title": "Weak vs Strong Spongebob",
        "filename": "3ogu6a.jpg"
    },
    {
        "href": "https://imgflip.com/i/3m55o2",
        "imgsrc": "https://i.imgflip.com/3m55o2.jpg",
        "noisy": false,
        "tags": [
            "weak vs strong spongebob"
        ],
        "Meme Title": "Weak vs Strong Spongebob",
        "filename": "3m55o2.jpg"
    },
    {
        "href": "https://imgflip.com/i/4oqruz",
        "imgsrc": "https://i.imgflip.com/4oqruz.jpg",
        "noisy": false,
        "tags": [
            "weak vs strong spongebob"
        ],
        "Meme Title": "Weak vs Strong Spongebob",
        "filename": "4oqruz.jpg"
    },
    {
        "href": "https://imgflip.com/i/4n08ga",
        "imgsrc": "https://i.imgflip.com/4n08ga.jpg",
        "noisy": false,
        "tags": [
            "weak vs strong spongebob",
            "memes",
            "phones",
            "iphone"
        ],
        "Meme Title": "Weak vs Strong Spongebob",
        "filename": "4n08ga.jpg"
    },
    {
        "href": "https://imgflip.com/i/4jkadp",
        "imgsrc": "https://i.imgflip.com/4jkadp.jpg",
        "noisy": false,
        "tags": [
            "weak vs strong spongebob"
        ],
        "Meme Title": "Weak vs Strong Spongebob",
        "filename": "4jkadp.jpg"
    },
    {
        "href": "https://imgflip.com/i/3wrqme",
        "imgsrc": "https://i.imgflip.com/3wrqme.jpg",
        "noisy": false,
        "tags": [
            "weak vs strong spongebob"
        ],
        "Meme Title": "Weak vs Strong Spongebob",
        "filename": "3wrqme.jpg"
    },
    {
        "href": "https://imgflip.com/i/4cz0ou",
        "imgsrc": "https://i.imgflip.com/4cz0ou.jpg",
        "noisy": false,
        "tags": [
            "weak vs strong spongebob",
            "logic"
        ],
        "Meme Title": "meme material",
        "filename": "4cz0ou.jpg"
    },
    {
        "href": "https://imgflip.com/i/4ao5wm",
        "imgsrc": "https://i.imgflip.com/4ao5wm.jpg",
        "noisy": false,
        "tags": [
            "weak vs strong spongebob"
        ],
        "Meme Title": "Weak vs Strong Spongebob",
        "filename": "4ao5wm.jpg"
    },
    {
        "href": "https://imgflip.com/i/4kw4z8",
        "imgsrc": "https://i.imgflip.com/4kw4z8.jpg",
        "noisy": false,
        "tags": [
            "weak vs strong spongebob"
        ],
        "Meme Title": "Weak vs Strong Spongebob",
        "filename": "4kw4z8.jpg"
    },
    {
        "href": "https://imgflip.com/i/4jiker",
        "imgsrc": "https://i.imgflip.com/4jiker.jpg",
        "noisy": false,
        "tags": [
            "weak vs strong spongebob"
        ],
        "Meme Title": "Weak vs Strong Spongebob",
        "filename": "4jiker.jpg"
    },
    {
        "href": "https://imgflip.com/i/5xcctd",
        "imgsrc": "https://i.imgflip.com/5xcctd.jpg",
        "noisy": false,
        "tags": [
            "weak vs strong spongebob"
        ],
        "Meme Title": "Weak vs Strong Spongebob",
        "filename": "5xcctd.jpg"
    },
    {
        "href": "https://imgflip.com/i/3eym1f",
        "imgsrc": "https://i.imgflip.com/3eym1f.jpg",
        "noisy": false,
        "tags": [
            "weak vs strong spongebob"
        ],
        "Meme Title": "Weak vs Strong Spongebob",
        "filename": "3eym1f.jpg"
    },
    {
        "href": "https://imgflip.com/i/4hmkhz",
        "imgsrc": "https://i.imgflip.com/4hmkhz.jpg",
        "noisy": false,
        "tags": [
            "weak vs strong spongebob"
        ],
        "Meme Title": "Weak vs Strong Spongebob",
        "filename": "4hmkhz.jpg"
    },
    {
        "href": "https://imgflip.com/i/3duk4n",
        "imgsrc": "https://i.imgflip.com/3duk4n.jpg",
        "noisy": false,
        "tags": [
            "weak vs strong spongebob"
        ],
        "Meme Title": "Medicine commericals",
        "filename": "3duk4n.jpg"
    },
    {
        "href": "https://imgflip.com/i/3n3ykv",
        "imgsrc": "https://i.imgflip.com/3n3ykv.jpg",
        "noisy": false,
        "tags": [
            "weak vs strong spongebob"
        ],
        "Meme Title": "Weak vs Strong Spongebob",
        "filename": "3n3ykv.jpg"
    },
    {
        "href": "https://imgflip.com/i/3xq3tm",
        "imgsrc": "https://i.imgflip.com/3xq3tm.jpg",
        "noisy": false,
        "tags": [
            "weak vs strong spongebob"
        ],
        "Meme Title": "Roblox memes #16",
        "filename": "3xq3tm.jpg"
    },
    {
        "href": "https://imgflip.com/i/6zprxp",
        "imgsrc": "https://i.imgflip.com/6zprxp.jpg",
        "noisy": false,
        "tags": [
            "weak vs strong spongebob"
        ],
        "Meme Title": "the strong meme will rise",
        "filename": "6zprxp.jpg"
    },
    {
        "href": "https://imgflip.com/i/3bmcws",
        "imgsrc": "https://i.imgflip.com/3bmcws.jpg",
        "noisy": false,
        "tags": [
            "weak vs strong spongebob"
        ],
        "Meme Title": "Weak vs Strong Spongebob",
        "filename": "3bmcws.jpg"
    },
    {
        "href": "https://imgflip.com/i/32ce03",
        "imgsrc": "https://i.imgflip.com/32ce03.jpg",
        "noisy": false,
        "tags": [
            "weak vs strong spongebob"
        ],
        "Meme Title": "Weak vs Strong Spongebob",
        "filename": "32ce03.jpg"
    },
    {
        "href": "https://imgflip.com/i/4a361o",
        "imgsrc": "https://i.imgflip.com/4a361o.jpg",
        "noisy": false,
        "tags": [
            "weak vs strong spongebob"
        ],
        "Meme Title": "Weak vs Strong Spongebob",
        "filename": "4a361o.jpg"
    },
    {
        "href": "https://imgflip.com/i/46kvs1",
        "imgsrc": "https://i.imgflip.com/46kvs1.jpg",
        "noisy": false,
        "tags": [
            "weak vs strong spongebob",
            "star wars",
            "video games"
        ],
        "Meme Title": "Edditing skilz off de century",
        "filename": "46kvs1.jpg"
    },
    {
        "href": "https://imgflip.com/i/6lzvn3",
        "imgsrc": "https://i.imgflip.com/6lzvn3.jpg",
        "noisy": false,
        "tags": [
            "weak vs strong spongebob"
        ],
        "Meme Title": "Weak vs Strong Spongebob",
        "filename": "6lzvn3.jpg"
    },
    {
        "href": "https://imgflip.com/i/3xr2bh",
        "imgsrc": "https://i.imgflip.com/3xr2bh.jpg",
        "noisy": false,
        "tags": [],
        "Meme Title": "how mafia ads be like",
        "filename": "3xr2bh.jpg"
    },
    {
        "href": "https://imgflip.com/i/3vb44p",
        "imgsrc": "https://i.imgflip.com/3vb44p.jpg",
        "noisy": false,
        "tags": [
            "weak vs strong spongebob"
        ],
        "Meme Title": "Weak vs Strong Spongebob",
        "filename": "3vb44p.jpg"
    },
    {
        "href": "https://imgflip.com/i/3e9q62",
        "imgsrc": "https://i.imgflip.com/3e9q62.jpg",
        "noisy": false,
        "tags": [
            "weak vs strong spongebob"
        ],
        "Meme Title": "Weak vs Strong Spongebob",
        "filename": "3e9q62.jpg"
    },
    {
        "href": "https://imgflip.com/i/3ggc9p",
        "imgsrc": "https://i.imgflip.com/3ggc9p.jpg",
        "noisy": false,
        "tags": [
            "weak vs strong spongebob"
        ],
        "Meme Title": "Weak vs Strong Spongebob",
        "filename": "3ggc9p.jpg"
    },
    {
        "href": "https://imgflip.com/i/57cms3",
        "imgsrc": "https://i.imgflip.com/57cms3.jpg",
        "noisy": false,
        "tags": [
            "weak vs strong spongebob"
        ],
        "Meme Title": "im running out of good meme titles",
        "filename": "57cms3.jpg"
    },
    {
        "href": "https://imgflip.com/i/464ple",
        "imgsrc": "https://i.imgflip.com/464ple.jpg",
        "noisy": false,
        "tags": [
            "weak vs strong spongebob"
        ],
        "Meme Title": "Weak vs Strong Spongebob",
        "filename": "464ple.jpg"
    },
    {
        "href": "https://imgflip.com/i/4pw4si",
        "imgsrc": "https://i.imgflip.com/4pw4si.jpg",
        "noisy": false,
        "tags": [
            "weak vs strong spongebob"
        ],
        "Meme Title": "I swear-",
        "filename": "4pw4si.jpg"
    },
    {
        "href": "https://imgflip.com/i/6df9d6",
        "imgsrc": "https://i.imgflip.com/6df9d6.jpg",
        "noisy": false,
        "tags": [
            "weak vs strong spongebob"
        ],
        "Meme Title": "TRUTH HURTS",
        "filename": "6df9d6.jpg"
    },
    {
        "href": "https://imgflip.com/i/68bg4l",
        "imgsrc": "https://i.imgflip.com/68bg4l.jpg",
        "noisy": false,
        "tags": [
            "weak vs strong spongebob"
        ],
        "Meme Title": "go crazy",
        "filename": "68bg4l.jpg"
    },
    {
        "href": "https://imgflip.com/i/65j8jk",
        "imgsrc": "https://i.imgflip.com/65j8jk.jpg",
        "noisy": false,
        "tags": [
            "weak vs strong spongebob"
        ],
        "Meme Title": "Winrar is god",
        "filename": "65j8jk.jpg"
    },
    {
        "href": "https://imgflip.com/i/4j6rmh",
        "imgsrc": "https://i.imgflip.com/4j6rmh.jpg",
        "noisy": false,
        "tags": [
            "weak vs strong spongebob"
        ],
        "Meme Title": "Weak vs Strong Spongebob",
        "filename": "4j6rmh.jpg"
    },
    {
        "href": "https://imgflip.com/i/5nuyuo",
        "imgsrc": "https://i.imgflip.com/5nuyuo.jpg",
        "noisy": false,
        "tags": [
            "weak vs strong spongebob",
            "german",
            "russian",
            "waltz",
            "music",
            "funny"
        ],
        "Meme Title": "Weak vs Strong Spongebob",
        "filename": "5nuyuo.jpg"
    },
    {
        "href": "https://imgflip.com/i/399nms",
        "imgsrc": "https://i.imgflip.com/399nms.jpg",
        "noisy": false,
        "tags": [
            "weak vs strong spongebob"
        ],
        "Meme Title": "Weak vs Strong Spongebob",
        "filename": "399nms.jpg"
    },
    {
        "href": "https://imgflip.com/i/4wzixr",
        "imgsrc": "https://i.imgflip.com/4wzixr.jpg",
        "noisy": false,
        "tags": [
            "weak vs strong spongebob",
            "funny",
            "ww2",
            "france"
        ],
        "Meme Title": "Weak vs Strong Spongebob",
        "filename": "4wzixr.jpg"
    },
    {
        "href": "https://imgflip.com/i/5a5zn3",
        "imgsrc": "https://i.imgflip.com/5a5zn3.jpg",
        "noisy": false,
        "tags": [
            "weak vs strong spongebob"
        ],
        "Meme Title": "A.",
        "filename": "5a5zn3.jpg"
    },
    {
        "href": "https://imgflip.com/i/51wu6m",
        "imgsrc": "https://i.imgflip.com/51wu6m.jpg",
        "noisy": false,
        "tags": [
            "weak vs strong spongebob"
        ],
        "Meme Title": "netflix be like",
        "filename": "51wu6m.jpg"
    },
    {
        "href": "https://imgflip.com/i/55zujz",
        "imgsrc": "https://i.imgflip.com/55zujz.jpg",
        "noisy": false,
        "tags": [
            "weak vs strong spongebob"
        ],
        "Meme Title": "Weak vs Strong Spongebob",
        "filename": "55zujz.jpg"
    },
    {
        "href": "https://imgflip.com/i/4fuhwf",
        "imgsrc": "https://i.imgflip.com/4fuhwf.jpg",
        "noisy": false,
        "tags": [
            "weak vs strong spongebob"
        ],
        "Meme Title": "Weak vs Strong Spongebob",
        "filename": "4fuhwf.jpg"
    },
    {
        "href": "https://imgflip.com/i/3btdgg",
        "imgsrc": "https://i.imgflip.com/3btdgg.jpg",
        "noisy": false,
        "tags": [
            "weak vs strong spongebob"
        ],
        "Meme Title": "Weak vs Strong Spongebob",
        "filename": "3btdgg.jpg"
    },
    {
        "href": "https://imgflip.com/i/76uic8",
        "imgsrc": "https://i.imgflip.com/76uic8.jpg",
        "noisy": false,
        "tags": [
            "weak vs strong spongebob",
            "spongebob strong",
            "big brain"
        ],
        "Meme Title": "im the second one",
        "filename": "76uic8.jpg"
    },
    {
        "href": "https://imgflip.com/i/701h96",
        "imgsrc": "https://i.imgflip.com/701h96.jpg",
        "noisy": false,
        "tags": [
            "weak vs strong spongebob"
        ],
        "Meme Title": "wheelchair",
        "filename": "701h96.jpg"
    },
    {
        "href": "https://imgflip.com/i/6ynprc",
        "imgsrc": "https://i.imgflip.com/6ynprc.jpg",
        "noisy": false,
        "tags": [
            "weak vs strong spongebob"
        ],
        "Meme Title": "Weak vs Strong Spongebob",
        "filename": "6ynprc.jpg"
    },
    {
        "href": "https://imgflip.com/i/6tgw7h",
        "imgsrc": "https://i.imgflip.com/6tgw7h.jpg",
        "noisy": false,
        "tags": [
            "weak vs strong spongebob"
        ],
        "Meme Title": "Weak vs Strong Spongebob",
        "filename": "6tgw7h.jpg"
    },
    {
        "href": "https://imgflip.com/i/6t11jk",
        "imgsrc": "https://i.imgflip.com/6t11jk.jpg",
        "noisy": false,
        "tags": [
            "weak vs strong spongebob"
        ],
        "Meme Title": "Weak vs Strong Spongebob",
        "filename": "6t11jk.jpg"
    },
    {
        "href": "https://imgflip.com/i/6qj008",
        "imgsrc": "https://i.imgflip.com/6qj008.jpg",
        "noisy": false,
        "tags": [
            "weak vs strong spongebob"
        ],
        "Meme Title": "Jarad vs Tasha",
        "filename": "6qj008.jpg"
    },
    {
        "href": "https://imgflip.com/i/6j5dp5",
        "imgsrc": "https://i.imgflip.com/6j5dp5.jpg",
        "noisy": false,
        "tags": [
            "weak vs strong spongebob"
        ],
        "Meme Title": "strong spongebob",
        "filename": "6j5dp5.jpg"
    },
    {
        "href": "https://imgflip.com/i/682zo0",
        "imgsrc": "https://i.imgflip.com/682zo0.jpg",
        "noisy": false,
        "tags": [
            "weak vs strong spongebob"
        ],
        "Meme Title": "wow",
        "filename": "682zo0.jpg"
    },
    {
        "href": "https://imgflip.com/i/65j0r1",
        "imgsrc": "https://i.imgflip.com/65j0r1.jpg",
        "noisy": false,
        "tags": [
            "weak vs strong spongebob"
        ],
        "Meme Title": "Weak vs Strong Spongebob",
        "filename": "65j0r1.jpg"
    },
    {
        "href": "https://imgflip.com/i/61qgap",
        "imgsrc": "https://i.imgflip.com/61qgap.jpg",
        "noisy": false,
        "tags": [
            "weak vs strong spongebob"
        ],
        "Meme Title": "Language Truth",
        "filename": "61qgap.jpg"
    },
    {
        "href": "https://imgflip.com/i/5xh2np",
        "imgsrc": "https://i.imgflip.com/5xh2np.jpg",
        "noisy": false,
        "tags": [
            "weak vs strong spongebob"
        ],
        "Meme Title": "Weak vs Strong Spongebob",
        "filename": "5xh2np.jpg"
    },
    {
        "href": "https://imgflip.com/i/5v52lb",
        "imgsrc": "https://i.imgflip.com/5v52lb.jpg",
        "noisy": false,
        "tags": [
            "weak vs strong spongebob"
        ],
        "Meme Title": "Weak vs Strong Spongebob",
        "filename": "5v52lb.jpg"
    },
    {
        "href": "https://imgflip.com/i/5uz01p",
        "imgsrc": "https://i.imgflip.com/5uz01p.jpg",
        "noisy": false,
        "tags": [
            "weak vs strong spongebob"
        ],
        "Meme Title": "idk lol",
        "filename": "5uz01p.jpg"
    },
    {
        "href": "https://imgflip.com/i/5kzqni",
        "imgsrc": "https://i.imgflip.com/5kzqni.jpg",
        "noisy": false,
        "tags": [
            "weak vs strong spongebob"
        ],
        "Meme Title": "Weak vs Strong Spongebob",
        "filename": "5kzqni.jpg"
    },
    {
        "href": "https://imgflip.com/i/597zgf",
        "imgsrc": "https://i.imgflip.com/597zgf.jpg",
        "noisy": false,
        "tags": [
            "weak vs strong spongebob"
        ],
        "Meme Title": "Weak vs Strong Spongebob",
        "filename": "597zgf.jpg"
    },
    {
        "href": "https://imgflip.com/i/565imf",
        "imgsrc": "https://i.imgflip.com/565imf.jpg",
        "noisy": false,
        "tags": [
            "memehub",
            "cryptocurrency",
            "crypto",
            "funny",
            "meme",
            "power"
        ],
        "Meme Title": "The user and hive power",
        "filename": "565imf.jpg"
    },
    {
        "href": "https://imgflip.com/i/55iiaq",
        "imgsrc": "https://i.imgflip.com/55iiaq.jpg",
        "noisy": false,
        "tags": [
            "weak vs strong spongebob"
        ],
        "Meme Title": "Weak vs Strong Spongebob",
        "filename": "55iiaq.jpg"
    },
    {
        "href": "https://imgflip.com/i/54si7c",
        "imgsrc": "https://i.imgflip.com/54si7c.jpg",
        "noisy": false,
        "tags": [
            "weak vs strong spongebob"
        ],
        "Meme Title": "Canteen sterotype",
        "filename": "54si7c.jpg"
    },
    {
        "href": "https://imgflip.com/i/548ihm",
        "imgsrc": "https://i.imgflip.com/548ihm.jpg",
        "noisy": false,
        "tags": [
            "weak vs strong spongebob"
        ],
        "Meme Title": "Weak vs Strong Spongebob",
        "filename": "548ihm.jpg"
    },
    {
        "href": "https://imgflip.com/i/53cm2a",
        "imgsrc": "https://i.imgflip.com/53cm2a.jpg",
        "noisy": false,
        "tags": [
            "weak vs strong spongebob"
        ],
        "Meme Title": "Weak vs Strong Spongebob",
        "filename": "53cm2a.jpg"
    },
    {
        "href": "https://imgflip.com/i/50972d",
        "imgsrc": "https://i.imgflip.com/50972d.jpg",
        "noisy": false,
        "tags": [
            "weak vs strong spongebob"
        ],
        "Meme Title": "Weak vs Strong Spongebob",
        "filename": "50972d.jpg"
    },
    {
        "href": "https://imgflip.com/i/4z00d5",
        "imgsrc": "https://i.imgflip.com/4z00d5.jpg",
        "noisy": false,
        "tags": [
            "weak vs strong spongebob"
        ],
        "Meme Title": "weak vs strong spongebob",
        "filename": "4z00d5.jpg"
    },
    {
        "href": "https://imgflip.com/i/4ttnc2",
        "imgsrc": "https://i.imgflip.com/4ttnc2.jpg",
        "noisy": false,
        "tags": [
            "weak vs strong spongebob"
        ],
        "Meme Title": "PS2",
        "filename": "4ttnc2.jpg"
    },
    {
        "href": "https://imgflip.com/i/4pa9oo",
        "imgsrc": "https://i.imgflip.com/4pa9oo.jpg",
        "noisy": false,
        "tags": [
            "weak vs strong spongebob"
        ],
        "Meme Title": "Weak vs Strong Spongebob",
        "filename": "4pa9oo.jpg"
    },
    {
        "href": "https://imgflip.com/i/4b2wpv",
        "imgsrc": "https://i.imgflip.com/4b2wpv.jpg",
        "noisy": false,
        "tags": [
            "weak vs strong spongebob"
        ],
        "Meme Title": "Battery",
        "filename": "4b2wpv.jpg"
    },
    {
        "href": "https://imgflip.com/i/49i5rs",
        "imgsrc": "https://i.imgflip.com/49i5rs.jpg",
        "noisy": false,
        "tags": [
            "weak vs strong spongebob"
        ],
        "Meme Title": "whenever you meet people:",
        "filename": "49i5rs.jpg"
    },
    {
        "href": "https://imgflip.com/i/45xly4",
        "imgsrc": "https://i.imgflip.com/45xly4.jpg",
        "noisy": false,
        "tags": [
            "weak vs strong spongebob"
        ],
        "Meme Title": "this is so true",
        "filename": "45xly4.jpg"
    },
    {
        "href": "https://imgflip.com/i/45raa0",
        "imgsrc": "https://i.imgflip.com/45raa0.jpg",
        "noisy": false,
        "tags": [
            "weak vs strong spongebob"
        ],
        "Meme Title": "Weak vs Strong Spongebob",
        "filename": "45raa0.jpg"
    },
    {
        "href": "https://imgflip.com/i/40qigq",
        "imgsrc": "https://i.imgflip.com/40qigq.jpg",
        "noisy": false,
        "tags": [
            "weak vs strong spongebob"
        ],
        "Meme Title": "Weak vs Strong Spongebob",
        "filename": "40qigq.jpg"
    },
    {
        "href": "https://imgflip.com/i/40mhfa",
        "imgsrc": "https://i.imgflip.com/40mhfa.jpg",
        "noisy": false,
        "tags": [
            "weak vs strong spongebob"
        ],
        "Meme Title": "Weak vs Strong Spongebob",
        "filename": "40mhfa.jpg"
    },
    {
        "href": "https://imgflip.com/i/406viu",
        "imgsrc": "https://i.imgflip.com/406viu.jpg",
        "noisy": false,
        "tags": [
            "weak vs strong spongebob"
        ],
        "Meme Title": "Hornet time",
        "filename": "406viu.jpg"
    },
    {
        "href": "https://imgflip.com/i/3zucch",
        "imgsrc": "https://i.imgflip.com/3zucch.jpg",
        "noisy": false,
        "tags": [
            "weak vs strong spongebob"
        ],
        "Meme Title": "Weak vs Strong Spongebob",
        "filename": "3zucch.jpg"
    }
]