[
    {
        "href": "https://imgflip.com/i/798b0g",
        "imgsrc": "https://i.imgflip.com/798b0g.jpg",
        "noisy": false,
        "tags": [
            "cuphead flower"
        ],
        "Meme Title": "npc's in video games",
        "filename": "798b0g.jpg"
    },
    {
        "href": "https://imgflip.com/i/79jnlb",
        "imgsrc": "https://i.imgflip.com/79jnlb.jpg",
        "noisy": false,
        "tags": [
            "cuphead flower"
        ],
        "Meme Title": "Police!!!",
        "filename": "79jnlb.jpg"
    },
    {
        "href": "https://imgflip.com/i/79mmso",
        "imgsrc": "https://i.imgflip.com/79mmso.jpg",
        "noisy": false,
        "tags": [
            "cuphead flower"
        ],
        "Meme Title": "Cuphead Flower",
        "filename": "79mmso.jpg"
    },
    {
        "href": "https://imgflip.com/i/78ib6i",
        "imgsrc": "https://i.imgflip.com/78ib6i.jpg",
        "noisy": false,
        "tags": [
            "cuphead flower",
            "gordon ramsay"
        ],
        "Meme Title": "Here's a meme about Gordon Ramsay!",
        "filename": "78ib6i.jpg"
    },
    {
        "href": "https://imgflip.com/i/75uy1c",
        "imgsrc": "https://i.imgflip.com/75uy1c.jpg",
        "noisy": false,
        "tags": [
            "cuphead flower"
        ],
        "Meme Title": "Cuphead Flower",
        "filename": "75uy1c.jpg"
    },
    {
        "href": "https://imgflip.com/i/76pokr",
        "imgsrc": "https://i.imgflip.com/76pokr.jpg",
        "noisy": false,
        "tags": [
            "cuphead flower",
            "school",
            "so true memes",
            "memes",
            "funny",
            "school meme"
        ],
        "Meme Title": "It's Like this All the Time.",
        "filename": "76pokr.jpg"
    },
    {
        "href": "https://imgflip.com/i/6pv89a",
        "imgsrc": "https://i.imgflip.com/6pv89a.jpg",
        "noisy": false,
        "tags": [
            "cuphead flower"
        ],
        "Meme Title": "I thought of this at 5 in the morning",
        "filename": "6pv89a.jpg"
    },
    {
        "href": "https://imgflip.com/i/7859la",
        "imgsrc": "https://i.imgflip.com/7859la.jpg",
        "noisy": false,
        "tags": [
            "cuphead flower"
        ],
        "Meme Title": "Facts tho",
        "filename": "7859la.jpg"
    },
    {
        "href": "https://imgflip.com/i/733voa",
        "imgsrc": "https://i.imgflip.com/733voa.jpg",
        "noisy": false,
        "tags": [
            "cuphead flower"
        ],
        "Meme Title": "Cuphead Flower",
        "filename": "733voa.jpg"
    },
    {
        "href": "https://imgflip.com/i/761d2c",
        "imgsrc": "https://i.imgflip.com/761d2c.jpg",
        "noisy": false,
        "tags": [
            "cuphead flower"
        ],
        "Meme Title": "idk",
        "filename": "761d2c.jpg"
    },
    {
        "href": "https://imgflip.com/i/74ak3l",
        "imgsrc": "https://i.imgflip.com/74ak3l.jpg",
        "noisy": false,
        "tags": [
            "cuphead flower",
            "memes"
        ],
        "Meme Title": "true, true",
        "filename": "74ak3l.jpg"
    },
    {
        "href": "https://imgflip.com/i/6x7hdx",
        "imgsrc": "https://i.imgflip.com/6x7hdx.jpg",
        "noisy": false,
        "tags": [
            "cuphead flower"
        ],
        "Meme Title": "AAAAAAAAAAAAAAAAAAAAAAAAAAAAAAAAAAAAAAAAAAAAAAAAAAAAAAAAAA",
        "filename": "6x7hdx.jpg"
    },
    {
        "href": "https://imgflip.com/i/6rs9gb",
        "imgsrc": "https://i.imgflip.com/6rs9gb.jpg",
        "noisy": false,
        "tags": [
            "1 cent",
            "marketing",
            "stupid"
        ],
        "Meme Title": "It's just 1 cent cheaper!",
        "filename": "6rs9gb.jpg"
    },
    {
        "href": "https://imgflip.com/i/6v9sib",
        "imgsrc": "https://i.imgflip.com/6v9sib.jpg",
        "noisy": false,
        "tags": [
            "cuphead flower",
            "funny memes",
            "memes",
            "funny",
            "fun",
            "trending"
        ],
        "Meme Title": "Memes By Amaan",
        "filename": "6v9sib.jpg"
    },
    {
        "href": "https://imgflip.com/i/74euze",
        "imgsrc": "https://i.imgflip.com/74euze.jpg",
        "noisy": false,
        "tags": [
            "cuphead flower"
        ],
        "Meme Title": "Werner Werman Simple",
        "filename": "74euze.jpg"
    },
    {
        "href": "https://imgflip.com/i/6o23j7",
        "imgsrc": "https://i.imgflip.com/6o23j7.jpg",
        "noisy": false,
        "tags": [
            "cuphead flower",
            "relatable",
            "memes",
            "grades",
            "siblings"
        ],
        "Meme Title": "Don\u2019t tell me this is not relatable",
        "filename": "6o23j7.jpg"
    },
    {
        "href": "https://imgflip.com/i/68lnpk",
        "imgsrc": "https://i.imgflip.com/68lnpk.jpg",
        "noisy": false,
        "tags": [
            "cuphead flower"
        ],
        "Meme Title": "Cuphead Flower",
        "filename": "68lnpk.jpg"
    },
    {
        "href": "https://imgflip.com/i/6zz3cg",
        "imgsrc": "https://i.imgflip.com/6zz3cg.jpg",
        "noisy": false,
        "tags": [
            "cuphead flower"
        ],
        "Meme Title": "Cuphead Flower",
        "filename": "6zz3cg.jpg"
    },
    {
        "href": "https://imgflip.com/i/6zyxjm",
        "imgsrc": "https://i.imgflip.com/6zyxjm.jpg",
        "noisy": false,
        "tags": [
            "cuphead flower"
        ],
        "Meme Title": "stupid youtube also marks brony content as kids which disables comments",
        "filename": "6zyxjm.jpg"
    },
    {
        "href": "https://imgflip.com/i/6nyehw",
        "imgsrc": "https://i.imgflip.com/6nyehw.jpg",
        "noisy": false,
        "tags": [
            "cuphead flower",
            "memes",
            "true",
            "school"
        ],
        "Meme Title": "ScHOol prOjECt",
        "filename": "6nyehw.jpg"
    },
    {
        "href": "https://imgflip.com/i/70bkwg",
        "imgsrc": "https://i.imgflip.com/70bkwg.jpg",
        "noisy": false,
        "tags": [
            "cuphead flower"
        ],
        "Meme Title": "this is what happened to me a few years ago",
        "filename": "70bkwg.jpg"
    },
    {
        "href": "https://imgflip.com/i/6zu9k5",
        "imgsrc": "https://i.imgflip.com/6zu9k5.jpg",
        "noisy": false,
        "tags": [
            "cuphead flower",
            "memes",
            "funny",
            "gifs"
        ],
        "Meme Title": "Cuphead Flower",
        "filename": "6zu9k5.jpg"
    },
    {
        "href": "https://imgflip.com/i/6vg1lp",
        "imgsrc": "https://i.imgflip.com/6vg1lp.jpg",
        "noisy": false,
        "tags": [
            "cuphead flower",
            "memes",
            "relatable",
            "relatable memes",
            "siblings",
            "insults"
        ],
        "Meme Title": "I mean it's true\u2014 :)",
        "filename": "6vg1lp.jpg"
    },
    {
        "href": "https://imgflip.com/i/74ai46",
        "imgsrc": "https://i.imgflip.com/74ai46.jpg",
        "noisy": false,
        "tags": [
            "cuphead flower"
        ],
        "Meme Title": "Cuphead Flower",
        "filename": "74ai46.jpg"
    },
    {
        "href": "https://imgflip.com/i/6w2hnp",
        "imgsrc": "https://i.imgflip.com/6w2hnp.jpg",
        "noisy": false,
        "tags": [
            "cuphead flower"
        ],
        "Meme Title": "Cuphead Flower",
        "filename": "6w2hnp.jpg"
    },
    {
        "href": "https://imgflip.com/i/7191ym",
        "imgsrc": "https://i.imgflip.com/7191ym.jpg",
        "noisy": false,
        "tags": [
            "cuphead flower",
            "relatable memes"
        ],
        "Meme Title": "relatable???????? it just happened to me a few days ago",
        "filename": "7191ym.jpg"
    },
    {
        "href": "https://imgflip.com/i/5vpzud",
        "imgsrc": "https://i.imgflip.com/5vpzud.jpg",
        "noisy": false,
        "tags": [
            "cuphead flower",
            "that vegan teacher",
            "hypocrite"
        ],
        "Meme Title": "Cuphead Flower",
        "filename": "5vpzud.jpg"
    },
    {
        "href": "https://imgflip.com/i/6o29ha",
        "imgsrc": "https://i.imgflip.com/6o29ha.jpg",
        "noisy": false,
        "tags": [
            "cuphead flower"
        ],
        "Meme Title": "STOP PLAYING GAMES",
        "filename": "6o29ha.jpg"
    },
    {
        "href": "https://imgflip.com/i/6gx4lq",
        "imgsrc": "https://i.imgflip.com/6gx4lq.jpg",
        "noisy": false,
        "tags": [
            "cuphead flower",
            "memes",
            "funny",
            "funny memes",
            "relatable",
            "change my mind"
        ],
        "Meme Title": "they always do that mood switch",
        "filename": "6gx4lq.jpg"
    },
    {
        "href": "https://imgflip.com/i/6rxa8x",
        "imgsrc": "https://i.imgflip.com/6rxa8x.jpg",
        "noisy": false,
        "tags": [
            "cuphead flower",
            "sexism",
            "boys vs girls"
        ],
        "Meme Title": "motivated",
        "filename": "6rxa8x.jpg"
    },
    {
        "href": "https://imgflip.com/i/4smeuv",
        "imgsrc": "https://i.imgflip.com/4smeuv.jpg",
        "noisy": false,
        "tags": [
            "cuphead flower",
            "parents",
            "funny memes"
        ],
        "Meme Title": "Cuphead Flower",
        "filename": "4smeuv.jpg"
    },
    {
        "href": "https://imgflip.com/i/5oo3m1",
        "imgsrc": "https://i.imgflip.com/5oo3m1.jpg",
        "noisy": false,
        "tags": [
            "cuphead flower"
        ],
        "Meme Title": "Got this idea from a meme I saw earlier today",
        "filename": "5oo3m1.jpg"
    },
    {
        "href": "https://imgflip.com/i/54bq7w",
        "imgsrc": "https://i.imgflip.com/54bq7w.jpg",
        "noisy": false,
        "tags": [
            "help me please",
            "please no",
            "stop i beg of you",
            "please kind sir",
            "i dont wsnt ketchup on my burger",
            "not the chainsaw please"
        ],
        "Meme Title": "School xP",
        "filename": "54bq7w.jpg"
    },
    {
        "href": "https://imgflip.com/i/6v71f4",
        "imgsrc": "https://i.imgflip.com/6v71f4.jpg",
        "noisy": false,
        "tags": [
            "cuphead flower"
        ],
        "Meme Title": "Cuphead Flower",
        "filename": "6v71f4.jpg"
    },
    {
        "href": "https://imgflip.com/i/5zwu0p",
        "imgsrc": "https://i.imgflip.com/5zwu0p.jpg",
        "noisy": false,
        "tags": [
            "cuphead flower"
        ],
        "Meme Title": "Cuphead Flower",
        "filename": "5zwu0p.jpg"
    },
    {
        "href": "https://imgflip.com/i/5d6bkn",
        "imgsrc": "https://i.imgflip.com/5d6bkn.jpg",
        "noisy": false,
        "tags": [
            "cuphead flower"
        ],
        "Meme Title": "angry mommy",
        "filename": "5d6bkn.jpg"
    },
    {
        "href": "https://imgflip.com/i/6p90an",
        "imgsrc": "https://i.imgflip.com/6p90an.jpg",
        "noisy": false,
        "tags": [
            "cuphead flower"
        ],
        "Meme Title": "We have food at home, better like KFC instead",
        "filename": "6p90an.jpg"
    },
    {
        "href": "https://imgflip.com/i/6x7h58",
        "imgsrc": "https://i.imgflip.com/6x7h58.jpg",
        "noisy": false,
        "tags": [
            "cuphead flower"
        ],
        "Meme Title": ".",
        "filename": "6x7h58.jpg"
    },
    {
        "href": "https://imgflip.com/i/52l0l2",
        "imgsrc": "https://i.imgflip.com/52l0l2.jpg",
        "noisy": false,
        "tags": [
            "cuphead flower"
        ],
        "Meme Title": "Thats not how life works",
        "filename": "52l0l2.jpg"
    },
    {
        "href": "https://imgflip.com/i/6sa2si",
        "imgsrc": "https://i.imgflip.com/6sa2si.jpg",
        "noisy": false,
        "tags": [
            "cuphead flower"
        ],
        "Meme Title": "1 literal mistake",
        "filename": "6sa2si.jpg"
    },
    {
        "href": "https://imgflip.com/i/6k9svw",
        "imgsrc": "https://i.imgflip.com/6k9svw.jpg",
        "noisy": false,
        "tags": [
            "cagney carnation",
            "cuphead"
        ],
        "Meme Title": "Cagney Carnation",
        "filename": "6k9svw.jpg"
    },
    {
        "href": "https://imgflip.com/i/6psjqq",
        "imgsrc": "https://i.imgflip.com/6psjqq.jpg",
        "noisy": false,
        "tags": [
            "cuphead flower"
        ],
        "Meme Title": "Maybe its because i am not American, but It just dosen't make sense to me",
        "filename": "6psjqq.jpg"
    },
    {
        "href": "https://imgflip.com/i/5ivigy",
        "imgsrc": "https://i.imgflip.com/5ivigy.jpg",
        "noisy": false,
        "tags": [
            "cuphead flower",
            "flies",
            "buzzing",
            "memes",
            "barney will eat all of your delectable biscuits",
            "stupid"
        ],
        "Meme Title": "Scumbag houseflies...",
        "filename": "5ivigy.jpg"
    },
    {
        "href": "https://imgflip.com/i/6qivs4",
        "imgsrc": "https://i.imgflip.com/6qivs4.jpg",
        "noisy": false,
        "tags": [
            "cuphead flower"
        ],
        "Meme Title": "why",
        "filename": "6qivs4.jpg"
    },
    {
        "href": "https://imgflip.com/i/6bbzsm",
        "imgsrc": "https://i.imgflip.com/6bbzsm.jpg",
        "noisy": false,
        "tags": [
            "cuphead flower",
            "funny memes",
            "memes"
        ],
        "Meme Title": "Cuphead Flower",
        "filename": "6bbzsm.jpg"
    },
    {
        "href": "https://imgflip.com/i/6skuf3",
        "imgsrc": "https://i.imgflip.com/6skuf3.jpg",
        "noisy": false,
        "tags": [
            "cuphead flower"
        ],
        "Meme Title": "The rules don't apply to me",
        "filename": "6skuf3.jpg"
    },
    {
        "href": "https://imgflip.com/i/6sicow",
        "imgsrc": "https://i.imgflip.com/6sicow.jpg",
        "noisy": false,
        "tags": [
            "cuphead flower"
        ],
        "Meme Title": ".",
        "filename": "6sicow.jpg"
    },
    {
        "href": "https://imgflip.com/i/6pmwzc",
        "imgsrc": "https://i.imgflip.com/6pmwzc.jpg",
        "noisy": false,
        "tags": [
            "cuphead flower"
        ],
        "Meme Title": "Cuphead Flower",
        "filename": "6pmwzc.jpg"
    },
    {
        "href": "https://imgflip.com/i/6s1tu2",
        "imgsrc": "https://i.imgflip.com/6s1tu2.jpg",
        "noisy": false,
        "tags": [
            "cuphead flower"
        ],
        "Meme Title": "That\u2019s why teachers are not doing their job correctly",
        "filename": "6s1tu2.jpg"
    },
    {
        "href": "https://imgflip.com/i/6cb8xi",
        "imgsrc": "https://i.imgflip.com/6cb8xi.jpg",
        "noisy": false,
        "tags": [
            "cuphead flower",
            "lawnmower",
            "mowing",
            "safety first"
        ],
        "Meme Title": "<Sigh>",
        "filename": "6cb8xi.jpg"
    },
    {
        "href": "https://imgflip.com/i/5f2k7e",
        "imgsrc": "https://i.imgflip.com/5f2k7e.jpg",
        "noisy": false,
        "tags": [
            "cuphead flower"
        ],
        "Meme Title": "Cuphead Flower",
        "filename": "5f2k7e.jpg"
    },
    {
        "href": "https://imgflip.com/i/5xxzy7",
        "imgsrc": "https://i.imgflip.com/5xxzy7.jpg",
        "noisy": false,
        "tags": [
            "cuphead flower"
        ],
        "Meme Title": "Cuphead Flower",
        "filename": "5xxzy7.jpg"
    },
    {
        "href": "https://imgflip.com/i/5uy2t7",
        "imgsrc": "https://i.imgflip.com/5uy2t7.jpg",
        "noisy": false,
        "tags": [
            "cuphead flower"
        ],
        "Meme Title": "Cuphead Flower",
        "filename": "5uy2t7.jpg"
    },
    {
        "href": "https://imgflip.com/i/6a21hq",
        "imgsrc": "https://i.imgflip.com/6a21hq.jpg",
        "noisy": false,
        "tags": [
            "cuphead flower",
            "gamers",
            "guns"
        ],
        "Meme Title": "fps games in a nutshell lol",
        "filename": "6a21hq.jpg"
    },
    {
        "href": "https://imgflip.com/i/6p92r7",
        "imgsrc": "https://i.imgflip.com/6p92r7.jpg",
        "noisy": false,
        "tags": [
            "cuphead flower",
            "kid friendly"
        ],
        "Meme Title": "Kid freindly",
        "filename": "6p92r7.jpg"
    },
    {
        "href": "https://imgflip.com/i/5rel7t",
        "imgsrc": "https://i.imgflip.com/5rel7t.jpg",
        "noisy": false,
        "tags": [
            "cuphead flower"
        ],
        "Meme Title": "Cuphead Flower",
        "filename": "5rel7t.jpg"
    },
    {
        "href": "https://imgflip.com/i/5qxygh",
        "imgsrc": "https://i.imgflip.com/5qxygh.jpg",
        "noisy": false,
        "tags": [
            "cuphead flower"
        ],
        "Meme Title": "Cuphead Flower",
        "filename": "5qxygh.jpg"
    },
    {
        "href": "https://imgflip.com/i/6p2iv4",
        "imgsrc": "https://i.imgflip.com/6p2iv4.jpg",
        "noisy": false,
        "tags": [
            "cuphead flower"
        ],
        "Meme Title": "Cuphead Flower",
        "filename": "6p2iv4.jpg"
    },
    {
        "href": "https://imgflip.com/i/6e2rd1",
        "imgsrc": "https://i.imgflip.com/6e2rd1.jpg",
        "noisy": false,
        "tags": [
            "cuphead flower"
        ],
        "Meme Title": "True.",
        "filename": "6e2rd1.jpg"
    },
    {
        "href": "https://imgflip.com/i/6rkzz0",
        "imgsrc": "https://i.imgflip.com/6rkzz0.jpg",
        "noisy": false,
        "tags": [
            "cuphead flower"
        ],
        "Meme Title": "Cuphead Flower",
        "filename": "6rkzz0.jpg"
    },
    {
        "href": "https://imgflip.com/i/6phhny",
        "imgsrc": "https://i.imgflip.com/6phhny.jpg",
        "noisy": false,
        "tags": [
            "cuphead flower",
            "oops caps",
            "memes"
        ],
        "Meme Title": "People really be saying the most rude stuff then say \u201coops caps\u201d",
        "filename": "6phhny.jpg"
    },
    {
        "href": "https://imgflip.com/i/5x5692",
        "imgsrc": "https://i.imgflip.com/5x5692.jpg",
        "noisy": false,
        "tags": [
            "cuphead flower"
        ],
        "Meme Title": "im not wrong",
        "filename": "5x5692.jpg"
    },
    {
        "href": "https://imgflip.com/i/6kbms0",
        "imgsrc": "https://i.imgflip.com/6kbms0.jpg",
        "noisy": false,
        "tags": [
            "cuphead flower"
        ],
        "Meme Title": "Brother",
        "filename": "6kbms0.jpg"
    },
    {
        "href": "https://imgflip.com/i/6mesfp",
        "imgsrc": "https://i.imgflip.com/6mesfp.jpg",
        "noisy": false,
        "tags": [
            "cuphead flower",
            "imgflip",
            "teachers when"
        ],
        "Meme Title": "Need proof? What site are you on?",
        "filename": "6mesfp.jpg"
    },
    {
        "href": "https://imgflip.com/i/634wv0",
        "imgsrc": "https://i.imgflip.com/634wv0.jpg",
        "noisy": false,
        "tags": [
            "cuphead flower",
            "language",
            "cussing",
            "swearing",
            "clean",
            "facts"
        ],
        "Meme Title": "It\u2019s true",
        "filename": "634wv0.jpg"
    },
    {
        "href": "https://imgflip.com/i/6j61yg",
        "imgsrc": "https://i.imgflip.com/6j61yg.jpg",
        "noisy": false,
        "tags": [
            "cuphead flower",
            "funny memes",
            "relatable memes"
        ],
        "Meme Title": "All bark, maybe a little bite",
        "filename": "6j61yg.jpg"
    },
    {
        "href": "https://imgflip.com/i/6663je",
        "imgsrc": "https://i.imgflip.com/6663je.jpg",
        "noisy": false,
        "tags": [
            "cuphead flower"
        ],
        "Meme Title": "i love cuphead so here we are",
        "filename": "6663je.jpg"
    },
    {
        "href": "https://imgflip.com/i/4yalyn",
        "imgsrc": "https://i.imgflip.com/4yalyn.jpg",
        "noisy": false,
        "tags": [
            "cuphead flower",
            "relatable"
        ],
        "Meme Title": "Cuphead Flower",
        "filename": "4yalyn.jpg"
    },
    {
        "href": "https://imgflip.com/i/6klu0f",
        "imgsrc": "https://i.imgflip.com/6klu0f.jpg",
        "noisy": false,
        "tags": [
            "cuphead flower"
        ],
        "Meme Title": "It\u2019s sad",
        "filename": "6klu0f.jpg"
    },
    {
        "href": "https://imgflip.com/i/6ghwuf",
        "imgsrc": "https://i.imgflip.com/6ghwuf.jpg",
        "noisy": false,
        "tags": [
            "cuphead flower"
        ],
        "Meme Title": "lol I made 20 memes today and still making more",
        "filename": "6ghwuf.jpg"
    },
    {
        "href": "https://imgflip.com/i/6o7vq8",
        "imgsrc": "https://i.imgflip.com/6o7vq8.jpg",
        "noisy": false,
        "tags": [
            "cuphead flower"
        ],
        "Meme Title": "H",
        "filename": "6o7vq8.jpg"
    },
    {
        "href": "https://imgflip.com/i/671991",
        "imgsrc": "https://i.imgflip.com/671991.jpg",
        "noisy": false,
        "tags": [
            "cuphead flower",
            "school",
            "homework",
            "video games",
            "unhelpful high school teacher",
            "barney will eat all of your delectable biscuits"
        ],
        "Meme Title": "school sucks",
        "filename": "671991.jpg"
    },
    {
        "href": "https://imgflip.com/i/6apje5",
        "imgsrc": "https://i.imgflip.com/6apje5.jpg",
        "noisy": false,
        "tags": [
            "cuphead flower"
        ],
        "Meme Title": "School be like",
        "filename": "6apje5.jpg"
    },
    {
        "href": "https://imgflip.com/i/6lql7b",
        "imgsrc": "https://i.imgflip.com/6lql7b.jpg",
        "noisy": false,
        "tags": [
            "cuphead flower"
        ],
        "Meme Title": "Minions",
        "filename": "6lql7b.jpg"
    },
    {
        "href": "https://imgflip.com/i/3vlbxv",
        "imgsrc": "https://i.imgflip.com/3vlbxv.jpg",
        "noisy": false,
        "tags": [
            "cuphead flower"
        ],
        "Meme Title": "Cuphead Flower",
        "filename": "3vlbxv.jpg"
    },
    {
        "href": "https://imgflip.com/i/5tvmsy",
        "imgsrc": "https://i.imgflip.com/5tvmsy.jpg",
        "noisy": false,
        "tags": [
            "cuphead flower",
            "gen z",
            "memes",
            "here come dat boi",
            "barney will eat all of your delectable biscuits"
        ],
        "Meme Title": "yes im a gen z but dont judge me dont call me stupid",
        "filename": "5tvmsy.jpg"
    },
    {
        "href": "https://imgflip.com/i/5hyiec",
        "imgsrc": "https://i.imgflip.com/5hyiec.jpg",
        "noisy": false,
        "tags": [
            "cuphead flower"
        ],
        "Meme Title": "anybody relate to this",
        "filename": "5hyiec.jpg"
    },
    {
        "href": "https://imgflip.com/i/5o45kb",
        "imgsrc": "https://i.imgflip.com/5o45kb.jpg",
        "noisy": false,
        "tags": [
            "cuphead flower"
        ],
        "Meme Title": "Cuphead Flower",
        "filename": "5o45kb.jpg"
    },
    {
        "href": "https://imgflip.com/i/5qtov0",
        "imgsrc": "https://i.imgflip.com/5qtov0.jpg",
        "noisy": false,
        "tags": [
            "cuphead flower"
        ],
        "Meme Title": "Cuphead Flower",
        "filename": "5qtov0.jpg"
    },
    {
        "href": "https://imgflip.com/i/5xmonk",
        "imgsrc": "https://i.imgflip.com/5xmonk.jpg",
        "noisy": false,
        "tags": [
            "cuphead flower",
            "school"
        ],
        "Meme Title": "Cuphead Flower",
        "filename": "5xmonk.jpg"
    },
    {
        "href": "https://imgflip.com/i/5ptwjp",
        "imgsrc": "https://i.imgflip.com/5ptwjp.jpg",
        "noisy": false,
        "tags": [
            "cuphead flower",
            "straight",
            "rude",
            "ugh"
        ],
        "Meme Title": "Straights ?",
        "filename": "5ptwjp.jpg"
    },
    {
        "href": "https://imgflip.com/i/5p8lf3",
        "imgsrc": "https://i.imgflip.com/5p8lf3.jpg",
        "noisy": false,
        "tags": [
            "cuphead flower"
        ],
        "Meme Title": "no context.",
        "filename": "5p8lf3.jpg"
    },
    {
        "href": "https://imgflip.com/i/5f1tr1",
        "imgsrc": "https://i.imgflip.com/5f1tr1.jpg",
        "noisy": false,
        "tags": [
            "cuphead flower"
        ],
        "Meme Title": "Cuphead Flower",
        "filename": "5f1tr1.jpg"
    },
    {
        "href": "https://imgflip.com/i/6326x5",
        "imgsrc": "https://i.imgflip.com/6326x5.jpg",
        "noisy": false,
        "tags": [
            "cuphead flower"
        ],
        "Meme Title": "No need to say anything",
        "filename": "6326x5.jpg"
    },
    {
        "href": "https://imgflip.com/i/5zxsxx",
        "imgsrc": "https://i.imgflip.com/5zxsxx.jpg",
        "noisy": false,
        "tags": [
            "cuphead flower"
        ],
        "Meme Title": "this is my class",
        "filename": "5zxsxx.jpg"
    },
    {
        "href": "https://imgflip.com/i/64x1qn",
        "imgsrc": "https://i.imgflip.com/64x1qn.jpg",
        "noisy": false,
        "tags": [
            "cuphead flower"
        ],
        "Meme Title": "Cuphead Flower",
        "filename": "64x1qn.jpg"
    },
    {
        "href": "https://imgflip.com/i/61brv7",
        "imgsrc": "https://i.imgflip.com/61brv7.jpg",
        "noisy": false,
        "tags": [
            "cuphead flower",
            "kids these days",
            "society",
            "when you think your parents are mean",
            "adults",
            "memes"
        ],
        "Meme Title": "Kids these days.",
        "filename": "61brv7.jpg"
    },
    {
        "href": "https://imgflip.com/i/55borg",
        "imgsrc": "https://i.imgflip.com/55borg.jpg",
        "noisy": false,
        "tags": [
            "cuphead flower",
            "dads",
            "boyfriend",
            "girlfriend",
            "oh wow are you actually reading these tags"
        ],
        "Meme Title": "things that dont make sense to me #69",
        "filename": "55borg.jpg"
    },
    {
        "href": "https://imgflip.com/i/5o6mf4",
        "imgsrc": "https://i.imgflip.com/5o6mf4.jpg",
        "noisy": false,
        "tags": [
            "cuphead flower"
        ],
        "Meme Title": "dat tru tho",
        "filename": "5o6mf4.jpg"
    },
    {
        "href": "https://imgflip.com/i/61cceo",
        "imgsrc": "https://i.imgflip.com/61cceo.jpg",
        "noisy": false,
        "tags": [
            "cuphead flower"
        ],
        "Meme Title": "As a child of the internet, I feel like I should know this by now...",
        "filename": "61cceo.jpg"
    },
    {
        "href": "https://imgflip.com/i/693jwf",
        "imgsrc": "https://i.imgflip.com/693jwf.jpg",
        "noisy": false,
        "tags": [
            "cuphead flower"
        ],
        "Meme Title": "Cuphead Flower",
        "filename": "693jwf.jpg"
    },
    {
        "href": "https://imgflip.com/i/5d13qq",
        "imgsrc": "https://i.imgflip.com/5d13qq.jpg",
        "noisy": false,
        "tags": [
            "cuphead flower"
        ],
        "Meme Title": "Gender reveal parties be like",
        "filename": "5d13qq.jpg"
    },
    {
        "href": "https://imgflip.com/i/6250q2",
        "imgsrc": "https://i.imgflip.com/6250q2.jpg",
        "noisy": false,
        "tags": [
            "cuphead flower"
        ],
        "Meme Title": "G O O D N A M E",
        "filename": "6250q2.jpg"
    },
    {
        "href": "https://imgflip.com/i/6cweg0",
        "imgsrc": "https://i.imgflip.com/6cweg0.jpg",
        "noisy": false,
        "tags": [
            "cuphead flower"
        ],
        "Meme Title": "Cuphead Flower",
        "filename": "6cweg0.jpg"
    },
    {
        "href": "https://imgflip.com/i/5plqnt",
        "imgsrc": "https://i.imgflip.com/5plqnt.jpg",
        "noisy": false,
        "tags": [
            "cuphead flower",
            "memes",
            "karens"
        ],
        "Meme Title": "Karen I think your braincells fell out your head.",
        "filename": "5plqnt.jpg"
    },
    {
        "href": "https://imgflip.com/i/4t6w1o",
        "imgsrc": "https://i.imgflip.com/4t6w1o.jpg",
        "noisy": false,
        "tags": [
            "cuphead flower"
        ],
        "Meme Title": "Cuphead Flower",
        "filename": "4t6w1o.jpg"
    },
    {
        "href": "https://imgflip.com/i/5ujacs",
        "imgsrc": "https://i.imgflip.com/5ujacs.jpg",
        "noisy": false,
        "tags": [
            "cuphead flower",
            "relatable",
            "close call",
            "parents",
            "barney will eat all of your delectable biscuits"
        ],
        "Meme Title": "My teacher Almost caught me making this while I was supposed to be coding lol",
        "filename": "5ujacs.jpg"
    },
    {
        "href": "https://imgflip.com/i/5jp1uq",
        "imgsrc": "https://i.imgflip.com/5jp1uq.jpg",
        "noisy": false,
        "tags": [
            "cuphead flower"
        ],
        "Meme Title": "Cuphead Flower",
        "filename": "5jp1uq.jpg"
    },
    {
        "href": "https://imgflip.com/i/5evk9j",
        "imgsrc": "https://i.imgflip.com/5evk9j.jpg",
        "noisy": false,
        "tags": [
            "cuphead flower",
            "dad",
            "video games"
        ],
        "Meme Title": "EVERY TIME",
        "filename": "5evk9j.jpg"
    },
    {
        "href": "https://imgflip.com/i/65oh3y",
        "imgsrc": "https://i.imgflip.com/65oh3y.jpg",
        "noisy": false,
        "tags": [
            "cuphead flower"
        ],
        "Meme Title": "xd",
        "filename": "65oh3y.jpg"
    },
    {
        "href": "https://imgflip.com/i/57bjsw",
        "imgsrc": "https://i.imgflip.com/57bjsw.jpg",
        "noisy": false,
        "tags": [
            "cuphead flower",
            "memes",
            "cuphead"
        ],
        "Meme Title": "bruh",
        "filename": "57bjsw.jpg"
    },
    {
        "href": "https://imgflip.com/i/59m83b",
        "imgsrc": "https://i.imgflip.com/59m83b.jpg",
        "noisy": false,
        "tags": [
            "cuphead flower"
        ],
        "Meme Title": "Cuphead Flower",
        "filename": "59m83b.jpg"
    },
    {
        "href": "https://imgflip.com/i/6fduo9",
        "imgsrc": "https://i.imgflip.com/6fduo9.jpg",
        "noisy": false,
        "tags": [
            "cuphead flower"
        ],
        "Meme Title": "double standard",
        "filename": "6fduo9.jpg"
    },
    {
        "href": "https://imgflip.com/i/6wmxwy",
        "imgsrc": "https://i.imgflip.com/6wmxwy.jpg",
        "noisy": false,
        "tags": [
            "cuphead flower"
        ],
        "Meme Title": "why",
        "filename": "6wmxwy.jpg"
    },
    {
        "href": "https://imgflip.com/i/53yxs5",
        "imgsrc": "https://i.imgflip.com/53yxs5.jpg",
        "noisy": false,
        "tags": [
            "cuphead flower"
        ],
        "Meme Title": "Cuphead Flower",
        "filename": "53yxs5.jpg"
    },
    {
        "href": "https://imgflip.com/i/47a2gc",
        "imgsrc": "https://i.imgflip.com/47a2gc.jpg",
        "noisy": false,
        "tags": [
            "cuphead flower",
            "chef gordon ramsay",
            "dank memes",
            "memes",
            "gordon ramsey"
        ],
        "Meme Title": "Gordon Ramsay in a nutshell",
        "filename": "47a2gc.jpg"
    },
    {
        "href": "https://imgflip.com/i/582ak1",
        "imgsrc": "https://i.imgflip.com/582ak1.jpg",
        "noisy": false,
        "tags": [
            "cuphead flower"
        ],
        "Meme Title": "Cuphead Flower",
        "filename": "582ak1.jpg"
    },
    {
        "href": "https://imgflip.com/i/5hiitb",
        "imgsrc": "https://i.imgflip.com/5hiitb.jpg",
        "noisy": false,
        "tags": [
            "cuphead flower"
        ],
        "Meme Title": "This says a lot about society",
        "filename": "5hiitb.jpg"
    },
    {
        "href": "https://imgflip.com/i/4w8cub",
        "imgsrc": "https://i.imgflip.com/4w8cub.jpg",
        "noisy": false,
        "tags": [
            "cuphead flower",
            "gamer",
            "i ran out of ideas",
            "deja vu",
            "memes",
            "funny"
        ],
        "Meme Title": "Gamer logic.",
        "filename": "4w8cub.jpg"
    },
    {
        "href": "https://imgflip.com/i/6hc6j0",
        "imgsrc": "https://i.imgflip.com/6hc6j0.jpg",
        "noisy": false,
        "tags": [
            "cuphead flower"
        ],
        "Meme Title": "Cuphead Flower",
        "filename": "6hc6j0.jpg"
    },
    {
        "href": "https://imgflip.com/i/4yzjjy",
        "imgsrc": "https://i.imgflip.com/4yzjjy.jpg",
        "noisy": false,
        "tags": [
            "cuphead flower"
        ],
        "Meme Title": "you can relate to this",
        "filename": "4yzjjy.jpg"
    },
    {
        "href": "https://imgflip.com/i/645rjf",
        "imgsrc": "https://i.imgflip.com/645rjf.jpg",
        "noisy": false,
        "tags": [
            "cuphead flower",
            "dad"
        ],
        "Meme Title": "No title",
        "filename": "645rjf.jpg"
    },
    {
        "href": "https://imgflip.com/i/5rbl2i",
        "imgsrc": "https://i.imgflip.com/5rbl2i.jpg",
        "noisy": false,
        "tags": [
            "cuphead flower"
        ],
        "Meme Title": "It really do be like that",
        "filename": "5rbl2i.jpg"
    },
    {
        "href": "https://imgflip.com/i/5wivpi",
        "imgsrc": "https://i.imgflip.com/5wivpi.jpg",
        "noisy": false,
        "tags": [
            "cuphead flower",
            "memes",
            "funny",
            "school",
            "time",
            "trending"
        ],
        "Meme Title": "school meme",
        "filename": "5wivpi.jpg"
    },
    {
        "href": "https://imgflip.com/i/5ss1zt",
        "imgsrc": "https://i.imgflip.com/5ss1zt.jpg",
        "noisy": false,
        "tags": [
            "cuphead flower"
        ],
        "Meme Title": "Blame Squid Game and BTS",
        "filename": "5ss1zt.jpg"
    },
    {
        "href": "https://imgflip.com/i/5sd1gk",
        "imgsrc": "https://i.imgflip.com/5sd1gk.jpg",
        "noisy": false,
        "tags": [
            "cuphead flower"
        ],
        "Meme Title": "Does this happen to you, too?",
        "filename": "5sd1gk.jpg"
    },
    {
        "href": "https://imgflip.com/i/516eo4",
        "imgsrc": "https://i.imgflip.com/516eo4.jpg",
        "noisy": false,
        "tags": [
            "cuphead flower"
        ],
        "Meme Title": "interesting title",
        "filename": "516eo4.jpg"
    },
    {
        "href": "https://imgflip.com/i/4tp05d",
        "imgsrc": "https://i.imgflip.com/4tp05d.jpg",
        "noisy": false,
        "tags": [
            "cuphead flower"
        ],
        "Meme Title": "Cuphead Flower",
        "filename": "4tp05d.jpg"
    },
    {
        "href": "https://imgflip.com/i/42lffp",
        "imgsrc": "https://i.imgflip.com/42lffp.jpg",
        "noisy": false,
        "tags": [
            "cuphead flower"
        ],
        "Meme Title": "Cuphead Flower",
        "filename": "42lffp.jpg"
    },
    {
        "href": "https://imgflip.com/i/4bwnyf",
        "imgsrc": "https://i.imgflip.com/4bwnyf.jpg",
        "noisy": false,
        "tags": [
            "cuphead flower"
        ],
        "Meme Title": "Cuphead Flower",
        "filename": "4bwnyf.jpg"
    },
    {
        "href": "https://imgflip.com/i/5nthd0",
        "imgsrc": "https://i.imgflip.com/5nthd0.jpg",
        "noisy": false,
        "tags": [
            "cuphead flower"
        ],
        "Meme Title": "Cuphead Flower",
        "filename": "5nthd0.jpg"
    },
    {
        "href": "https://imgflip.com/i/5fh6tf",
        "imgsrc": "https://i.imgflip.com/5fh6tf.jpg",
        "noisy": false,
        "tags": [
            "cuphead flower"
        ],
        "Meme Title": "Cuphead Flower",
        "filename": "5fh6tf.jpg"
    },
    {
        "href": "https://imgflip.com/i/6d3c4b",
        "imgsrc": "https://i.imgflip.com/6d3c4b.jpg",
        "noisy": false,
        "tags": [
            "cuphead flower"
        ],
        "Meme Title": "Cuphead Flower",
        "filename": "6d3c4b.jpg"
    },
    {
        "href": "https://imgflip.com/i/5f2hnw",
        "imgsrc": "https://i.imgflip.com/5f2hnw.jpg",
        "noisy": false,
        "tags": [
            "cuphead flower"
        ],
        "Meme Title": "Cuphead Flower",
        "filename": "5f2hnw.jpg"
    },
    {
        "href": "https://imgflip.com/i/3n98m8",
        "imgsrc": "https://i.imgflip.com/3n98m8.jpg",
        "noisy": false,
        "tags": [
            "cuphead flower"
        ],
        "Meme Title": "Cuphead Flower",
        "filename": "3n98m8.jpg"
    },
    {
        "href": "https://imgflip.com/i/4emv44",
        "imgsrc": "https://i.imgflip.com/4emv44.jpg",
        "noisy": false,
        "tags": [
            "cuphead flower"
        ],
        "Meme Title": "Cuphead Flower",
        "filename": "4emv44.jpg"
    },
    {
        "href": "https://imgflip.com/i/5ojvxq",
        "imgsrc": "https://i.imgflip.com/5ojvxq.jpg",
        "noisy": false,
        "tags": [
            "cuphead flower"
        ],
        "Meme Title": "So true",
        "filename": "5ojvxq.jpg"
    },
    {
        "href": "https://imgflip.com/i/4eabxw",
        "imgsrc": "https://i.imgflip.com/4eabxw.jpg",
        "noisy": false,
        "tags": [
            "cuphead flower"
        ],
        "Meme Title": "Cuphead Flower",
        "filename": "4eabxw.jpg"
    },
    {
        "href": "https://imgflip.com/i/4p3fum",
        "imgsrc": "https://i.imgflip.com/4p3fum.jpg",
        "noisy": false,
        "tags": [
            "cuphead flower"
        ],
        "Meme Title": "I would say we all do it - but my memes don't get popular. :sad imgflip noises:",
        "filename": "4p3fum.jpg"
    },
    {
        "href": "https://imgflip.com/i/415udy",
        "imgsrc": "https://i.imgflip.com/415udy.jpg",
        "noisy": false,
        "tags": [
            "cuphead flower",
            "school",
            "memes",
            "funny",
            "online school"
        ],
        "Meme Title": "Online school is bad",
        "filename": "415udy.jpg"
    },
    {
        "href": "https://imgflip.com/i/4ylz72",
        "imgsrc": "https://i.imgflip.com/4ylz72.jpg",
        "noisy": false,
        "tags": [
            "cuphead flower"
        ],
        "Meme Title": "Cuphead Flower",
        "filename": "4ylz72.jpg"
    },
    {
        "href": "https://imgflip.com/i/501902",
        "imgsrc": "https://i.imgflip.com/501902.jpg",
        "noisy": false,
        "tags": [
            "cuphead flower"
        ],
        "Meme Title": "Cuphead Flower",
        "filename": "501902.jpg"
    },
    {
        "href": "https://imgflip.com/i/4ov5we",
        "imgsrc": "https://i.imgflip.com/4ov5we.jpg",
        "noisy": false,
        "tags": [
            "cuphead flower"
        ],
        "Meme Title": "Cuphead Flower",
        "filename": "4ov5we.jpg"
    },
    {
        "href": "https://imgflip.com/i/46ve6x",
        "imgsrc": "https://i.imgflip.com/46ve6x.jpg",
        "noisy": false,
        "tags": [
            "cuphead flower"
        ],
        "Meme Title": "Cuphead Flower",
        "filename": "46ve6x.jpg"
    },
    {
        "href": "https://imgflip.com/i/54cozo",
        "imgsrc": "https://i.imgflip.com/54cozo.jpg",
        "noisy": false,
        "tags": [
            "cuphead flower"
        ],
        "Meme Title": "Change my mind",
        "filename": "54cozo.jpg"
    },
    {
        "href": "https://imgflip.com/i/4oapep",
        "imgsrc": "https://i.imgflip.com/4oapep.jpg",
        "noisy": false,
        "tags": [
            "cuphead flower"
        ],
        "Meme Title": "I met back sorry",
        "filename": "4oapep.jpg"
    },
    {
        "href": "https://imgflip.com/i/5bpqa7",
        "imgsrc": "https://i.imgflip.com/5bpqa7.jpg",
        "noisy": false,
        "tags": [
            "cuphead flower"
        ],
        "Meme Title": "Search History",
        "filename": "5bpqa7.jpg"
    },
    {
        "href": "https://imgflip.com/i/4q8b99",
        "imgsrc": "https://i.imgflip.com/4q8b99.jpg",
        "noisy": false,
        "tags": [
            "cuphead flower"
        ],
        "Meme Title": "Cuphead Flower",
        "filename": "4q8b99.jpg"
    },
    {
        "href": "https://imgflip.com/i/43sgbg",
        "imgsrc": "https://i.imgflip.com/43sgbg.jpg",
        "noisy": false,
        "tags": [
            "cuphead flower"
        ],
        "Meme Title": "Hypocrisy, my name is Activision",
        "filename": "43sgbg.jpg"
    },
    {
        "href": "https://imgflip.com/i/51rm7w",
        "imgsrc": "https://i.imgflip.com/51rm7w.jpg",
        "noisy": false,
        "tags": [
            "cuphead flower"
        ],
        "Meme Title": "Cuphead Flower",
        "filename": "51rm7w.jpg"
    },
    {
        "href": "https://imgflip.com/i/5oypxr",
        "imgsrc": "https://i.imgflip.com/5oypxr.jpg",
        "noisy": false,
        "tags": [
            "cuphead flower"
        ],
        "Meme Title": "yoU seXISt",
        "filename": "5oypxr.jpg"
    },
    {
        "href": "https://imgflip.com/i/4qrraq",
        "imgsrc": "https://i.imgflip.com/4qrraq.jpg",
        "noisy": false,
        "tags": [
            "cuphead flower"
        ],
        "Meme Title": "yea pretty much",
        "filename": "4qrraq.jpg"
    },
    {
        "href": "https://imgflip.com/i/50wt8i",
        "imgsrc": "https://i.imgflip.com/50wt8i.jpg",
        "noisy": false,
        "tags": [
            "cuphead flower"
        ],
        "Meme Title": "Cuphead Flower",
        "filename": "50wt8i.jpg"
    },
    {
        "href": "https://imgflip.com/i/56lxuc",
        "imgsrc": "https://i.imgflip.com/56lxuc.jpg",
        "noisy": false,
        "tags": [
            "cuphead flower",
            "insane",
            "cute"
        ],
        "Meme Title": "Cuphead Flower",
        "filename": "56lxuc.jpg"
    },
    {
        "href": "https://imgflip.com/i/49akf2",
        "imgsrc": "https://i.imgflip.com/49akf2.jpg",
        "noisy": false,
        "tags": [
            "cuphead flower",
            "cuphead",
            "haha"
        ],
        "Meme Title": "Cuphead Flower",
        "filename": "49akf2.jpg"
    },
    {
        "href": "https://imgflip.com/i/505kwy",
        "imgsrc": "https://i.imgflip.com/505kwy.jpg",
        "noisy": false,
        "tags": [
            "cuphead flower",
            "twitter"
        ],
        "Meme Title": "sad but true",
        "filename": "505kwy.jpg"
    },
    {
        "href": "https://imgflip.com/i/4yalak",
        "imgsrc": "https://i.imgflip.com/4yalak.jpg",
        "noisy": false,
        "tags": [
            "cuphead flower",
            "relatable"
        ],
        "Meme Title": "Cuphead Flower",
        "filename": "4yalak.jpg"
    },
    {
        "href": "https://imgflip.com/i/46ja2u",
        "imgsrc": "https://i.imgflip.com/46ja2u.jpg",
        "noisy": false,
        "tags": [
            "cuphead flower"
        ],
        "Meme Title": "Cuphead Flower",
        "filename": "46ja2u.jpg"
    },
    {
        "href": "https://imgflip.com/i/44xeb8",
        "imgsrc": "https://i.imgflip.com/44xeb8.jpg",
        "noisy": false,
        "tags": [
            "cuphead flower"
        ],
        "Meme Title": "Parents...",
        "filename": "44xeb8.jpg"
    },
    {
        "href": "https://imgflip.com/i/4w6kcx",
        "imgsrc": "https://i.imgflip.com/4w6kcx.jpg",
        "noisy": false,
        "tags": [
            "cuphead flower",
            "ymca"
        ],
        "Meme Title": "true tho... YOUNG MAN WHY ARE YOU SO DOWN????! >:(",
        "filename": "4w6kcx.jpg"
    },
    {
        "href": "https://imgflip.com/i/5kww56",
        "imgsrc": "https://i.imgflip.com/5kww56.jpg",
        "noisy": false,
        "tags": [
            "cuphead flower"
        ],
        "Meme Title": "100% true",
        "filename": "5kww56.jpg"
    },
    {
        "href": "https://imgflip.com/i/62mrbj",
        "imgsrc": "https://i.imgflip.com/62mrbj.jpg",
        "noisy": false,
        "tags": [
            "cuphead flower",
            "teacher"
        ],
        "Meme Title": "Teachers be like:",
        "filename": "62mrbj.jpg"
    },
    {
        "href": "https://imgflip.com/i/486727",
        "imgsrc": "https://i.imgflip.com/486727.jpg",
        "noisy": false,
        "tags": [
            "cuphead flower"
        ],
        "Meme Title": "Cuphead Flower",
        "filename": "486727.jpg"
    },
    {
        "href": "https://imgflip.com/i/3ncmgu",
        "imgsrc": "https://i.imgflip.com/3ncmgu.jpg",
        "noisy": false,
        "tags": [
            "cuphead flower",
            "super smash bros"
        ],
        "Meme Title": "a mii fighter is better than the actual DLC character",
        "filename": "3ncmgu.jpg"
    },
    {
        "href": "https://imgflip.com/i/53rieg",
        "imgsrc": "https://i.imgflip.com/53rieg.jpg",
        "noisy": false,
        "tags": [
            "cuphead flower"
        ],
        "Meme Title": "Cuphead Flower",
        "filename": "53rieg.jpg"
    },
    {
        "href": "https://imgflip.com/i/4buz49",
        "imgsrc": "https://i.imgflip.com/4buz49.jpg",
        "noisy": false,
        "tags": [
            "cuphead flower"
        ],
        "Meme Title": "Teachers were born teachers, they were never students so they don't know our pain.",
        "filename": "4buz49.jpg"
    },
    {
        "href": "https://imgflip.com/i/413e9d",
        "imgsrc": "https://i.imgflip.com/413e9d.jpg",
        "noisy": false,
        "tags": [
            "cuphead flower"
        ],
        "Meme Title": "Cuphead Flower - My Sister",
        "filename": "413e9d.jpg"
    },
    {
        "href": "https://imgflip.com/i/40rmaf",
        "imgsrc": "https://i.imgflip.com/40rmaf.jpg",
        "noisy": false,
        "tags": [
            "cuphead flower"
        ],
        "Meme Title": "Cuphead Flower",
        "filename": "40rmaf.jpg"
    },
    {
        "href": "https://imgflip.com/i/496pis",
        "imgsrc": "https://i.imgflip.com/496pis.jpg",
        "noisy": false,
        "tags": [
            "cuphead flower",
            "memes",
            "funny",
            "ww2",
            "uk"
        ],
        "Meme Title": "Whoops",
        "filename": "496pis.jpg"
    },
    {
        "href": "https://imgflip.com/i/5e2asb",
        "imgsrc": "https://i.imgflip.com/5e2asb.jpg",
        "noisy": false,
        "tags": [
            "cuphead flower"
        ],
        "Meme Title": "relateable",
        "filename": "5e2asb.jpg"
    },
    {
        "href": "https://imgflip.com/i/46hmrh",
        "imgsrc": "https://i.imgflip.com/46hmrh.jpg",
        "noisy": false,
        "tags": [
            "cuphead flower"
        ],
        "Meme Title": "Cuphead Flower",
        "filename": "46hmrh.jpg"
    },
    {
        "href": "https://imgflip.com/i/3nzgqb",
        "imgsrc": "https://i.imgflip.com/3nzgqb.jpg",
        "noisy": false,
        "tags": [
            "cuphead flower"
        ],
        "Meme Title": "Cuphead Flower",
        "filename": "3nzgqb.jpg"
    },
    {
        "href": "https://imgflip.com/i/4tw87v",
        "imgsrc": "https://i.imgflip.com/4tw87v.jpg",
        "noisy": false,
        "tags": [
            "cuphead flower"
        ],
        "Meme Title": "Cuphead Flower",
        "filename": "4tw87v.jpg"
    },
    {
        "href": "https://imgflip.com/i/4222hh",
        "imgsrc": "https://i.imgflip.com/4222hh.jpg",
        "noisy": false,
        "tags": [
            "cuphead flower"
        ],
        "Meme Title": "Cuphead Flower",
        "filename": "4222hh.jpg"
    },
    {
        "href": "https://imgflip.com/i/59v11s",
        "imgsrc": "https://i.imgflip.com/59v11s.jpg",
        "noisy": false,
        "tags": [
            "cuphead flower"
        ],
        "Meme Title": "Cuphead Flower",
        "filename": "59v11s.jpg"
    },
    {
        "href": "https://imgflip.com/i/417lyq",
        "imgsrc": "https://i.imgflip.com/417lyq.jpg",
        "noisy": false,
        "tags": [
            "cuphead flower"
        ],
        "Meme Title": "Cuphead Flower",
        "filename": "417lyq.jpg"
    },
    {
        "href": "https://imgflip.com/i/3n9aap",
        "imgsrc": "https://i.imgflip.com/3n9aap.jpg",
        "noisy": false,
        "tags": [
            "cuphead flower"
        ],
        "Meme Title": "Cuphead Flower",
        "filename": "3n9aap.jpg"
    },
    {
        "href": "https://imgflip.com/i/58royd",
        "imgsrc": "https://i.imgflip.com/58royd.jpg",
        "noisy": false,
        "tags": [
            "cuphead flower"
        ],
        "Meme Title": "THE TEACHER B SCREAMIN'",
        "filename": "58royd.jpg"
    },
    {
        "href": "https://imgflip.com/i/3y1qlj",
        "imgsrc": "https://i.imgflip.com/3y1qlj.jpg",
        "noisy": false,
        "tags": [
            "cuphead flower"
        ],
        "Meme Title": "Cuphead Flower",
        "filename": "3y1qlj.jpg"
    },
    {
        "href": "https://imgflip.com/i/3nbop2",
        "imgsrc": "https://i.imgflip.com/3nbop2.jpg",
        "noisy": false,
        "tags": [
            "cuphead flower"
        ],
        "Meme Title": "Cuphead Flower",
        "filename": "3nbop2.jpg"
    },
    {
        "href": "https://imgflip.com/i/4kifke",
        "imgsrc": "https://i.imgflip.com/4kifke.jpg",
        "noisy": false,
        "tags": [
            "cuphead flower"
        ],
        "Meme Title": "Cuphead Flower",
        "filename": "4kifke.jpg"
    },
    {
        "href": "https://imgflip.com/i/4w8ktt",
        "imgsrc": "https://i.imgflip.com/4w8ktt.jpg",
        "noisy": false,
        "tags": [
            "cuphead flower"
        ],
        "Meme Title": "Cuphead Flower",
        "filename": "4w8ktt.jpg"
    },
    {
        "href": "https://imgflip.com/i/3k9md4",
        "imgsrc": "https://i.imgflip.com/3k9md4.jpg",
        "noisy": false,
        "tags": [
            "cuphead flower"
        ],
        "Meme Title": "Cuphead Flower",
        "filename": "3k9md4.jpg"
    },
    {
        "href": "https://imgflip.com/i/46n6ly",
        "imgsrc": "https://i.imgflip.com/46n6ly.jpg",
        "noisy": false,
        "tags": [
            "cuphead flower"
        ],
        "Meme Title": "Cuphead Flower",
        "filename": "46n6ly.jpg"
    },
    {
        "href": "https://imgflip.com/i/51uitp",
        "imgsrc": "https://i.imgflip.com/51uitp.jpg",
        "noisy": false,
        "tags": [
            "cuphead flower"
        ],
        "Meme Title": "Pandemic End",
        "filename": "51uitp.jpg"
    },
    {
        "href": "https://imgflip.com/i/42ff2g",
        "imgsrc": "https://i.imgflip.com/42ff2g.jpg",
        "noisy": false,
        "tags": [
            "cuphead flower"
        ],
        "Meme Title": "Cuphead Flower",
        "filename": "42ff2g.jpg"
    },
    {
        "href": "https://imgflip.com/i/41gqba",
        "imgsrc": "https://i.imgflip.com/41gqba.jpg",
        "noisy": false,
        "tags": [
            "cuphead flower"
        ],
        "Meme Title": "Cuphead Flower",
        "filename": "41gqba.jpg"
    },
    {
        "href": "https://imgflip.com/i/40dnzf",
        "imgsrc": "https://i.imgflip.com/40dnzf.jpg",
        "noisy": false,
        "tags": [
            "cuphead flower"
        ],
        "Meme Title": "Cuphead Flower",
        "filename": "40dnzf.jpg"
    },
    {
        "href": "https://imgflip.com/i/3xoa8r",
        "imgsrc": "https://i.imgflip.com/3xoa8r.jpg",
        "noisy": false,
        "tags": [
            "cuphead flower"
        ],
        "Meme Title": "Cuphead Flower",
        "filename": "3xoa8r.jpg"
    },
    {
        "href": "https://imgflip.com/i/4xho7i",
        "imgsrc": "https://i.imgflip.com/4xho7i.jpg",
        "noisy": false,
        "tags": [
            "cuphead flower"
        ],
        "Meme Title": "Cuphead Flower",
        "filename": "4xho7i.jpg"
    },
    {
        "href": "https://imgflip.com/i/41e8vh",
        "imgsrc": "https://i.imgflip.com/41e8vh.jpg",
        "noisy": false,
        "tags": [
            "cuphead flower"
        ],
        "Meme Title": "Ordering games be like:",
        "filename": "41e8vh.jpg"
    },
    {
        "href": "https://imgflip.com/i/4wjbff",
        "imgsrc": "https://i.imgflip.com/4wjbff.jpg",
        "noisy": false,
        "tags": [
            "cuphead flower"
        ],
        "Meme Title": "My life in a nutshell",
        "filename": "4wjbff.jpg"
    },
    {
        "href": "https://imgflip.com/i/3rmatv",
        "imgsrc": "https://i.imgflip.com/3rmatv.jpg",
        "noisy": false,
        "tags": [
            "cuphead flower"
        ],
        "Meme Title": "Cuphead Flower",
        "filename": "3rmatv.jpg"
    },
    {
        "href": "https://imgflip.com/i/4nyj8a",
        "imgsrc": "https://i.imgflip.com/4nyj8a.jpg",
        "noisy": false,
        "tags": [
            "cuphead flower"
        ],
        "Meme Title": "Cuphead Flower",
        "filename": "4nyj8a.jpg"
    },
    {
        "href": "https://imgflip.com/i/6ffido",
        "imgsrc": "https://i.imgflip.com/6ffido.jpg",
        "noisy": false,
        "tags": [
            "cuphead flower"
        ],
        "Meme Title": "Yes",
        "filename": "6ffido.jpg"
    },
    {
        "href": "https://imgflip.com/i/47ojzf",
        "imgsrc": "https://i.imgflip.com/47ojzf.jpg",
        "noisy": false,
        "tags": [
            "cuphead flower"
        ],
        "Meme Title": "Cuphead Flower",
        "filename": "47ojzf.jpg"
    },
    {
        "href": "https://imgflip.com/i/43r6kd",
        "imgsrc": "https://i.imgflip.com/43r6kd.jpg",
        "noisy": false,
        "tags": [
            "cuphead flower"
        ],
        "Meme Title": "Meme War Wave #2",
        "filename": "43r6kd.jpg"
    },
    {
        "href": "https://imgflip.com/i/41th3e",
        "imgsrc": "https://i.imgflip.com/41th3e.jpg",
        "noisy": false,
        "tags": [
            "cuphead flower"
        ],
        "Meme Title": "Flower saving",
        "filename": "41th3e.jpg"
    },
    {
        "href": "https://imgflip.com/i/410y9w",
        "imgsrc": "https://i.imgflip.com/410y9w.jpg",
        "noisy": false,
        "tags": [
            "cuphead flower"
        ],
        "Meme Title": "Cuphead Flower",
        "filename": "410y9w.jpg"
    },
    {
        "href": "https://imgflip.com/i/3l63xq",
        "imgsrc": "https://i.imgflip.com/3l63xq.jpg",
        "noisy": false,
        "tags": [
            "cuphead flower"
        ],
        "Meme Title": "Cuphead Flower",
        "filename": "3l63xq.jpg"
    },
    {
        "href": "https://imgflip.com/i/3w6d0f",
        "imgsrc": "https://i.imgflip.com/3w6d0f.jpg",
        "noisy": false,
        "tags": [
            "cuphead flower"
        ],
        "Meme Title": "Cuphead Flower",
        "filename": "3w6d0f.jpg"
    },
    {
        "href": "https://imgflip.com/i/4zqkfw",
        "imgsrc": "https://i.imgflip.com/4zqkfw.jpg",
        "noisy": false,
        "tags": [
            "cuphead flower"
        ],
        "Meme Title": "Cuphead Flower",
        "filename": "4zqkfw.jpg"
    },
    {
        "href": "https://imgflip.com/i/3yb7gi",
        "imgsrc": "https://i.imgflip.com/3yb7gi.jpg",
        "noisy": false,
        "tags": [
            "cuphead flower"
        ],
        "Meme Title": "Cuphead Flower",
        "filename": "3yb7gi.jpg"
    },
    {
        "href": "https://imgflip.com/i/3sd1r0",
        "imgsrc": "https://i.imgflip.com/3sd1r0.jpg",
        "noisy": false,
        "tags": [
            "cuphead flower"
        ],
        "Meme Title": "Cuphead Flower",
        "filename": "3sd1r0.jpg"
    },
    {
        "href": "https://imgflip.com/i/4g26ge",
        "imgsrc": "https://i.imgflip.com/4g26ge.jpg",
        "noisy": false,
        "tags": [
            "cuphead flower"
        ],
        "Meme Title": "Cuphead Flower",
        "filename": "4g26ge.jpg"
    },
    {
        "href": "https://imgflip.com/i/41l1io",
        "imgsrc": "https://i.imgflip.com/41l1io.jpg",
        "noisy": false,
        "tags": [
            "cuphead flower"
        ],
        "Meme Title": "Cuphead Flower",
        "filename": "41l1io.jpg"
    },
    {
        "href": "https://imgflip.com/i/6mxyz5",
        "imgsrc": "https://i.imgflip.com/6mxyz5.jpg",
        "noisy": false,
        "tags": [
            "cuphead flower"
        ],
        "Meme Title": "Cuphead Flower",
        "filename": "6mxyz5.jpg"
    },
    {
        "href": "https://imgflip.com/i/5tqkgb",
        "imgsrc": "https://i.imgflip.com/5tqkgb.jpg",
        "noisy": false,
        "tags": [
            "cuphead flower",
            "hypocrite"
        ],
        "Meme Title": "Parents are hypocrites.",
        "filename": "5tqkgb.jpg"
    },
    {
        "href": "https://imgflip.com/i/79lmqs",
        "imgsrc": "https://i.imgflip.com/79lmqs.jpg",
        "noisy": false,
        "tags": [
            "cuphead flower"
        ],
        "Meme Title": "Cuphead Flower",
        "filename": "79lmqs.jpg"
    },
    {
        "href": "https://imgflip.com/i/76x9my",
        "imgsrc": "https://i.imgflip.com/76x9my.jpg",
        "noisy": false,
        "tags": [
            "cuphead flower"
        ],
        "Meme Title": "Lights am I right",
        "filename": "76x9my.jpg"
    },
    {
        "href": "https://imgflip.com/i/6kbuk1",
        "imgsrc": "https://i.imgflip.com/6kbuk1.jpg",
        "noisy": false,
        "tags": [
            "cuphead flower",
            "mr incredible becoming uncanny",
            "mr incredible",
            "rant"
        ],
        "Meme Title": "Mr Incredible Becoming Uncanny rants be like",
        "filename": "6kbuk1.jpg"
    },
    {
        "href": "https://imgflip.com/i/6cp3if",
        "imgsrc": "https://i.imgflip.com/6cp3if.jpg",
        "noisy": false,
        "tags": [
            "cuphead flower"
        ],
        "Meme Title": "Cuphead Flower",
        "filename": "6cp3if.jpg"
    },
    {
        "href": "https://imgflip.com/i/6cjirp",
        "imgsrc": "https://i.imgflip.com/6cjirp.jpg",
        "noisy": false,
        "tags": [
            "cuphead flower",
            "memes",
            "chile",
            "kazakhstan",
            "so true memes",
            "stop reading the tags"
        ],
        "Meme Title": "I'd rather live in Chile than in Kazakhstan because Chile has great singers and good football teams unlike Kazakhstan",
        "filename": "6cjirp.jpg"
    },
    {
        "href": "https://imgflip.com/i/66jjnr",
        "imgsrc": "https://i.imgflip.com/66jjnr.jpg",
        "noisy": false,
        "tags": [
            "cuphead flower"
        ],
        "Meme Title": "Cuphead Flower",
        "filename": "66jjnr.jpg"
    },
    {
        "href": "https://imgflip.com/i/64wv9t",
        "imgsrc": "https://i.imgflip.com/64wv9t.jpg",
        "noisy": false,
        "tags": [
            "cuphead flower"
        ],
        "Meme Title": "Diary Of a Wimpy Kid meme",
        "filename": "64wv9t.jpg"
    },
    {
        "href": "https://imgflip.com/i/6224sm",
        "imgsrc": "https://i.imgflip.com/6224sm.jpg",
        "noisy": false,
        "tags": [
            "cuphead flower",
            "why must you hurt me in this way",
            "why me",
            "teachers",
            "luna_the_dragon",
            "relatable"
        ],
        "Meme Title": "Bruh this happened to me today. Why must you do this to me :'(",
        "filename": "6224sm.jpg"
    },
    {
        "href": "https://imgflip.com/i/5lg0sb",
        "imgsrc": "https://i.imgflip.com/5lg0sb.jpg",
        "noisy": false,
        "tags": [
            "cuphead flower"
        ],
        "Meme Title": "Cuphead Flower",
        "filename": "5lg0sb.jpg"
    }
]